"Great_MoveSet","ID","Evo_Fam","Evo_Next","Pokemon","Family","Shadow","Little_Rank","Great_Rank","Ultra_Rank","Master_Rank","Little_IVs","Great_IVs","Ultra_IVs","Master_IVs","Little_Level","Great_Level","Ultra_Level","Master_Level","Little_CP","Great_CP","Ultra_CP","Master_CP","Little_MoveSet","Ultra_MoveSet","Master_MoveSet"
"Vine Whip, Power Whip, Sludge Bomb","2","1;2;3","2;3","Ivysaur","Bulbasaur","FALSE",,"403",,,,"0/13/14",,,,"38.5",,,,"1493",,,,,
"Vine Whip, Power Whip, Sludge Bomb","2","1;2;3","2;3","Ivysaur (Shadow)","Bulbasaur","TRUE",,"443",,,,"0/13/14",,,,"38.5",,,,"1497",,,,,
"Vine Whip, Frenzy Plant, Sludge Bomb","3","1;2;3","3","Venusaur","Bulbasaur","FALSE",,"344",,,,"0/14/11",,,,"21",,,,"1496",,,,,
"Vine Whip, Frenzy Plant, Sludge Bomb","3","1;2;3","3","Venusaur (Shadow)","Bulbasaur","TRUE",,"398",,,,"0/14/11",,,,"21",,,,"1496",,,,,
"Fire Fang, Fire Punch, Flamethrower","5","4;5;6","5;6","Charmeleon (Shadow)","Charmander","TRUE",,"390",,,,"0/13/15",,,,"40",,,,"1496",,,,,
"Fire Spin, Blast Burn, Dragon Claw","6","4;5;6","6","Charizard","Charmander","FALSE",,"157",,,,"0/15/13",,,,"19.5",,,,"1488",,,,,
"Fire Spin, Blast Burn, Dragon Claw","6","4;5;6","6","Charizard (Shadow)","Charmander","TRUE",,"123",,,,"0/15/13",,,,"19.5",,,,"1488",,,,,
"Water Gun, Aqua Jet, Ice Beam","8","7;8;9","8;9","Wartortle","Squirtle","FALSE",,"284",,,,"0/14/15",,,,"50",,,,"1496",,,,,
"Water Gun, Aqua Jet, Ice Beam","8","7;8;9","8;9","Wartortle (Shadow)","Squirtle","TRUE",,"372",,,,"0/14/15",,,,"50",,,,"1496",,,,,
"Rollout, Hydro Cannon, Skull Bash","9","7;8;9","9","Blastoise","Squirtle","FALSE",,"81",,,,"1/15/15",,,,"23",,,,"1492",,,,,
"Rollout, Hydro Cannon, Skull Bash","9","7;8;9","9","Blastoise (Shadow)","Squirtle","TRUE",,"152",,,,"1/15/15",,,,"23",,,,"1492",,,,,
"Poison Jab, X-Scissor, Drill Run","15","13;14;15","15","Beedrill","Weedle","FALSE",,"361",,,,"0/13/14",,,,"32.5",,,,"1494",,,,,
"Poison Jab, X-Scissor, Drill Run","15","13;14;15","15","Beedrill (Shadow)","Weedle","TRUE",,"375",,,,"0/13/14",,,,"32.5",,,,"1494",,,,,
"Gust, Feather Dance, Brave Bird","18","16;17;18","18","Pidgeot","Pidgey","FALSE",,"117",,,,"0/14/14",,,,"27",,,,"1494",,,,,
"Gust, Brave Bird, Aerial Ace","18","16;17;18","18","Pidgeot (Shadow)","Pidgey","TRUE",,"197",,,,"0/14/14",,,,"27",,,,"1494",,,,,
"Thunder Shock, Wild Charge, Brick Break","26","25;26;172","26;172","Raichu","Pikachu","FALSE",,"167",,,,"0/15/14",,,,"26",,,,"1495",,,,,
"Thunder Shock, Wild Charge, Trailblaze","26","25;26;172","26;172","Raichu (Alolan)","Pikachu","FALSE",,"183",,,,"1/15/15",,,,"24.5",,,,"1499",,,,,
"Sand Attack, Rock Tomb, Dig","27","27;28","27;28","Sandshrew","Sandshrew","FALSE",,"422",,,,"15/15/15",,,,"50",,,,"1426",,,,,
"Sand Attack, Rock Tomb, Dig","27","27;28","27;28","Sandshrew (Shadow)","Sandshrew","TRUE",,"446",,,,"15/15/15",,,,"50",,,,"1426",,,,,
"Sand Attack, Rock Tomb, Night Slash","28","27;28","28","Sandslash","Sandshrew","FALSE",,"252",,,,"0/14/15",,,,"24",,,,"1493",,,,,
"Sand Attack, Rock Tomb, Night Slash","28","27;28","28","Sandslash (Shadow)","Sandshrew","TRUE",,"248",,,,"0/14/15",,,,"24",,,,"1493",,,,,
"Poison Sting, Poison Fang, Thunderbolt","30","29;30;31","30;31","Nidorina","Nidoran-f","FALSE",,"110",,,,"15/15/15",,,,"50",,,,"1480",,,,,
"Poison Sting, Poison Fang, Dig","30","29;30;31","30;31","Nidorina (Shadow)","Nidoran-f","TRUE",,"188",,,,"15/15/15",,,,"50",,,,"1480",,,,,
"Poison Jab, Earth Power, Poison Fang","31","29;30;31","31","Nidoqueen","Nidoran-f","FALSE",,"272",,,,"0/15/12",,,,"23",,,,"1499",,,,,
"Poison Jab, Earth Power, Poison Fang","31","29;30;31","31","Nidoqueen (Shadow)","Nidoran-f","TRUE",,"283",,,,"0/15/12",,,,"23",,,,"1499",,,,,
"Poison Sting, Sludge Bomb, Dig","33","32;33;34","33;34","Nidorino","Nidoran-m","FALSE",,"444",,,,"8/15/15",,,,"49.5",,,,"1500",,,,,
"Poison Sting, Sludge Bomb, Dig","33","32;33;34","33;34","Nidorino (Shadow)","Nidoran-m","TRUE",,"452",,,,"8/15/15",,,,"49.5",,,,"1500",,,,,
"Fire Spin, Weather Ball (Fire), Overheat","38","37;38","38","Ninetales","Vulpix","FALSE",,"121",,,,"0/15/15",,,,"25",,,,"1494",,,,,
"Fire Spin, Weather Ball (Fire), Overheat","38","37;38","38","Ninetales (Shadow)","Vulpix","TRUE",,"135",,,,"0/15/15",,,,"25",,,,"1494",,,,,
"Wing Attack, Poison Fang, Shadow Ball","42","41;42;169","42;169","Golbat","Zubat","FALSE",,"287",,,,"0/15/15",,,,"29",,,,"1498",,,,,
"Wing Attack, Poison Fang, Shadow Ball","42","41;42;169","42;169","Golbat (Shadow)","Zubat","TRUE",,"326",,,,"0/15/15",,,,"29",,,,"1498",,,,,
"Razor Leaf, Sludge Bomb, Moonblast","44","43;44;45","44;45","Gloom (Shadow)","Oddish","TRUE",,"291",,,,"0/12/14",,,,"39.5",,,,"1500",,,,,
"Razor Leaf, Sludge Bomb, Moonblast","45","43;44;45","45","Vileplume (Shadow)","Oddish","TRUE",,"286",,,,"0/15/14",,,,"22",,,,"1498",,,,,
"Psywave, Poison Fang, Bug Buzz","49","48;49","49","Venomoth","Venonat","FALSE",,"147",,,,"0/13/15",,,,"27.5",,,,"1499",,,,,
"Psywave, Poison Fang, Bug Buzz","49","48;49","49","Venomoth (Shadow)","Venonat","TRUE",,"101",,,,"0/13/15",,,,"27.5",,,,"1499",,,,,
"Mud Slap, Mud Bomb, Stone Edge","51","50;51","51","Dugtrio","Diglett","FALSE",,"369",,,,"0/14/15",,,,"44",,,,"1495",,,,,
"Mud Slap, Mud Bomb, Stone Edge","51","50;51","51","Dugtrio (Shadow)","Diglett","TRUE",,"330",,,,"0/14/15",,,,"44",,,,"1495",,,,,
"Water Gun, Cross Chop, Liquidation","55","54;55","55","Golduck","Psyduck","FALSE",,"408",,,,"0/10/14",,,,"23.5",,,,"1499",,,,,
"Water Gun, Cross Chop, Liquidation","55","54;55","55","Golduck (Shadow)","Psyduck","TRUE",,"377",,,,"0/10/14",,,,"23.5",,,,"1499",,,,,
"Karate Chop, Rage Fist, Close Combat","57","56;57;979","57;979","Primeape","Mankey","FALSE",,"3",,,,"1/15/14",,,,"24.5",,,,"1497",,,,,
"Karate Chop, Rage Fist, Close Combat","57","56;57;979","57;979","Primeape (Shadow)","Mankey","TRUE",,"1",,,,"1/15/14",,,,"24.5",,,,"1497",,,,,
"Fire Fang, Wild Charge, Psychic Fangs","59","58;59","59","Arcanine","Growlithe","FALSE",,"195",,,,"0/14/15",,,,"18.5",,,,"1497",,,,,
"Fire Fang, Wild Charge, Psychic Fangs","59","58;59","59","Arcanine (Shadow)","Growlithe","TRUE",,"185",,,,"0/14/15",,,,"18.5",,,,"1497",,,,,
"Bubble, Scald, Mud Bomb","61","60;61;62","61;62","Poliwhirl","Poliwag","FALSE",,"393",,,,"6/15/15",,,,"49.5",,,,"1500",,,,,
"Bubble, Scald, Mud Bomb","61","60;61;62","61;62","Poliwhirl (Shadow)","Poliwag","TRUE",,"433",,,,"6/15/15",,,,"49.5",,,,"1500",,,,,
"Counter, Scald, Icy Wind","62","60;61;62","62","Poliwrath","Poliwag","FALSE",,"241",,,,"0/14/15",,,,"22",,,,"1500",,,,,
"Counter, Scald, Icy Wind","62","60;61;62","62","Poliwrath (Shadow)","Poliwag","TRUE",,"278",,,,"0/14/15",,,,"22",,,,"1500",,,,,
"Karate Chop, Cross Chop, Return","66","66;67;68","66;67;68","Machop","Machop","FALSE",,"274",,,,"15/15/15",,,,"50",,,,"1445",,,,,
"Karate Chop, Cross Chop, Brick Break","66","66;67;68","66;67;68","Machop (Shadow)","Machop","TRUE",,"190",,,,"15/15/15",,,,"50",,,,"1445",,,,,
"Karate Chop, Cross Chop, Return","67","66;67;68","67;68","Machoke","Machop","FALSE",,"213",,,,"0/15/14",,,,"28",,,,"1498",,,,,
"Karate Chop, Cross Chop, Dynamic Punch","67","66;67;68","67;68","Machoke (Shadow)","Machop","TRUE",,"12",,,,"0/15/14",,,,"28",,,,"1498",,,,,
"Karate Chop, Cross Chop, Stone Edge","68","66;67;68","68","Machamp","Machop","FALSE",,"34",,,,"0/14/11",,,,"18.5",,,,"1497",,,,,
"Karate Chop, Cross Chop, Stone Edge","68","66;67;68","68","Machamp (Shadow)","Machop","TRUE",,"14",,,,"0/14/11",,,,"18.5",,,,"1497",,,,,
"Magical Leaf, Leaf Blade, Sludge Bomb","71","69;70;71","71","Victreebel","Bellsprout","FALSE",,"259",,,,"1/15/15",,,,"23",,,,"1500",,,,,
"Magical Leaf, Leaf Blade, Acid Spray","71","69;70;71","71","Victreebel (Shadow)","Bellsprout","TRUE",,"309",,,,"1/15/15",,,,"23",,,,"1500",,,,,
"Poison Jab, Acid Spray, Scald","73","72;73","73","Tentacruel","Tentacool","FALSE",,"184",,,,"1/15/14",,,,"23.5",,,,"1496",,,,,
"Poison Jab, Acid Spray, Scald","73","72;73","73","Tentacruel (Shadow)","Tentacool","TRUE",,"233",,,,"1/15/14",,,,"23.5",,,,"1496",,,,,
"Volt Switch, Stone Edge, Rock Blast","75","74;75;76","75;76","Graveler (Alolan)","Geodude","FALSE",,"296",,,,"0/14/15",,,,"30.5",,,,"1500",,,,,
"Volt Switch, Stone Edge, Rock Blast","75","74;75;76","75;76","Graveler (Alolan) (Shadow)","Geodude","TRUE",,"264",,,,"0/14/15",,,,"30.5",,,,"1500",,,,,
"Mud Slap, Stone Edge, Rock Blast","76","74;75;76","76","Golem","Geodude","FALSE",,"366",,,,"1/14/15",,,,"19",,,,"1497",,,,,
"Rollout, Wild Charge, Rock Blast","76","74;75;76","76","Golem (Alolan)","Geodude","FALSE",,"260",,,,"1/14/15",,,,"19",,,,"1497",,,,,
"Rollout, Wild Charge, Rock Blast","76","74;75;76","76","Golem (Alolan) (Shadow)","Geodude","TRUE",,"251",,,,"1/14/15",,,,"19",,,,"1497",,,,,
"Mud Slap, Stone Edge, Rock Blast","76","74;75;76","76","Golem (Shadow)","Geodude","TRUE",,"319",,,,"1/14/15",,,,"19",,,,"1497",,,,,
"Incinerate, Flame Charge, Wild Charge","78","77;78","78","Rapidash","Ponyta","FALSE",,"315",,,,"0/13/15",,,,"23",,,,"1498",,,,,
"Poison Jab, Scald, Brutal Swing","80","79;80","80","Slowbro (Galarian)","Slowpoke","FALSE",,"193",,,,"0/14/11",,,,"23.5",,,,"1493",,,,,
"Fury Cutter, Leaf Blade, Aerial Ace","83","83;865","83;865","Farfetch'd","Farfetchd","FALSE",,"181",,,,"15/15/15",,,,"50",,,,"1397",,,,,
"Fury Cutter, Leaf Blade, Brave Bird","83","83;865","83;865","Farfetch'd (Galarian)","Farfetchd","FALSE",,"293",,,,"0/15/15",,,,"38",,,,"1494",,,,,
"Ice Shard, Icy Wind, Drill Run","87","86;87","87","Dewgong","Seel","FALSE",,"120",,,,"0/12/15",,,,"29.5",,,,"1500",,,,,
"Mud Slap, Sludge, Mud Bomb","88","88;89","88;89","Grimer","Grimer","FALSE",,"229",,,,"10/15/14",,,,"50",,,,"1493",,,,,
"Poison Jab, Sludge, Mud Bomb","88","88;89","88;89","Grimer (Shadow)","Grimer","TRUE",,"324",,,,"10/15/14",,,,"50",,,,"1500",,,,,
"Poison Jab, Thunder Punch, Dark Pulse","89","88;89","89","Muk","Grimer","FALSE",,"256",,,,"0/15/14",,,,"20.5",,,,"1497",,,,,
"Poison Jab, Thunder Punch, Dark Pulse","89","88;89","89","Muk (Shadow)","Grimer","TRUE",,"322",,,,"0/15/14",,,,"20.5",,,,"1497",,,,,
"Shadow Claw, Shadow Punch, Ice Punch","93","92;93;94","93;94","Haunter","Gastly","FALSE",,"143",,,,"1/15/14",,,,"28.5",,,,"1493",,,,,
"Shadow Claw, Ice Punch, Shadow Ball","93","92;93;94","93;94","Haunter (Shadow)","Gastly","TRUE",,"380",,,,"1/15/14",,,,"28.5",,,,"1493",,,,,
"Shadow Claw, Shadow Punch, Sludge Bomb","94","92;93;94","94","Gengar","Gastly","FALSE",,"89",,,,"0/13/13",,,,"19.5",,,,"1500",,,,,
"Shadow Claw, Shadow Punch, Sludge Bomb","94","92;93;94","94","Gengar (Shadow)","Gastly","TRUE",,"97",,,,"0/13/13",,,,"19.5",,,,"1500",,,,,
"Confusion, Shadow Ball, Thunder Punch","97","96;97","97","Hypno","Drowzee","FALSE",,"176",,,,"0/13/13",,,,"28",,,,"1499",,,,,
"Confusion, Thunder Punch, Fire Punch","97","96;97","97","Hypno (Shadow)","Drowzee","TRUE",,"221",,,,"0/13/13",,,,"28",,,,"1499",,,,,
"Thunder Shock, Wild Charge, Swift","101","100;101","101","Electrode (Hisuian)","Voltorb","FALSE",,"60",,,,"1/14/14",,,,"26.5",,,,"1495",,,,,
"Mud Slap, Bone Club, Dig","104","104;105","104;105","Cubone (Shadow)","Cubone","TRUE",,"402",,,,"15/15/15",,,,"50",,,,"1152",,,,,
"Mud Slap, Bone Club, Rock Slide","105","104;105","105","Marowak","Cubone","FALSE",,"72",,,,"0/14/14",,,,"33.5",,,,"1500",,,,,
"Fire Spin, Bone Club, Shadow Bone","105","104;105","105","Marowak (Alolan)","Cubone","FALSE",,"52",,,,"0/14/14",,,,"33.5",,,,"1500",,,,,
"Fire Spin, Shadow Bone, Bone Club","105","104;105","105","Marowak (Alolan) (Shadow)","Cubone","TRUE",,"42",,,,"0/14/14",,,,"33.5",,,,"1500",,,,,
"Mud Slap, Bone Club, Rock Slide","105","104;105","105","Marowak (Shadow)","Cubone","TRUE",,"69",,,,"0/14/14",,,,"33.5",,,,"1500",,,,,
"Double Kick, Close Combat, Blaze Kick","106","106;236","106;236","Hitmonlee","Hitmonlee","FALSE",,"441",,,,"2/15/15",,,,"21.5",,,,"1497",,,,,
"Double Kick, Close Combat, Blaze Kick","106","106;236","106;236","Hitmonlee (Shadow)","Hitmonlee","TRUE",,"447",,,,"2/15/15",,,,"21.5",,,,"1497",,,,,
"Counter, Ice Punch, Thunder Punch","107","107;236","107;236","Hitmonchan","Hitmonchan","FALSE",,"436",,,,"0/11/15",,,,"24.5",,,,"1490",,,,,
"Counter, Ice Punch, Thunder Punch","107","107;236","107;236","Hitmonchan (Shadow)","Hitmonchan","TRUE",,"424",,,,"0/11/15",,,,"24.5",,,,"1490",,,,,
"Lick, Body Slam, Power Whip","108","108;463","108;463","Lickitung","Lickitung","FALSE",,"50",,,,"8/14/15",,,,"50",,,,"1498",,,,,
"Rollout, Sludge Bomb, Shadow Ball","110","109;110","110","Weezing","Koffing","FALSE",,"405",,,,"0/14/14",,,,"25",,,,"1491",,,,,
"Rollout, Sludge Bomb, Shadow Ball","110","109;110","110","Weezing (Shadow)","Koffing","TRUE",,"442",,,,"0/14/14",,,,"25",,,,"1495",,,,,
"Mud Slap, Bulldoze, Stomp","111","111;112;464","111;112;464","Rhyhorn","Rhyhorn","FALSE",,"388",,,,"0/13/15",,,,"41",,,,"1499",,,,,
"Mud Slap, Bulldoze, Stomp","111","111;112;464","111;112;464","Rhyhorn (Shadow)","Rhyhorn","TRUE",,"339",,,,"0/13/15",,,,"41",,,,"1499",,,,,
"Mud Slap, Breaking Swipe, Stone Edge","112","111;112;464","112;464","Rhydon","Rhyhorn","FALSE",,"219",,,,"2/15/14",,,,"17.5",,,,"1498",,,,,
"Mud Slap, Breaking Swipe, Stone Edge","112","111;112;464","112;464","Rhydon (Shadow)","Rhyhorn","TRUE",,"179",,,,"2/15/14",,,,"17.5",,,,"1498",,,,,
"Zen Headbutt, Dazzling Gleam, Psychic","113","113;242;440","113;242;440","Chansey","Chansey","FALSE",,"362",,,,"15/15/15",,,,"50",,,,"1418",,,,,
"Mud Slap, Crunch, Stomp","115","115","115","Kangaskhan","Kangaskhan","FALSE",,"254",,,,"0/14/15",,,,"22",,,,"1500",,,,,
"Poison Jab, Drill Run, Icy Wind","119","118;119","119","Seaking","Goldeen","FALSE",,"349",,,,"0/14/14",,,,"26.5",,,,"1500",,,,,
"Psywave, Surf, Power Gem","121","120;121","121","Starmie","Staryu","FALSE",,"162",,,,"0/15/11",,,,"22",,,,"1488",,,,,
"Fury Cutter, Aerial Ace, Night Slash","123","123;212","123;212","Scyther (Shadow)","Scyther","TRUE",,"223",,,,"0/14/11",,,,"21",,,,"1496",,,,,
"Thunder Shock, Thunder Punch, Return","125","125;239;466","125;239;466","Electabuzz","Electabuzz","FALSE",,"407",,,,"0/14/11",,,,"24.5",,,,"1490",,,,,
"Thunder Shock, Thunder Punch, Thunderbolt","125","125;239;466","125;239;466","Electabuzz (Shadow)","Electabuzz","TRUE",,"333",,,,"0/14/11",,,,"24.5",,,,"1500",,,,,
"Karate Chop, Fire Punch, Scorching Sands","126","126;240;467","126;240;467","Magmar","Magmar","FALSE",,"226",,,,"0/15/15",,,,"23.5",,,,"1499",,,,,
"Karate Chop, Fire Punch, Scorching Sands","126","126;240;467","126;240;467","Magmar (Shadow)","Magmar","TRUE",,"116",,,,"0/15/15",,,,"23.5",,,,"1499",,,,,
"Fury Cutter, Close Combat, X-Scissor","127","127","127","Pinsir","Pinsir","FALSE",,"400",,,,"0/13/14",,,,"19",,,,"1500",,,,,
"Fury Cutter, Close Combat, X-Scissor","127","127","127","Pinsir (Shadow)","Pinsir","TRUE",,"382",,,,"0/13/14",,,,"19",,,,"1500",,,,,
"Double Kick, Aqua Jet, Trailblaze","128","128","128","Tauros (Aqua)","Tauros","FALSE",,"258",,,,"0/11/15",,,,"20",,,,"1494",,,,,
"Double Kick, Flame Charge, Trailblaze","128","128","128","Tauros (Blaze)","Tauros","FALSE",,"404",,,,"0/11/15",,,,"20",,,,"1494",,,,,
"Double Kick, Close Combat, Trailblaze","128","128","128","Tauros (Combat)","Tauros","FALSE",,"415",,,,"0/11/15",,,,"20",,,,"1494",,,,,
"Dragon Breath, Aqua Tail, Crunch","130","129;130","130","Gyarados","Magikarp","FALSE",,"149",,,,"0/14/15",,,,"16.5",,,,"1498",,,,,
"Waterfall, Aqua Tail, Crunch","130","129;130","130","Gyarados (Shadow)","Magikarp","TRUE",,"320",,,,"0/14/15",,,,"16.5",,,,"1498",,,,,
"Psywave, Sparkling Aria, Ice Beam","131","131","131","Lapras","Lapras","FALSE",,"9",,,,"0/10/14",,,,"22",,,,"1497",,,,,
"Psywave, Sparkling Aria, Ice Beam","131","131","131","Lapras (Shadow)","Lapras","TRUE",,"22",,,,"0/10/14",,,,"22",,,,"1497",,,,,
"Water Gun, Aqua Tail, Last Resort","134","133;134","134","Vaporeon","Eevee","FALSE",,"364",,,,"1/15/15",,,,"18",,,,"1499",,,,,
"Mud Shot, Aqua Jet, Rock Tomb","140","140;141","140;141","Kabuto","Kabuto","FALSE",,"430",,,,"10/15/15",,,,"49.5",,,,"1498",,,,,
"Lick, Body Slam, Superpower","143","143;446","143;446","Snorlax","Snorlax","FALSE",,"225",,,,"1/15/14",,,,"17.5",,,,"1498",,,,,
"Lick, Body Slam, Superpower","143","143;446","143;446","Snorlax (Shadow)","Snorlax","TRUE",,"266",,,,"1/15/14",,,,"17.5",,,,"1498",,,,,
"Ice Shard, Triple Axel, Ancient Power","144","144","144","Articuno","Articuno","FALSE",,"329",,,,"0/15/15",,,,"18.5",,,,"1500",,,,,
"Ice Shard, Triple Axel, Ancient Power","144","144","144","Articuno (Shadow)","Articuno","TRUE",,"356",,,,"0/15/15",,,,"18.5",,,,"1500",,,,,
"Thunder Shock, Drill Peck, Thunderbolt","145","145","145","Zapdos","Zapdos","FALSE",,"100",,,,"0/12/12",,,,"16",,,,"1495",,,,,
"Thunder Shock, Drill Peck, Thunderbolt","145","145","145","Zapdos (Shadow)","Zapdos","TRUE",,"45",,,,"0/12/12",,,,"16",,,,"1498",,,,,
"Fire Spin, Sky Attack, Ancient Power","146","146","146","Moltres (Shadow)","Moltres","TRUE",,"413",,,,"1/15/14",,,,"16",,,,"1499",,,,,
"Dragon Breath, Aqua Tail, Body Slam","148","147;148;149","148;149","Dragonair","Dratini","FALSE",,"99",,,,"1/15/15",,,,"34",,,,"1497",,,,,
"Dragon Breath, Body Slam, Aqua Tail","148","147;148;149","148;149","Dragonair (Shadow)","Dratini","TRUE",,"67",,,,"1/15/15",,,,"34",,,,"1497",,,,,
"Dragon Breath, Dragon Claw, Superpower","149","147;148;149","149","Dragonite","Dratini","FALSE",,"78",,,,"3/15/14",,,,"14.5",,,,"1495",,,,,
"Dragon Breath, Dragon Claw, Superpower","149","147;148;149","149","Dragonite (Shadow)","Dratini","TRUE",,"56",,,,"3/15/14",,,,"14.5",,,,"1495",,,,,
"Psycho Cut, Psystrike, Thunderbolt","150","150","150","Mewtwo (Shadow)","Mewtwo","TRUE",,"420",,,,"4/15/15",,,,"13",,,,"1499",,,,,
"Shadow Claw, Wild Charge, Psyshock","151","151","151","Mew","Mew","FALSE",,"32",,,,"0/10/13",,,,"17.5",,,,"1498",,,,,
"Magical Leaf, Ancient Power, Energy Ball","153","152;153;154","153;154","Bayleef","Chikorita","FALSE",,"325",,,,"3/15/14",,,,"50",,,,"1494",,,,,
"Magical Leaf, Ancient Power, Energy Ball","153","152;153;154","153;154","Bayleef (Shadow)","Chikorita","TRUE",,"394",,,,"3/15/14",,,,"50",,,,"1494",,,,,
"Vine Whip, Frenzy Plant, Earthquake","154","152;153;154","154","Meganium","Chikorita","FALSE",,"297",,,,"0/10/15",,,,"24",,,,"1499",,,,,
"Vine Whip, Frenzy Plant, Earthquake","154","152;153;154","154","Meganium (Shadow)","Chikorita","TRUE",,"412",,,,"0/10/15",,,,"24",,,,"1499",,,,,
"Incinerate, Blast Burn, Thunder Punch","157","155;156;157","157","Typhlosion","Cyndaquil","FALSE",,"146",,,,"0/15/13",,,,"19.5",,,,"1488",,,,,
"Hex, Fire Punch, Shadow Ball","157","155;156;157","157","Typhlosion (Hisuian)","Cyndaquil","FALSE",,"350",,,,"0/11/12",,,,"19",,,,"1500",,,,,
"Incinerate, Blast Burn, Thunder Punch","157","155;156;157","157","Typhlosion (Shadow)","Cyndaquil","TRUE",,"107",,,,"0/15/13",,,,"19.5",,,,"1488",,,,,
"Water Gun, Ice Punch, Crunch","159","158;159;160","159;160","Croconaw","Totodile","FALSE",,"421",,,,"0/13/15",,,,"37.5",,,,"1499",,,,,
"Water Gun, Ice Punch, Crunch","159","158;159;160","159;160","Croconaw (Shadow)","Totodile","TRUE",,"428",,,,"0/13/15",,,,"37.5",,,,"1499",,,,,
"Shadow Claw, Hydro Cannon, Ice Beam","160","158;159;160","160","Feraligatr","Totodile","FALSE",,"39",,,,"0/11/13",,,,"20",,,,"1493",,,,,
"Shadow Claw, Hydro Cannon, Ice Beam","160","158;159;160","160","Feraligatr (Shadow)","Totodile","TRUE",,"47",,,,"0/11/13",,,,"20",,,,"1493",,,,,
"Sucker Punch, Swift, Trailblaze","162","161;162","162","Furret","Sentret","FALSE",,"6",,,,"1/15/14",,,,"35.5",,,,"1500",,,,,
"Wing Attack, Sky Attack, Night Shade","164","163;164","164","Noctowl","Hoothoot","FALSE",,"178",,,,"1/14/15",,,,"28.5",,,,"1494",,,,,
"Counter, Dynamic Punch, Aerial Ace","166","165;166","166","Ledian","Ledyba","FALSE",,"305",,,,"13/15/15",,,,"50",,,,"1500",,,,,
"Counter, Dynamic Punch, Aerial Ace","166","165;166","166","Ledian (Shadow)","Ledyba","TRUE",,"348",,,,"13/15/15",,,,"50",,,,"1500",,,,,
"Poison Sting, Lunge, Trailblaze","168","167;168","168","Ariados","Spinarak","FALSE",,"95",,,,"0/14/15",,,,"35",,,,"1497",,,,,
"Water Gun, Surf, Thunderbolt","171","170;171","171","Lanturn","Chinchou","FALSE",,"230",,,,"0/13/14",,,,"28",,,,"1496",,,,,
"Volt Switch, Brutal Swing, Trailblaze","181","179;180;181","181","Ampharos","Mareep","FALSE",,"234",,,,"0/13/11",,,,"20",,,,"1499",,,,,
"Volt Switch, Brutal Swing, Trailblaze","181","179;180;181","181","Ampharos (Shadow)","Mareep","TRUE",,"191",,,,"0/13/11",,,,"20",,,,"1499",,,,,
"Bullet Seed, Leaf Blade, Dazzling Gleam","182","43;44;182","182","Bellossom","Bellossom","FALSE",,"169",,,,"1/14/14",,,,"25",,,,"1499",,,,,
"Bullet Seed, Leaf Blade, Dazzling Gleam","182","43;44;182","182","Bellossom (Shadow)","Bellossom","TRUE",,"160",,,,"1/14/14",,,,"25",,,,"1499",,,,,
"Mud Shot, Weather Ball (Water), Earthquake","186","60;61;186","186","Politoed","Politoed","FALSE",,"313",,,,"0/15/11",,,,"23.5",,,,"1498",,,,,
"Mud Shot, Weather Ball (Water), Earthquake","186","60;61;186","186","Politoed (Shadow)","Politoed","TRUE",,"312",,,,"0/15/11",,,,"23.5",,,,"1498",,,,,
"Fairy Wind, Aerial Ace, Energy Ball","189","187;188;189","189","Jumpluff","Hoppip","FALSE",,"23",,,,"0/14/14",,,,"43",,,,"1500",,,,,
"Fairy Wind, Aerial Ace, Acrobatics","189","187;188;189","189","Jumpluff (Shadow)","Hoppip","TRUE",,"2",,,,"0/14/14",,,,"43",,,,"1500",,,,,
"Astonish, Swift, Aerial Ace","190","190;424","190;424","Aipom","Aipom","FALSE",,"204",,,,"14/15/14",,,,"49.5",,,,"1500",,,,,
"Astonish, Swift, Aerial Ace","190","190;424","190;424","Aipom (Shadow)","Aipom","TRUE",,"144",,,,"14/15/14",,,,"49.5",,,,"1500",,,,,
"Mud Shot, Aqua Tail, Stone Edge","195","194;195","195","Quagsire","Wooper","FALSE",,"98",,,,"0/15/14",,,,"29",,,,"1494",,,,,
"Mud Shot, Aqua Tail, Stone Edge","195","194;195","195","Quagsire (Shadow)","Wooper","TRUE",,"87",,,,"0/15/14",,,,"29",,,,"1494",,,,,
"Psywave, Dark Pulse, Shadow Sneak","200","200;429","200;429","Misdreavus","Misdreavus","FALSE",,"247",,,,"1/15/15",,,,"29.5",,,,"1498",,,,,
"Astonish, Dark Pulse, Shadow Sneak","200","200;429","200;429","Misdreavus (Shadow)","Misdreavus","TRUE",,"289",,,,"1/15/15",,,,"29.5",,,,"1498",,,,,
"Counter, Return, Mirror Coat","202","202;360","202;360","Wobbuffet","Wobbuffet","FALSE",,"341",,,,"15/15/15",,,,"50",,,,"1160",,,,,
"Confusion, Psychic Fangs, Trailblaze","203","203;981","203;981","Girafarig","Girafarig","FALSE",,"102",,,,"0/15/12",,,,"28",,,,"1486",,,,,
"Confusion, Psychic Fangs, Trailblaze","203","203;981","203;981","Girafarig (Shadow)","Girafarig","TRUE",,"124",,,,"0/15/12",,,,"28",,,,"1486",,,,,
"Rollout, Drill Run, Rock Slide","206","206;982","206;982","Dunsparce","Dunsparce","FALSE",,"68",,,,"0/14/12",,,,"40",,,,"1496",,,,,
"Fury Cutter, Aerial Ace, Dig","207","207;472","207;472","Gligar","Gligar","FALSE",,"170",,,,"0/15/12",,,,"33",,,,"1493",,,,,
"Fury Cutter, Aerial Ace, Dig","207","207;472","207;472","Gligar (Shadow)","Gligar","TRUE",,"166",,,,"0/15/12",,,,"33",,,,"1493",,,,,
"Poison Sting, Aqua Tail, Ice Beam","211","211;904","211;904","Qwilfish","Qwilfish","FALSE",,"53",,,,"0/12/14",,,,"28",,,,"1490",,,,,
"Poison Jab, Close Combat, Aerial Ace","215","215;461","215;461","Sneasel (Hisuian)","Sneasel","FALSE",,"401",,,,"1/15/14",,,,"27.5",,,,"1499",,,,,
"Poison Jab, Close Combat, Aerial Ace","215","215;461","215;461","Sneasel (Hisuian) (Shadow)","Sneasel","TRUE",,"429",,,,"1/15/14",,,,"27.5",,,,"1499",,,,,
"Shadow Claw, Swift, Close Combat","217","216;217;901","217;901","Ursaring","Teddiursa","FALSE",,"17",,,,"0/14/15",,,,"19",,,,"1499",,,,,
"Shadow Claw, Swift, Close Combat","217","216;217;901","217;901","Ursaring (Shadow)","Teddiursa","TRUE",,"8",,,,"0/14/15",,,,"19",,,,"1499",,,,,
"Incinerate, Rock Tomb, Overheat","219","218;219","219","Magcargo","Slugma","FALSE",,"141",,,,"0/15/14",,,,"38.5",,,,"1492",,,,,
"Powder Snow, Icicle Spear, High Horsepower","221","220;221;473","221;473","Piloswine","Swinub","FALSE",,"182",,,,"0/15/10",,,,"24.5",,,,"1497",,,,,
"Powder Snow, Icicle Spear, High Horsepower","221","220;221;473","221;473","Piloswine (Shadow)","Swinub","TRUE",,"227",,,,"0/15/10",,,,"24.5",,,,"1497",,,,,
"Bubble, Power Gem, Rock Blast","222","222","222","Corsola","Corsola","FALSE",,"406",,,,"10/15/15",,,,"50",,,,"1500",,,,,
"Astonish, Night Shade, Power Gem","222","222","222","Corsola (Galarian)","Corsola","FALSE",,"7",,,,"1/14/15",,,,"49.5",,,,"1494",,,,,
"Wing Attack, Aerial Ace, Ice Beam","226","226;458","226;458","Mantine","Mantine","FALSE",,"129",,,,"0/15/13",,,,"27.5",,,,"1499",,,,,
"Dragon Breath, Outrage, Octazooka","230","116;117;230","230","Kingdra","Horsea","FALSE",,"331",,,,"0/15/13",,,,"21.5",,,,"1498",,,,,
"Mud Slap, Trailblaze, Body Slam","232","231;232","232","Donphan","Phanpy","FALSE",,"174",,,,"0/14/8",,,,"19",,,,"1500",,,,,
"Mud Slap, Trailblaze, Body Slam","232","231;232","232","Donphan (Shadow)","Phanpy","TRUE",,"108",,,,"0/14/8",,,,"19",,,,"1500",,,,,
"Counter, Close Combat, Triple Axel","237","106;236","237","Hitmontop","Hitmonlee","FALSE",,"346",,,,"0/14/15",,,,"26.5",,,,"1500",,,,,
"Counter, Close Combat, Triple Axel","237","106;236","237","Hitmontop (Shadow)","Hitmonlee","TRUE",,"352",,,,"0/14/15",,,,"26.5",,,,"1500",,,,,
"Powder Snow, Psyshock, Ice Punch","238","124;238","238","Smoochum","Jynx","FALSE",,"337",,,,"15/15/15",,,,"50",,,,"1460",,,,,
"Karate Chop, Fire Punch, Brick Break","240","126;240;467","240","Magby","Magmar","FALSE",,"299",,,,"15/15/15",,,,"50",,,,"1496",,,,,
"Rollout, Body Slam, Thunderbolt","241","241","241","Miltank","Miltank","FALSE",,"84",,,,"0/14/14",,,,"24.5",,,,"1494",,,,,
"Thunder Shock, Wild Charge, Shadow Ball","243","243","243","Raikou","Raikou","FALSE",,"423",,,,"3/15/14",,,,"16",,,,"1492",,,,,
"Thunder Shock, Wild Charge, Shadow Ball","243","243","243","Raikou (Shadow)","Raikou","TRUE",,"439",,,,"3/15/14",,,,"16",,,,"1500",,,,,
"Ice Fang, Bubble Beam, Scald","245","245","245","Suicune","Suicune","FALSE",,"70",,,,"1/15/14",,,,"19",,,,"1499",,,,,
"Ice Fang, Bubble Beam, Scald","245","245","245","Suicune (Shadow)","Suicune","TRUE",,"80",,,,"1/15/14",,,,"19",,,,"1491",,,,,
"Incinerate, Brave Bird, Earthquake","250","250","250","Ho-Oh","Ho-oh","FALSE",,"425",,,,"0/13/15",,,,"14.5",,,,"1500",,,,,
"Incinerate, Brave Bird, Earthquake","250","250","250","Ho-Oh (Shadow)","Ho-oh","TRUE",,"418",,,,"0/13/15",,,,"14.5",,,,"1499",,,,,
"Quick Attack, Leaf Blade, Aerial Ace","253","252;253;254","253;254","Grovyle","Treecko","FALSE",,"246",,,,"0/15/14",,,,"38.5",,,,"1499",,,,,
"Bullet Seed, Leaf Blade, Aerial Ace","253","252;253;254","253;254","Grovyle (Shadow)","Treecko","TRUE",,"303",,,,"0/15/14",,,,"38.5",,,,"1499",,,,,
"Bullet Seed, Leaf Blade, Earthquake","254","252;253;254","254","Sceptile","Treecko","FALSE",,"373",,,,"0/12/15",,,,"20.5",,,,"1497",,,,,
"Bullet Seed, Leaf Blade, Earthquake","254","252;253;254","254","Sceptile (Shadow)","Treecko","TRUE",,"360",,,,"0/12/15",,,,"20.5",,,,"1497",,,,,
"Fire Spin, Blaze Kick, Blast Burn","257","255;256;257","257","Blaziken","Torchic","FALSE",,"395",,,,"1/15/14",,,,"19.5",,,,"1496",,,,,
"Fire Spin, Blaze Kick, Blast Burn","257","255;256;257","257","Blaziken (Shadow)","Torchic","TRUE",,"399",,,,"1/15/14",,,,"19.5",,,,"1496",,,,,
"Mud Shot, Mud Bomb, Surf","259","258;259;260","259;260","Marshtomp","Mudkip","FALSE",,"275",,,,"0/14/15",,,,"35",,,,"1498",,,,,
"Mud Shot, Mud Bomb, Surf","259","258;259;260","259;260","Marshtomp (Shadow)","Mudkip","TRUE",,"271",,,,"0/14/15",,,,"35",,,,"1499",,,,,
"Mud Shot, Hydro Cannon, Sludge","260","258;259;260","260","Swampert","Mudkip","FALSE",,"211",,,,"0/14/14",,,,"19",,,,"1498",,,,,
"Mud Shot, Hydro Cannon, Sludge","260","258;259;260","260","Swampert (Shadow)","Mudkip","TRUE",,"175",,,,"0/14/14",,,,"19",,,,"1498",,,,,
"Shadow Claw, Swift, Grass Knot","264","263;264;862","264;862","Linoone","Zigzagoon","FALSE",,"29",,,,"0/15/14",,,,"40",,,,"1497",,,,,
"Bubble, Scald, Leaf Storm","272","270;271;272","272","Ludicolo","Lotad","FALSE",,"445",,,,"0/15/15",,,,"24.5",,,,"1497",,,,,
"Wing Attack, Weather Ball (Water), Hurricane","279","278;279","279","Pelipper","Wingull","FALSE",,"232",,,,"0/12/15",,,,"27",,,,"1496",,,,,
"Counter, Body Slam, Rock Slide","288","287;288;289","288;289","Vigoroth","Slakoth","FALSE",,"370",,,,"1/15/15",,,,"29",,,,"1499",,,,,
"Counter, Body Slam, Rock Slide","288","287;288;289","288;289","Vigoroth (Shadow)","Slakoth","TRUE",,"378",,,,"1/15/15",,,,"29",,,,"1499",,,,,
"Force Palm, Upper Hand, Heavy Slam","297","296;297","297","Hariyama","Makuhita","FALSE",,"261",,,,"0/14/13",,,,"20",,,,"1492",,,,,
"Force Palm, Upper Hand, Heavy Slam","297","296;297","297","Hariyama (Shadow)","Makuhita","TRUE",,"273",,,,"0/14/13",,,,"20",,,,"1492",,,,,
"Psycho Cut, Ice Punch, Dynamic Punch","308","307;308","308","Medicham","Meditite","FALSE",,"36",,,,"5/15/14",,,,"50",,,,"1500",,,,,
"Thunder Fang, Psychic Fangs, Wild Charge","310","309;310","310","Manectric","Electrike","FALSE",,"307",,,,"0/15/15",,,,"24",,,,"1494",,,,,
"Mud Shot, Sludge, Ice Beam","317","316;317","317","Swalot","Gulpin","FALSE",,"65",,,,"0/15/13",,,,"29.5",,,,"1500",,,,,
"Rollout, Scald, Body Slam","320","320;321","320;321","Wailmer","Wailmer","FALSE",,"148",,,,"0/15/15",,,,"50",,,,"1500",,,,,
"Rollout, Scald, Body Slam","320","320;321","320;321","Wailmer (Shadow)","Wailmer","TRUE",,"151",,,,"0/15/15",,,,"50",,,,"1500",,,,,
"Rollout, Surf, Return","321","320;321","321","Wailord","Wailmer","FALSE",,"194",,,,"0/15/14",,,,"25",,,,"1500",,,,,
"Rollout, Surf, Hyper Beam","321","320;321","321","Wailord (Shadow)","Wailmer","TRUE",,"295",,,,"0/15/14",,,,"25",,,,"1500",,,,,
"Fire Spin, Overheat, Earthquake","324","324","324","Torkoal","Torkoal","FALSE",,"437",,,,"0/15/15",,,,"27.5",,,,"1491",,,,,
"Psywave, Dynamic Punch, Shadow Ball","326","325;326","326","Grumpig","Spoink","FALSE",,"11",,,,"1/14/15",,,,"24",,,,"1498",,,,,
"Psywave, Dynamic Punch, Shadow Ball","326","325;326","326","Grumpig (Shadow)","Spoink","TRUE",,"35",,,,"1/14/15",,,,"24",,,,"1498",,,,,
"Sucker Punch, Rock Tomb, Icy Wind","327","327","327","Spinda","Spinda","FALSE",,"64",,,,"15/15/14",,,,"50",,,,"1380",,,,,
"Dragon Tail, Scorching Sands, Dragon Claw","330","328;329;330","330","Flygon","Trapinch","FALSE",,"115",,,,"0/15/9",,,,"21.5",,,,"1499",,,,,
"Dragon Tail, Dragon Claw, Scorching Sands","330","328;329;330","330","Flygon (Shadow)","Trapinch","TRUE",,"93",,,,"0/15/9",,,,"21.5",,,,"1499",,,,,
"Dragon Breath, Sky Attack, Moonblast","334","333;334","334","Altaria","Swablu","FALSE",,"168",,,,"0/14/15",,,,"29",,,,"1498",,,,,
"Shadow Claw, Close Combat, Night Slash","335","335","335","Zangoose","Zangoose","FALSE",,"26",,,,"0/15/10",,,,"23.5",,,,"1494",,,,,
"Poison Jab, Crunch, Poison Fang","336","336","336","Seviper","Seviper","FALSE",,"392",,,,"0/15/12",,,,"27",,,,"1500",,,,,
"Psywave, Rock Slide, Moonblast","337","337","337","Lunatone","Lunatone","FALSE",,"206",,,,"0/15/14",,,,"24.5",,,,"1494",,,,,
"Psywave, Rock Slide, Psychic","338","338","338","Solrock","Solrock","FALSE",,"203",,,,"0/15/14",,,,"24.5",,,,"1494",,,,,
"Mud Shot, Mud Bomb, Scald","340","339;340","340","Whiscash","Barboach","FALSE",,"132",,,,"0/14/13",,,,"28",,,,"1490",,,,,
"Mud Shot, Mud Bomb, Scald","340","339;340","340","Whiscash (Shadow)","Barboach","TRUE",,"156",,,,"0/14/13",,,,"28",,,,"1490",,,,,
"Mud Slap, Rock Tomb, Ice Beam","344","343;344","344","Claydol","Baltoy","FALSE",,"82",,,,"0/14/15",,,,"29.5",,,,"1488",,,,,
"Bullet Seed, Ancient Power, Grass Knot","345","345;346","345;346","Lileep","Lileep","FALSE",,"311",,,,"15/15/15",,,,"50",,,,"1460",,,,,
"Bullet Seed, Ancient Power, Grass Knot","345","345;346","345;346","Lileep (Shadow)","Lileep","TRUE",,"353",,,,"15/15/15",,,,"50",,,,"1460",,,,,
"Bullet Seed, Rock Tomb, Grass Knot","346","345;346","346","Cradily","Lileep","FALSE",,"62",,,,"0/15/15",,,,"26",,,,"1498",,,,,
"Bullet Seed, Rock Tomb, Grass Knot","346","345;346","346","Cradily (Shadow)","Lileep","TRUE",,"217",,,,"0/15/15",,,,"26",,,,"1498",,,,,
"Dragon Tail, Surf, Blizzard","350","349;350","350","Milotic","Feebas","FALSE",,"376",,,,"0/15/11",,,,"19",,,,"1495",,,,,
"Sucker Punch, Aerial Ace, Ice Beam","352","352","352","Kecleon","Kecleon","FALSE",,"201",,,,"0/15/15",,,,"28",,,,"1495",,,,,
"Hex, Ice Punch, Shadow Punch","356","355;356;477","356;477","Dusclops","Duskull","FALSE",,"24",,,,"0/11/15",,,,"45",,,,"1498",,,,,
"Hex, Ice Punch, Shadow Punch","356","355;356;477","356;477","Dusclops (Shadow)","Duskull","TRUE",,"10",,,,"0/11/15",,,,"45",,,,"1498",,,,,
"Air Slash, Leaf Blade, Aerial Ace","357","357","357","Tropius","Tropius","FALSE",,"85",,,,"0/15/15",,,,"30",,,,"1494",,,,,
"Astonish, Psyshock, Shadow Ball","358","358;433","358;433","Chimecho","Chimecho","FALSE",,"245",,,,"0/14/12",,,,"25.5",,,,"1500",,,,,
"Rollout, Avalanche, Shadow Ball","362","361;362","362","Glalie","Snorunt","FALSE",,"79",,,,"0/13/13",,,,"27.5",,,,"1498",,,,,
"Rollout, Avalanche, Shadow Ball","362","361;362","362","Glalie (Shadow)","Snorunt","TRUE",,"137",,,,"0/13/13",,,,"27.5",,,,"1498",,,,,
"Powder Snow, Water Pulse, Body Slam","364","363;364;365","364;365","Sealeo","Spheal","FALSE",,"214",,,,"0/15/14",,,,"38",,,,"1497",,,,,
"Powder Snow, Water Pulse, Body Slam","364","363;364;365","364;365","Sealeo (Shadow)","Spheal","TRUE",,"210",,,,"0/15/14",,,,"38",,,,"1497",,,,,
"Powder Snow, Icicle Spear, Earthquake","365","363;364;365","365","Walrein","Spheal","FALSE",,"94",,,,"0/12/15",,,,"21",,,,"1495",,,,,
"Powder Snow, Icicle Spear, Earthquake","365","363;364;365","365","Walrein (Shadow)","Spheal","TRUE",,"122",,,,"0/12/15",,,,"21",,,,"1495",,,,,
"Water Gun, Aqua Tail, Crunch","367","366;367","367","Huntail","Clamperl","FALSE",,"426",,,,"1/15/15",,,,"24",,,,"1498",,,,,
"Water Gun, Aqua Tail, Ancient Power","369","369","369","Relicanth","Relicanth","FALSE",,"279",,,,"1/15/15",,,,"22.5",,,,"1498",,,,,
"Dragon Breath, Flamethrower, Twister","372","371;372;373","372;373","Shelgon","Bagon","FALSE",,"327",,,,"1/15/14",,,,"28",,,,"1493",,,,,
"Dragon Tail, Fly, Outrage","373","371;372;373","373","Salamence (Shadow)","Bagon","TRUE",,"202",,,,"0/10/14",,,,"15",,,,"1490",,,,,
"Lock On, Stone Edge, Focus Blast","377","377","377","Regirock","Regirock","FALSE",,"164",,,,"0/10/12",,,,"18.5",,,,"1497",,,,,
"Lock On, Stone Edge, Focus Blast","377","377","377","Regirock (Shadow)","Regirock","TRUE",,"332",,,,"0/10/12",,,,"18.5",,,,"1500",,,,,
"Lock On, Blizzard, Thunder","378","378","378","Regice","Regice","FALSE",,"316",,,,"0/10/12",,,,"18.5",,,,"1497",,,,,
"Lock On, Blizzard, Thunder","378","378","378","Regice (Shadow)","Regice","TRUE",,"449",,,,"0/10/12",,,,"18.5",,,,"1500",,,,,
"Dragon Breath, Dragon Claw, Luster Purge","381","381","381","Latios","Latios","FALSE",,"192",,,,"0/15/15",,,,"14.5",,,,"1497",,,,,
"Dragon Breath, Dragon Claw, Luster Purge","381","381","381","Latios (Shadow)","Latios","TRUE",,"125",,,,"0/15/15",,,,"14.5",,,,"1495",,,,,
"Dragon Tail, Breaking Swipe, Dragon Ascent","384","384","384","Rayquaza","Rayquaza","FALSE",,"198",,,,"0/15/12",,,,"14.5",,,,"1496",,,,,
"Counter, Psycho Boost, Thunderbolt","386","386","386","Deoxys (Defense)","Deoxys","FALSE",,"338",,,,"0/15/15",,,,"25.5",,,,"1491",,,,,
"Razor Leaf, Body Slam, Energy Ball","388","387;388;389","388;389","Grotle (Shadow)","Turtwig","TRUE",,"314",,,,"0/15/11",,,,"31.5",,,,"1497",,,,,
"Razor Leaf, Frenzy Plant, Stone Edge","389","387;388;389","389","Torterra (Shadow)","Turtwig","TRUE",,"336",,,,"0/11/13",,,,"19.5",,,,"1496",,,,,
"Bubble, Icy Wind, Hydro Pump","394","393;394;395","394;395","Prinplup","Piplup","FALSE",,"396",,,,"0/15/14",,,,"38",,,,"1500",,,,,
"Quick Attack, Brave Bird, Fly","397","396;397;398","397;398","Staravia","Starly","FALSE",,"355",,,,"15/15/15",,,,"50",,,,"1468",,,,,
"Quick Attack, Brave Bird, Fly","397","396;397;398","397;398","Staravia (Shadow)","Starly","TRUE",,"411",,,,"15/15/15",,,,"50",,,,"1468",,,,,
"Quick Attack, Fly, Close Combat","398","396;397;398","398","Staraptor","Starly","FALSE",,"387",,,,"0/13/13",,,,"20",,,,"1492",,,,,
"Quick Attack, Fly, Close Combat","398","396;397;398","398","Staraptor (Shadow)","Starly","TRUE",,"435",,,,"0/13/13",,,,"20",,,,"1492",,,,,
"Rollout, Surf, Hyper Fang","400","399;400","400","Bibarel","Bidoof","FALSE",,"253",,,,"0/14/13",,,,"33.5",,,,"1499",,,,,
"Rollout, Surf, Hyper Fang","400","399;400","400","Bibarel (Shadow)","Bidoof","TRUE",,"257",,,,"0/14/13",,,,"33.5",,,,"1499",,,,,
"Fury Cutter, X-Scissor, Aerial Ace","402","401;402","402","Kricketune","Kricketot","FALSE",,"359",,,,"0/15/15",,,,"39.5",,,,"1492",,,,,
"Spark, Wild Charge, Psychic Fangs","405","403;404;405","405","Luxray","Shinx","FALSE",,"343",,,,"0/15/12",,,,"19.5",,,,"1496",,,,,
"Poison Sting, Weather Ball (Fire), Leaf Storm","407","315;406;407","406;407","Roserade","Roselia","FALSE",,"44",,,,"0/11/14",,,,"19",,,,"1497",,,,,
"Poison Sting, X-Scissor, Power Gem","416","415;416","416","Vespiquen","Combee","FALSE",,"216",,,,"0/14/13",,,,"29",,,,"1500",,,,,
"Volt Switch, Thunder Punch, Thunderbolt","417","417","417","Pachirisu","Pachirisu","FALSE",,"159",,,,"15/15/14",,,,"50",,,,"1372",,,,,
"Mud Slap, Body Slam, Earth Power","423","422;423","423","Gastrodon","Shellos","FALSE",,"48",,,,"1/15/14",,,,"24.5",,,,"1497",,,,,
"Hex, Icy Wind, Shadow Ball","425","425;426","425;426","Drifloon","Drifloon","FALSE",,"127",,,,"15/15/15",,,,"50",,,,"1353",,,,,
"Hex, Icy Wind, Shadow Ball","425","425;426","425;426","Drifloon (Shadow)","Drifloon","TRUE",,"134",,,,"15/15/15",,,,"50",,,,"1353",,,,,
"Hex, Icy Wind, Shadow Ball","426","425;426","426","Drifblim","Drifloon","FALSE",,"20",,,,"0/15/12",,,,"24",,,,"1498",,,,,
"Hex, Icy Wind, Shadow Ball","426","425;426","426","Drifblim (Shadow)","Drifloon","TRUE",,"21",,,,"0/15/12",,,,"24",,,,"1498",,,,,
"Double Kick, Triple Axel, Focus Blast","428","427;428","428","Lopunny","Buneary","FALSE",,"367",,,,"0/15/14",,,,"28",,,,"1493",,,,,
"Shadow Claw, Aerial Ace, Thunder","432","431;432","432","Purugly","Glameow","FALSE",,"308",,,,"0/12/15",,,,"29.5",,,,"1489",,,,,
"Shadow Claw, Aerial Ace, Thunder","432","431;432","432","Purugly (Shadow)","Glameow","TRUE",,"280",,,,"0/12/15",,,,"29.5",,,,"1489",,,,,
"Tackle, Body Slam, Bulldoze","446","143;446","446","Munchlax","Snorlax","FALSE",,"207",,,,"0/14/13",,,,"32",,,,"1499",,,,,
"Sand Attack, Rock Tomb, Dig","449","449;450","449;450","Hippopotas","Hippopotas","FALSE",,"269",,,,"13/15/14",,,,"49.5",,,,"1498",,,,,
"Sand Attack, Rock Tomb, Dig","449","449;450","449;450","Hippopotas (Shadow)","Hippopotas","TRUE",,"384",,,,"13/15/14",,,,"49.5",,,,"1498",,,,,
"Sand Attack, Weather Ball (Rock), Scorching Sands","450","449;450","450","Hippowdon","Hippopotas","FALSE",,"171",,,,"0/14/10",,,,"18.5",,,,"1494",,,,,
"Sand Attack, Weather Ball (Rock), Scorching Sands","450","449;450","450","Hippowdon (Shadow)","Hippopotas","TRUE",,"131",,,,"0/14/10",,,,"18.5",,,,"1494",,,,,
"Water Gun, Water Pulse, Silver Wind","457","456;457","457","Lumineon","Finneon","FALSE",,"427",,,,"0/15/12",,,,"34.5",,,,"1497",,,,,
"Bubble, Aerial Ace, Water Pulse","458","226;458","458","Mantyke","Mantine","FALSE",,"231",,,,"15/15/15",,,,"50",,,,"1411",,,,,
"Powder Snow, Icy Wind, Energy Ball","460","459;460","460","Abomasnow","Snover","FALSE",,"126",,,,"0/15/15",,,,"24",,,,"1491",,,,,
"Powder Snow, Weather Ball (Ice), Energy Ball","460","459;460","460","Abomasnow (Shadow)","Snover","TRUE",,"30",,,,"0/15/15",,,,"24",,,,"1491",,,,,
"Rollout, Body Slam, Shadow Ball","463","108;463","463","Lickilicky","Lickitung","FALSE",,"25",,,,"0/15/10",,,,"23.5",,,,"1498",,,,,
"Mud Slap, Breaking Swipe, Rock Wrecker","464","111;112;464","464","Rhyperior","Rhyhorn","FALSE",,"215",,,,"0/14/14",,,,"15",,,,"1498",,,,,
"Mud Slap, Breaking Swipe, Rock Wrecker","464","111;112;464","464","Rhyperior (Shadow)","Rhyhorn","TRUE",,"172",,,,"0/14/14",,,,"15",,,,"1498",,,,,
"Vine Whip, Power Whip, Rock Slide","465","114;465","465","Tangrowth","Tangela","FALSE",,"431",,,,"1/15/14",,,,"18.5",,,,"1498",,,,,
"Vine Whip, Power Whip, Rock Slide","465","114;465","465","Tangrowth (Shadow)","Tangela","TRUE",,"440",,,,"1/15/14",,,,"18.5",,,,"1498",,,,,
"Thunder Shock, Ice Punch, Wild Charge","466","125;239;466","239;466","Electivire","Electabuzz","FALSE",,"154",,,,"1/15/15",,,,"18",,,,"1498",,,,,
"Thunder Shock, Ice Punch, Wild Charge","466","125;239;466","239;466","Electivire (Shadow)","Electabuzz","TRUE",,"163",,,,"1/15/15",,,,"18",,,,"1498",,,,,
"Karate Chop, Fire Punch, Thunderbolt","467","126;240;467","240;467","Magmortar","Magmar","FALSE",,"255",,,,"0/10/15",,,,"18",,,,"1500",,,,,
"Karate Chop, Fire Punch, Thunderbolt","467","126;240;467","240;467","Magmortar (Shadow)","Magmar","TRUE",,"218",,,,"0/10/15",,,,"18",,,,"1500",,,,,
"Quick Attack, Leaf Blade, Last Resort","470","133;470","470","Leafeon","Leafeon","FALSE",,"282",,,,"1/15/14",,,,"19",,,,"1496",,,,,
"Sand Attack, Earthquake, Aerial Ace","472","207;472","472","Gliscor","Gligar","FALSE",,"142",,,,"1/15/14",,,,"21",,,,"1496",,,,,
"Sand Attack, Earthquake, Aerial Ace","472","207;472","472","Gliscor (Shadow)","Gligar","TRUE",,"145",,,,"1/15/14",,,,"21",,,,"1496",,,,,
"Powder Snow, Icicle Spear, High Horsepower","473","220;221;473","473","Mamoswine","Swinub","FALSE",,"306",,,,"0/15/7",,,,"17",,,,"1491",,,,,
"Powder Snow, Icicle Spear, High Horsepower","473","220;221;473","473","Mamoswine (Shadow)","Swinub","TRUE",,"288",,,,"0/15/7",,,,"17",,,,"1491",,,,,
"Psycho Cut, Close Combat, Leaf Blade","475","280;281;475","475","Gallade","Gallade","FALSE",,"33",,,,"0/15/15",,,,"18",,,,"1498",,,,,
"Psycho Cut, Close Combat, Leaf Blade","475","280;281;475","475","Gallade (Shadow)","Gallade","TRUE",,"16",,,,"0/15/15",,,,"18",,,,"1498",,,,,
"Astonish, Dynamic Punch, Shadow Punch","477","355;356;477","477","Dusknoir","Duskull","FALSE",,"4",,,,"0/14/13",,,,"24",,,,"1499",,,,,
"Astonish, Dynamic Punch, Shadow Punch","477","355;356;477","477","Dusknoir (Shadow)","Duskull","TRUE",,"5",,,,"0/14/13",,,,"24",,,,"1499",,,,,
"Hex, Avalanche, Shadow Ball","478","361;478","478","Froslass","Froslass","FALSE",,"41",,,,"0/15/15",,,,"28",,,,"1496",,,,,
"Hex, Avalanche, Shadow Ball","478","361;478","478","Froslass (Shadow)","Froslass","TRUE",,"96",,,,"0/15/15",,,,"28",,,,"1496",,,,,
"Confusion, Swift, Future Sight","480","480","480","Uxie","Uxie","FALSE",,"165",,,,"0/13/13",,,,"23",,,,"1500",,,,,
"Dragon Breath, Aqua Tail, Draco Meteor","484","484","484","Palkia (Shadow)","Palkia","TRUE",,"111",,,,"0/14/12",,,,"14",,,,"1498",,,,,
"Shadow Claw, Ominous Wind, Shadow Ball","487","487","487","Giratina (Origin)","Giratina","FALSE",,"136",,,,"0/10/11",,,,"15.5",,,,"1499",,,,,
"Psycho Cut, Grass Knot, Moonblast","488","488","488","Cresselia","Cresselia","FALSE",,"77",,,,"2/15/13",,,,"20",,,,"1497",,,,,
"Psycho Cut, Grass Knot, Moonblast","488","488","488","Cresselia (Shadow)","Cresselia","TRUE",,"180",,,,"2/15/13",,,,"20",,,,"1492",,,,,
"Quick Attack, V-Create, Psychic","494","494","494","Victini","Victini","FALSE",,"389",,,,"0/10/13",,,,"17.5",,,,"1498",,,,,
"Vine Whip, Grass Knot, Wrap","496","495;496;497","496;497","Servine","Snivy","FALSE",,"276",,,,"4/15/14",,,,"50",,,,"1500",,,,,
"Vine Whip, Grass Knot, Leaf Tornado","496","495;496;497","496;497","Servine (Shadow)","Snivy","TRUE",,"268",,,,"4/15/14",,,,"50",,,,"1500",,,,,
"Vine Whip, Frenzy Plant, Aerial Ace","497","495;496;497","497","Serperior","Snivy","FALSE",,"55",,,,"0/10/15",,,,"25.5",,,,"1499",,,,,
"Vine Whip, Frenzy Plant, Aerial Ace","497","495;496;497","497","Serperior (Shadow)","Snivy","TRUE",,"104",,,,"0/10/15",,,,"25.5",,,,"1499",,,,,
"Fury Cutter, Aqua Tail, X-Scissor","502","501;502;503","502;503","Dewott","Oshawott","FALSE",,"298",,,,"0/15/15",,,,"36",,,,"1499",,,,,
"Fury Cutter, Aqua Tail, X-Scissor","502","501;502;503","502;503","Dewott (Shadow)","Oshawott","TRUE",,"243",,,,"0/15/15",,,,"36",,,,"1498",,,,,
"Fury Cutter, Hydro Cannon, Megahorn","503","501;502;503","503","Samurott","Oshawott","FALSE",,"224",,,,"0/14/14",,,,"20",,,,"1498",,,,,
"Fury Cutter, Hydro Cannon, Megahorn","503","501;502;503","503","Samurott (Shadow)","Oshawott","TRUE",,"209",,,,"0/14/14",,,,"20",,,,"1498",,,,,
"Sand Attack, Wild Charge, Crunch","508","506;507;508","508","Stoutland","Lillipup","FALSE",,"371",,,,"0/15/13",,,,"20",,,,"1500",,,,,
"Confusion, Fly, Psychic Fangs","528","527;528","528","Swoobat","Woobat","FALSE",,"173",,,,"0/15/9",,,,"38",,,,"1499",,,,,
"Mud Slap, Drill Run, Rock Tomb","529","529;530","529;530","Drilbur","Drilbur","FALSE",,"391",,,,"10/15/15",,,,"49.5",,,,"1499",,,,,
"Mud Slap, Drill Run, Rock Tomb","529","529;530","529;530","Drilbur (Shadow)","Drilbur","TRUE",,"368",,,,"10/15/15",,,,"49.5",,,,"1499",,,,,
"Counter, Dynamic Punch, Brutal Swing","534","532;533;534","534","Conkeldurr","Timburr","FALSE",,"347",,,,"3/15/14",,,,"16.5",,,,"1495",,,,,
"Counter, Dynamic Punch, Brutal Swing","534","532;533;534","534","Conkeldurr (Shadow)","Timburr","TRUE",,"342",,,,"3/15/14",,,,"16.5",,,,"1495",,,,,
"Mud Shot, Earth Power, Water Pulse","536","535;536;537","536;537","Palpitoad","Tympole","FALSE",,"448",,,,"9/15/15",,,,"49.5",,,,"1497",,,,,
"Mud Shot, Earth Power, Sludge Bomb","537","535;536;537","537","Seismitoad","Tympole","FALSE",,"451",,,,"1/15/15",,,,"22",,,,"1498",,,,,
"Shadow Claw, Leaf Blade, X-Scissor","542","540;541;542","542","Leavanny","Sewaddle","FALSE",,"28",,,,"0/13/14",,,,"22",,,,"1499",,,,,
"Poison Jab, X-Scissor, Sludge Bomb","545","543;544;545","545","Scolipede","Venipede","FALSE",,"409",,,,"1/15/14",,,,"23",,,,"1495",,,,,
"Poison Jab, X-Scissor, Sludge Bomb","545","543;544;545","545","Scolipede (Shadow)","Venipede","TRUE",,"414",,,,"1/15/14",,,,"23",,,,"1495",,,,,
"Water Gun, Aqua Tail, Aqua Jet","550","550;902","550;902","Basculin","Basculin","FALSE",,"417",,,,"0/11/15",,,,"27.5",,,,"1495",,,,,
"Fire Fang, Fire Punch, Flame Charge","554","554;555","554;555","Darumaka","Darumaka","FALSE",,"383",,,,"2/15/14",,,,"50",,,,"1499",,,,,
"Fire Fang, Fire Punch, Flame Charge","554","554;555","554;555","Darumaka (Shadow)","Darumaka","TRUE",,"357",,,,"2/15/14",,,,"50",,,,"1499",,,,,
"Fury Cutter, X-Scissor, Rock Slide","558","557;558","558","Crustle","Dwebble","FALSE",,"318",,,,"0/13/13",,,,"22.5",,,,"1499",,,,,
"Fury Cutter, X-Scissor, Rock Slide","558","557;558","558","Crustle (Shadow)","Dwebble","TRUE",,"310",,,,"0/13/13",,,,"22.5",,,,"1499",,,,,
"Shadow Claw, Shadow Ball, Dark Pulse","563","562;563","563","Cofagrigus","Yamask","FALSE",,"242",,,,"0/11/14",,,,"25.5",,,,"1500",,,,,
"Astonish, Icy Wind, Signal Beam","583","582;583;584","583;584","Vanillish","Vanillite","FALSE",,"328",,,,"0/14/15",,,,"43",,,,"1499",,,,,
"Thunder Shock, Acrobatics, Discharge","587","587","587","Emolga","Emolga","FALSE",,"15",,,,"0/13/15",,,,"41",,,,"1498",,,,,
"Astonish, Grass Knot, Foul Play","591","590;591","591","Amoonguss","Foongus","FALSE",,"71",,,,"0/14/15",,,,"27",,,,"1500",,,,,
"Astonish, Grass Knot, Foul Play","591","590;591","591","Amoonguss (Shadow)","Foongus","TRUE",,"139",,,,"0/14/15",,,,"27",,,,"1500",,,,,
"Hex, Night Shade, Ice Beam","592","592;593","592;593","Frillish","Frillish","FALSE",,"158",,,,"15/15/15",,,,"50",,,,"1421",,,,,
"Hex, Surf, Shadow Ball","593","592;593","593","Jellicent","Frillish","FALSE",,"18",,,,"1/14/14",,,,"24.5",,,,"1490",,,,,
"Waterfall, Hydro Pump, Blizzard","594","594","594","Alomomola","Alomomola","FALSE",,"410",,,,"0/15/11",,,,"27",,,,"1490",,,,,
"Volt Switch, Discharge, Lunge","596","595;596","596","Galvantula","Joltik","FALSE",,"294",,,,"0/15/15",,,,"25.5",,,,"1499",,,,,
"Volt Switch, Discharge, Lunge","596","595;596","596","Galvantula (Shadow)","Joltik","TRUE",,"351",,,,"0/15/15",,,,"25.5",,,,"1499",,,,,
"Volt Switch, Dragon Claw, Thunderbolt","604","602;603;604","604","Eelektross","Tynamo","FALSE",,"374",,,,"1/15/14",,,,"20.5",,,,"1500",,,,,
"Dragon Tail, Dragon Claw, Aqua Tail","611","610;611;612","611;612","Fraxure","Axew","FALSE",,"186",,,,"1/15/15",,,,"25",,,,"1499",,,,,
"Dragon Tail, Breaking Swipe, Surf","612","610;611;612","612","Haxorus","Axew","FALSE",,"240",,,,"0/14/13",,,,"15.5",,,,"1496",,,,,
"Powder Snow, Ice Punch, Liquidation","614","613;614","614","Beartic","Cubchoo","FALSE",,"323",,,,"0/15/12",,,,"18.5",,,,"1491",,,,,
"Ice Shard, Triple Axel, Night Slash","615","615","615","Cryogonal","Cryogonal","FALSE",,"235",,,,"0/14/11",,,,"20.5",,,,"1497",,,,,
"Thunder Shock, Mud Bomb, Discharge","618","618","618","Stunfisk","Stunfisk","FALSE",,"112",,,,"0/12/15",,,,"27",,,,"1497",,,,,
"Force Palm, Brick Break, Brutal Swing","620","619;620","620","Mienshao","Mienfoo","FALSE",,"300",,,,"0/15/14",,,,"20.5",,,,"1486",,,,,
"Dragon Tail, Dragon Claw, Night Slash","621","621","621","Druddigon","Druddigon","FALSE",,"114",,,,"0/15/15",,,,"20.5",,,,"1498",,,,,
"Mud Slap, Shadow Punch, Brick Break","622","622;623","622;623","Golett","Golett","FALSE",,"236",,,,"15/15/15",,,,"50",,,,"1344",,,,,
"Mud Slap, Shadow Punch, Brick Break","622","622;623","622;623","Golett (Shadow)","Golett","TRUE",,"187",,,,"15/15/15",,,,"50",,,,"1344",,,,,
"Mud Slap, Shadow Punch, Dynamic Punch","623","622;623","623","Golurk","Golett","FALSE",,"57",,,,"2/15/14",,,,"19.5",,,,"1500",,,,,
"Mud Slap, Shadow Punch, Dynamic Punch","623","622;623","623","Golurk (Shadow)","Golett","TRUE",,"54",,,,"2/15/14",,,,"19.5",,,,"1500",,,,,
"Mud Shot, Stomp, Megahorn","626","626","626","Bouffalant","Bouffalant","FALSE",,"419",,,,"0/13/11",,,,"20.5",,,,"1496",,,,,
"Wing Attack, Brave Bird, Fly","627","627;628","627;628","Rufflet","Rufflet","FALSE",,"385",,,,"0/15/15",,,,"48",,,,"1492",,,,,
"Fire Spin, Thunder Punch, Flamethrower","631","631","631","Heatmor","Heatmor","FALSE",,"381",,,,"0/15/14",,,,"23.5",,,,"1489",,,,,
"Thunder Shock, Thunder Punch, Crunch","642","642","642","Thundurus (Incarnate)","Thundurus","FALSE",,"199",,,,"1/15/15",,,,"16.5",,,,"1500",,,,,
"Vine Whip, Body Slam, Energy Ball","651","650;651;652","651;652","Quilladin","Chespin","FALSE",,"304",,,,"0/14/15",,,,"37.5",,,,"1495",,,,,
"Vine Whip, Frenzy Plant, Superpower","652","650;651;652","652","Chesnaught","Chespin","FALSE",,"281",,,,"1/15/15",,,,"19",,,,"1498",,,,,
"Quick Attack, Fire Punch, Scorching Sands","660","659;660","660","Diggersby","Bunnelby","FALSE",,"51",,,,"0/15/13",,,,"50",,,,"1496",,,,,
"Quick Attack, Scorching Sands, Fire Punch","660","659;660","660","Diggersby (Shadow)","Bunnelby","TRUE",,"66",,,,"0/15/13",,,,"50",,,,"1496",,,,,
"Ember, Fly, Aerial Ace","662","661;662;663","662;663","Fletchinder","Fletchling","FALSE",,"416",,,,"0/14/15",,,,"50",,,,"1492",,,,,
"Incinerate, Fly, Brave Bird","663","661;662;663","663","Talonflame","Fletchling","FALSE",,"118",,,,"0/13/14",,,,"26",,,,"1499",,,,,
"Incinerate, Flame Charge, Crunch","667","667;668","667;668","Litleo","Litleo","FALSE",,"205",,,,"4/15/15",,,,"50",,,,"1495",,,,,
"Incinerate, Flame Charge, Dark Pulse","668","667;668","668","Pyroar","Litleo","FALSE",,"302",,,,"0/15/10",,,,"20.5",,,,"1496",,,,,
"Vine Whip, Leaf Blade, Brick Break","673","672;673","673","Gogoat","Skiddo","FALSE",,"90",,,,"2/15/15",,,,"20",,,,"1492",,,,,
"Sucker Punch, Surf, Grass Knot","676","676","676","Furfrou","Furfrou","FALSE",,"212",,,,"1/14/15",,,,"27",,,,"1500",,,,,
"Mud Slap, Cross Chop, Stone Edge","689","688;689","689","Barbaracle","Binacle","FALSE",,"262",,,,"0/10/13",,,,"21.5",,,,"1492",,,,,
"Dragon Tail, Aqua Tail, Sludge Bomb","691","690;691","691","Dragalge","Skrelp","FALSE",,"63",,,,"0/15/13",,,,"24",,,,"1496",,,,,
"Dragon Tail, Dragon Claw, Ancient Power","696","696;697","696;697","Tyrunt","Tyrunt","FALSE",,"200",,,,"0/15/15",,,,"40",,,,"1499",,,,,
"Dragon Tail, Dragon Claw, Ancient Power","696","696;697","696;697","Tyrunt (Shadow)","Tyrunt","TRUE",,"150",,,,"0/15/15",,,,"40",,,,"1499",,,,,
"Powder Snow, Weather Ball (Ice), Thunderbolt","698","698;699","698;699","Amaura","Amaura","FALSE",,"133",,,,"11/15/15",,,,"50",,,,"1497",,,,,
"Powder Snow, Weather Ball (Ice), Thunderbolt","698","698;699","698;699","Amaura (Shadow)","Amaura","TRUE",,"86",,,,"11/15/15",,,,"50",,,,"1497",,,,,
"Powder Snow, Weather Ball (Ice), Meteor Beam","699","698;699","699","Aurorus","Amaura","FALSE",,"19",,,,"0/12/13",,,,"20.5",,,,"1498",,,,,
"Powder Snow, Weather Ball (Ice), Meteor Beam","699","698;699","699","Aurorus (Shadow)","Amaura","TRUE",,"37",,,,"0/12/13",,,,"20.5",,,,"1498",,,,,
"Poison Jab, Flying Press, Aerial Ace","701","701","701","Hawlucha","Hawlucha","FALSE",,"321",,,,"0/14/15",,,,"23.5",,,,"1498",,,,,
"Dragon Breath, Aqua Tail, Thunder Punch","706","704;705;706","706","Goodra","Goomy","FALSE",,"49",,,,"1/14/14",,,,"16",,,,"1497",,,,,
"Shadow Claw, Seed Bomb, Shadow Ball","709","708;709","709","Trevenant","Phantump","FALSE",,"244",,,,"0/15/15",,,,"22",,,,"1499",,,,,
"Astonish, Grass Knot, Foul Play","710","710;711","710;711","Pumpkaboo (Average)","Pumpkaboo","FALSE",,"222",,,,"15/15/15",,,,"50",,,,"1381",,,,,
"Astonish, Grass Knot, Foul Play","710","710;711","710;711","Pumpkaboo (Large)","Pumpkaboo","FALSE",,"161",,,,"15/15/15",,,,"50",,,,"1406",,,,,
"Astonish, Grass Knot, Foul Play","710","710;711","710;711","Pumpkaboo (Small)","Pumpkaboo","FALSE",,"265",,,,"15/15/15",,,,"50",,,,"1359",,,,,
"Astonish, Grass Knot, Foul Play","710","710;711","710;711","Pumpkaboo (Super)","Pumpkaboo","FALSE",,"103",,,,"15/15/15",,,,"50",,,,"1414",,,,,
"Hex, Shadow Ball, Seed Bomb","711","710;711","711","Gourgeist (Average)","Pumpkaboo","FALSE",,"128",,,,"1/15/14",,,,"21.5",,,,"1500",,,,,
"Hex, Shadow Ball, Seed Bomb","711","710;711","711","Gourgeist (Large)","Pumpkaboo","FALSE",,"106",,,,"1/15/14",,,,"21.5",,,,"1500",,,,,
"Hex, Shadow Ball, Seed Bomb","711","710;711","711","Gourgeist (Small)","Pumpkaboo","FALSE",,"155",,,,"1/15/14",,,,"21.5",,,,"1495",,,,,
"Hex, Shadow Ball, Seed Bomb","711","710;711","711","Gourgeist (Super)","Pumpkaboo","FALSE",,"109",,,,"1/15/14",,,,"21.5",,,,"1499",,,,,
"Ice Fang, Avalanche, Body Slam","713","712;713","713","Avalugg","Bergmite","FALSE",,"105",,,,"2/15/15",,,,"17.5",,,,"1500",,,,,
"Powder Snow, Rock Slide, Icy Wind","713","712;713","713","Avalugg (Hisuian)","Bergmite","FALSE",,"249",,,,"0/14/9",,,,"16.5",,,,"1498",,,,,
"Dragon Tail, Crunch, Earthquake","718","718;718&0-4attack;718&1-4attack","718;718&0-4attack;718&1-4attack","Zygarde (50% Forme)","Zygarde","FALSE",,"238",,,,"1/14/14",,,,"16.5",,,,"1494",,,,,
"Leafage, Brave Bird, Seed Bomb","723","722;723;724","723;724","Dartrix","Rowlet","FALSE",,"292",,,,"0/15/14",,,,"37.5",,,,"1498",,,,,
"Astonish, Frenzy Plant, Spirit Shackle","724","722;723;724","724","Decidueye","Rowlet","FALSE",,"119",,,,"0/14/11",,,,"20.5",,,,"1492",,,,,
"Volt Switch, X-Scissor, Discharge","737","736;737;738","737;738","Charjabug","Grubbin","FALSE",,"113",,,,"0/13/15",,,,"38.5",,,,"1500",,,,,
"Volt Switch, X-Scissor, Fly","738","736;737;738","738","Vikavolt","Grubbin","FALSE",,"290",,,,"0/14/12",,,,"18",,,,"1500",,,,,
"Poison Jab, Brine, Sludge Wave","748","747;748","748","Toxapex","Mareanie","FALSE",,"74",,,,"0/15/15",,,,"40.5",,,,"1493",,,,,
"Bug Bite, Bug Buzz, Bubble Beam","752","751;752","752","Araquanid","Dewpider","FALSE",,"76",,,,"0/10/15",,,,"35",,,,"1499",,,,,
"Fury Cutter, Leaf Blade, Superpower","754","753;754","754","Lurantis","Fomantis","FALSE",,"189",,,,"0/15/15",,,,"23.5",,,,"1495",,,,,
"Incinerate, Poison Fang, Dragon Pulse","758","757;758","758","Salazzle","Salandit","FALSE",,"138",,,,"2/15/13",,,,"22.5",,,,"1492",,,,,
"Shadow Claw, Superpower, Stomp","760","759;760","760","Bewear","Stufful","FALSE",,"91",,,,"0/15/14",,,,"18",,,,"1497",,,,,
"Confusion, Brutal Swing, Trailblaze","765","765","765","Oranguru","Oranguru","FALSE",,"13",,,,"0/13/14",,,,"23.5",,,,"1499",,,,,
"Counter, Brutal Swing, Brick Break","766","766","766","Passimian","Passimian","FALSE",,"301",,,,"0/15/14",,,,"18.5",,,,"1496",,,,,
"Shadow Claw, X-Scissor, Aqua Jet","768","767;768","768","Golisopod","Wimpod","FALSE",,"27",,,,"0/8/15",,,,"18",,,,"1498",,,,,
"Astonish, Scorching Sands, Shadow Ball","770","769;770","770","Palossand","Sandygast","FALSE",,"354",,,,"0/15/11",,,,"23.5",,,,"1494",,,,,
"Incinerate, Dragon Pulse, Overheat","776","776","776","Turtonator","Turtonator","FALSE",,"340",,,,"0/12/14",,,,"26",,,,"1496",,,,,
"Confusion, Aqua Tail, Psychic Fangs","779","779","779","Bruxish","Bruxish","FALSE",,"196",,,,"0/15/15",,,,"23.5",,,,"1497",,,,,
"Dragon Breath, Swift, Fly","780","780","780","Drampa","Drampa","FALSE",,"88",,,,"2/15/15",,,,"19",,,,"1492",,,,,
"Shadow Claw, Power Whip, Shadow Ball","781","781","781","Dhelmise","Dhelmise","FALSE",,"434",,,,"0/15/14",,,,"19",,,,"1498",,,,,
"Dragon Tail, Dragon Claw, Brick Break","783","782;783;784","783;784","Hakamo-o","Jangmo-o","FALSE",,"40",,,,"0/13/15",,,,"39",,,,"1493",,,,,
"Dragon Tail, Close Combat, Dragon Claw","784","782;783;784","784","Kommo-o","Jangmo-o","FALSE",,"83",,,,"0/14/14",,,,"17",,,,"1497",,,,,
"Counter, Superpower, Lunge","794","794","794","Buzzwole","Buzzwole","FALSE",,"317",,,,"2/15/15",,,,"16",,,,"1498",,,,,
"Poison Jab, Dragon Claw, Sludge Bomb","804","803;804","804","Naganadel","Poipole","FALSE",,"277",,,,"1/15/13",,,,"17.5",,,,"1500",,,,,
"Mud Shot, Body Slam, Trailblaze","820","819;820","820","Greedent","Skwovet","FALSE",,"177",,,,"0/12/14",,,,"24.5",,,,"1498",,,,,
"Sand Attack, Sky Attack, Payback","822","821;822;823","822;823","Corvisquire","Rookidee","FALSE",,"450",,,,"12/15/15",,,,"49.5",,,,"1500",,,,,
"Double Kick, Body Slam, Payback","832","831;832","832","Dubwool","Wooloo","FALSE",,"153",,,,"1/15/15",,,,"26",,,,"1499",,,,,
"Astonish, Outrage, Seed Bomb","842","840;842","842","Appletun","Appletun","FALSE",,"365",,,,"0/13/12",,,,"20",,,,"1498",,,,,
"Poison Jab, Wild Charge, Power-Up Punch","849","848;849","849","Toxtricity","Toxel","FALSE",,"228",,,,"0/15/15",,,,"21.5",,,,"1497",,,,,
"Ember, Lunge, Crunch","851","850;851","851","Centiskorch","Sizzlipede","FALSE",,"379",,,,"0/15/9",,,,"19",,,,"1495",,,,,
"Counter, Leaf Blade, Night Slash","865","83&galar;865","865","Sirfetch'd","Farfetchd","FALSE",,"397",,,,"2/15/15",,,,"18.5",,,,"1499",,,,,
"Shadow Claw, Rock Tomb, Shadow Ball","867","562&galar;867","867","Runerigus","Yamask","FALSE",,"75",,,,"0/11/14",,,,"25.5",,,,"1500",,,,,
"Astonish, Breaking Swipe, Shadow Ball","887","885;886;887","887","Dragapult","Dreepy","FALSE",,"59",,,,"3/15/15",,,,"15.5",,,,"1499",,,,,
"Shadow Claw, Close Combat, Aerial Ace","903","215&hisui;903","903","Sneasler","Sneasel","FALSE",,"285",,,,"0/15/9",,,,"17.5",,,,"1495",,,,,
"Shadow Claw, Close Combat, Aerial Ace","903","215&hisui;903","903","Sneasler (Shadow)","Sneasel","TRUE",,"335",,,,"0/15/9",,,,"17.5",,,,"1495",,,,,
"Incinerate, Crunch, Flamethrower","910","909;910;911","910;911","Crocalor","Fuecoco","FALSE",,"270",,,,"0/15/10",,,,"30",,,,"1496",,,,,
"Incinerate, Torch Song, Shadow Ball","911","909;910;911","911","Skeledirge","Fuecoco","FALSE",,"130",,,,"1/15/14",,,,"18.5",,,,"1496",,,,,
"Water Gun, Aqua Jet, Aerial Ace","913","912;913;914","913;914","Quaxwell","Quaxly","FALSE",,"432",,,,"0/15/10",,,,"35.5",,,,"1496",,,,,
"Wing Attack, Close Combat, Aqua Jet","914","912;913;914","914","Quaquaval","Quaxly","FALSE",,"438",,,,"0/15/15",,,,"18.5",,,,"1496",,,,,
"Tackle, Body Slam, Trailblaze","916","915;916","916","Oinkologne","Lechonk","FALSE",,"363",,,,"0/11/15",,,,"22",,,,"1499",,,,,
"Tackle, Body Slam, Trailblaze","916","915;916","916","Oinkologne (Female)","Lechonk","FALSE",,"208",,,,"0/14/15",,,,"23",,,,"1500",,,,,
"Mud Shot, Swift, Crunch","925","924;925","925","Maushold","Tandemaus","FALSE",,"334",,,,"0/14/15",,,,"29",,,,"1500",,,,,
"Magical Leaf, Earth Power, Trailblaze","929","928;929;930","929;930","Dolliv","Smoliv","FALSE",,"358",,,,"4/14/15",,,,"50",,,,"1498",,,,,
"Incinerate, Psyshock, Flame Charge","936","935;936","936","Armarouge","Armarouge","FALSE",,"43",,,,"0/13/15",,,,"17.5",,,,"1500",,,,,
"Incinerate, Shadow Ball, Flame Charge","937","935;937","937","Ceruledge","Ceruledge","FALSE",,"386",,,,"1/15/15",,,,"17.5",,,,"1498",,,,,
"Thunder Shock, Zap Cannon, Discharge","939","938;939","939","Bellibolt","Tadbulb","FALSE",,"263",,,,"0/14/12",,,,"21.5",,,,"1492",,,,,
"Mud Slap, Poison Fang, Sludge Bomb","945","944;945","945","Grafaiai","Shroodle","FALSE",,"239",,,,"0/15/14",,,,"25",,,,"1497",,,,,
"Lick, Psychic Fangs, Shadow Ball","972","971;972","972","Houndstone","Greavard","FALSE",,"237",,,,"1/14/15",,,,"22.5",,,,"1500",,,,,
"Powder Snow, Avalanche, Body Slam","974","974;975","974;975","Cetoddle","Cetoddle","FALSE",,"31",,,,"15/15/15",,,,"50",,,,"1469",,,,,
"Powder Snow, Avalanche, Body Slam","975","974;975","975","Cetitan","Cetoddle","FALSE",,"46",,,,"1/15/15",,,,"18",,,,"1500",,,,,
"Counter, Rage Fist, Close Combat","979","56;57;979","979","Annihilape","Mankey","FALSE",,"73",,,,"2/15/14",,,,"17",,,,"1499",,,,,
"Counter, Rage Fist, Ice Punch","979","56;57;979","979","Annihilape (Shadow)","Mankey","TRUE",,"58",,,,"2/15/14",,,,"17",,,,"1499",,,,,
"Poison Sting, Earthquake, Stone Edge","980","194&paldea;980","980","Clodsire","Wooper","FALSE",,"38",,,,"0/14/13",,,,"30.5",,,,"1490",,,,,
"Ice Fang, Avalanche, Dragon Claw","996","996;997;998","996;997;998","Frigibax","Frigibax","FALSE",,"267",,,,"15/15/15",,,,"50",,,,"1410",,,,,
"Dragon Breath, Avalanche, Dragon Claw","997","996;997;998","997;998","Arctibax","Frigibax","FALSE",,"61",,,,"0/14/13",,,,"27.5",,,,"1499",,,,,
"Ice Fang, Avalanche, Dragon Claw","998","996;997;998","998","Baxcalibur","Frigibax","FALSE",,"220",,,,"0/15/5",,,,"16",,,,"1495",,,,,
"",,,,"Select a Pokemon",,"FALSE","","","","","","","","","","","","","","","","","","",""
"",,,,"Select a Pokemon",,"FALSE","","","","","","","","","","","","","","","","","","",""
"",,,,"Select a Shadow Pokemon",,"TRUE","","","","","","","","","","","","","","","","","","",""
"",,,,"Select a Shadow Pokemon",,"TRUE","","","","","","","","","","","","","","","","","","",""
"1111","Select a Pokemon","Select a Pokemon","FALSE","","","","","","","","","","","","","","","","","","","","","1111","1111"
"1111","Select a Pokemon","Select a Pokemon","TRUE","","","","","","","","","","","","","","","","","","","","","1111","1111"
"1112","Select a Shadow Pokemon","Select a Shadow Pokemon","FALSE","","","","","","","","","","","","","","","","","","","","","1112","1112"
"1112","Select a Shadow Pokemon","Select a Shadow Pokemon","TRUE","","","","","","","","","","","","","","","","","","","","","1112","1112"
