"ID","Pokemon","Family","Shadow","Little_Rank","Great_Rank","Master_Rank","Ultra_Rank","Little_IVs","Great_IVs","Master_IVs","Ultra_IVs","Little_Level","Great_Level","Master_Level","Ultra_Level","Little_CP","Great_CP","Master_CP","Ultra_CP","Little_MoveSet","Great_MoveSet","Master_MoveSet","Ultra_MoveSet","Evo_Fam","Evo_Next"
"15","Beedrill","Weedle","FALSE",,"33",,,,"0/13/14",,,,"32.5",,,,"1500",,,,"Bug Bite*, X-Scissor, Drill Run*",,,"13;14;15","15"
"15","Beedrill (Shadow)","Weedle","TRUE",,"35",,,,"0/13/14",,,,"32.5",,,,"1500",,,,"Bug Bite*, X-Scissor, Drill Run*",,,"13;14;15","15"
"20","Raticate","Rattata","FALSE",,"208",,,,"0/14/15",,,,"36.5",,,,"1499",,,,"Bite, Dig, Hyper Beam",,,"19;20","20"
"20","Raticate (Alolan)","Rattata","FALSE",,"127",,,,"0/13/14",,,,"39",,,,"1497",,,,"Bite, Crunch, Hyper Fang",,,"19;20","20"
"20","Raticate (Alolan) (Shadow)","Rattata","TRUE",,"129",,,,"0/13/14",,,,"39",,,,"1497",,,,"Bite, Crunch, Hyper Fang",,,"19;20","20"
"20","Raticate (Shadow)","Rattata","TRUE",,"196",,,,"0/14/15",,,,"36.5",,,,"1499",,,,"Bite, Dig, Frustration<sup>†</sup>",,,"19;20","20"
"47","Parasect","Paras","FALSE",,"106",,,,"0/13/15",,,,"32",,,,"1500",,,,"Bug Bite*, Cross Poison, Solar Beam",,,"46;47","47"
"49","Venomoth","Venonat","FALSE",,"65",,,,"0/13/15",,,,"27.5",,,,"1497",,,,"Psywave, Poison Fang, Bug Buzz",,,"48;49","49"
"49","Venomoth (Shadow)","Venonat","TRUE",,"70",,,,"0/13/15",,,,"27.5",,,,"1497",,,,"Psywave, Poison Fang, Bug Buzz",,,"48;49","49"
"53","Persian","Meowth","FALSE",,"192",,,,"0/14/13",,,,"39",,,,"1498",,,,"Feint Attack, Foul Play, Night Slash*",,,"52;53;863","53"
"53","Persian (Alolan)","Meowth","FALSE",,"158",,,,"1/15/15",,,,"34.5",,,,"1498",,,,"Feint Attack, Foul Play, Play Rough",,,"52;53;863","53"
"53","Persian (Shadow)","Meowth","TRUE",,"189",,,,"0/14/13",,,,"39",,,,"1498",,,,"Feint Attack, Foul Play, Frustration<sup>†</sup>",,,"52;53;863","53"
"88","Grimer (Alolan)","Grimer","FALSE",,"73",,,,"10/15/14",,,,"50",,,,"1497",,,,"Poison Jab, Crunch, Gunk Shot",,,"88;89","88;89"
"88","Grimer (Alolan) (Shadow)","Grimer","TRUE",,"120",,,,"10/15/14",,,,"50",,,,"1497",,,,"Bite, Crunch, Frustration<sup>†</sup>",,,"88;89","88;89"
"89","Muk (Alolan)","Grimer","FALSE",,"82",,,,"0/15/14",,,,"20.5",,,,"1491",,,,"Poison Jab, Dark Pulse, Acid Spray",,,"88;89","89"
"89","Muk (Alolan) (Shadow)","Grimer","TRUE",,"71",,,,"0/15/14",,,,"20.5",,,,"1491",,,,"Poison Jab, Dark Pulse, Acid Spray",,,"88;89","89"
"103","Exeggutor (Alolan)","Exeggcute","FALSE",,"176",,,,"1/15/14",,,,"18.5",,,,"1498",,,,"Bullet Seed, Seed Bomb, Draco Meteor*",,,"102;103","103"
"103","Exeggutor (Alolan) (Shadow)","Exeggcute","TRUE",,"201",,,,"1/15/14",,,,"18.5",,,,"1498",,,,"Bullet Seed, Seed Bomb, Draco Meteor*",,,"102;103","103"
"108","Lickitung","Lickitung","FALSE",,"62",,,,"8/14/15",,,,"50",,,,"1491",,,,"Lick, Body Slam*, Power Whip",,,"108;463","108;463"
"115","Kangaskhan","Kangaskhan","FALSE",,"185",,,,"0/14/15",,,,"22",,,,"1495",,,,"Low Kick, Brick Break*, Crunch",,,"115","115"
"119","Seaking","Goldeen","FALSE",,"20",,,,"0/14/14",,,,"26.5",,,,"1500",,,,"Peck, Megahorn, Icy Wind*",,,"118;119","119"
"127","Pinsir","Pinsir","FALSE",,"74",,,,"0/13/14",,,,"19",,,,"1498",,,,"Bug Bite, X-Scissor, Close Combat",,,"127","127"
"127","Pinsir (Shadow)","Pinsir","TRUE",,"99",,,,"0/13/14",,,,"19",,,,"1498",,,,"Bug Bite, X-Scissor, Close Combat",,,"127","127"
"128","Tauros","Tauros","FALSE",,"148",,,,"0/15/15",,,,"21.5",,,,"1499",,,,"Tackle, Earthquake, Horn Attack",,,"128","128"
"133","Eevee","Eevee","FALSE",,"152",,,,"15/15/15",,,,"50",,,,"1210",,,,"Quick Attack, Body Slam*, Dig",,,"133;134;135;136;196;197;470;471;700","133;134;135;136;196;197;470;471;700"
"137","Porygon","Porygon","FALSE",,"224",,,,"0/13/15",,,,"37.5",,,,"1500",,,,"Charge Beam, Discharge*, Hyper Beam",,,"137;233;474","137;233;474"
"137","Porygon (Shadow)","Porygon","TRUE",,"225",,,,"0/13/15",,,,"37.5",,,,"1500",,,,"Charge Beam, Discharge*, Frustration<sup>†</sup>",,,"137;233;474","137;233;474"
"143","Snorlax","Snorlax","FALSE",,"109",,,,"1/15/14",,,,"17.5",,,,"1500",,,,"Lick, Body Slam, Superpower",,,"143;446","143;446"
"143","Snorlax (Shadow)","Snorlax","TRUE",,"145",,,,"1/15/14",,,,"17.5",,,,"1500",,,,"Lick, Body Slam, Earthquake",,,"143;446","143;446"
"148","Dragonair","Dratini","FALSE",,"12",,,,"1/15/15",,,,"34",,,,"1499",,,,"Dragon Breath, Aqua Tail, Dragon Pulse",,,"147;148;149","148;149"
"148","Dragonair (Shadow)","Dratini","TRUE",,"10",,,,"1/15/15",,,,"34",,,,"1499",,,,"Dragon Breath, Wrap, Aqua Tail",,,"147;148;149","148;149"
"162","Furret","Sentret","FALSE",,"34",,,,"1/15/14",,,,"35.5",,,,"1498",,,,"Quick Attack, Swift, Brick Break",,,"161;162","162"
"168","Ariados","Spinarak","FALSE",,"8",,,,"0/14/15",,,,"35",,,,"1497",,,,"Poison Sting, Lunge, Megahorn",,,"167;168","168"
"186","Politoed","Politoed","FALSE",,"59",,,,"0/15/11",,,,"23.5",,,,"1498",,,,"Mud Shot, Weather Ball (Water), Ice Beam*",,,"60;61;186","186"
"186","Politoed (Shadow)","Politoed","TRUE",,"77",,,,"0/15/11",,,,"23.5",,,,"1498",,,,"Mud Shot, Weather Ball (Water), Ice Beam*",,,"60;61;186","186"
"190","Aipom","Aipom","FALSE",,"165",,,,"14/15/14",,,,"49.5",,,,"1494",,,,"Astonish, Aerial Ace, Low Sweep",,,"190;424","190;424"
"190","Aipom (Shadow)","Aipom","TRUE",,"188",,,,"14/15/14",,,,"49.5",,,,"1494",,,,"Astonish, Aerial Ace, Frustration<sup>†</sup>",,,"190;424","190;424"
"197","Umbreon","Eevee","FALSE",,"29",,,,"0/15/14",,,,"27.5",,,,"1500",,,,"Snarl, Foul Play, Last Resort*",,,"133;197","197"
"203","Girafarig","Girafarig","FALSE",,"107",,,,"0/15/12",,,,"28",,,,"1499",,,,"Double Kick, Psychic Fangs, Trailblaze",,,"203;981","203;981"
"203","Girafarig (Shadow)","Girafarig","TRUE",,"113",,,,"0/15/12",,,,"28",,,,"1499",,,,"Double Kick, Psychic Fangs, Trailblaze",,,"203;981","203;981"
"204","Pineco","Pineco","FALSE",,"146",,,,"15/15/15",,,,"50",,,,"1253",,,,"Bug Bite, Gyro Ball, Return<sup>†</sup>",,,"204;205","204;205"
"204","Pineco (Shadow)","Pineco","TRUE",,"138",,,,"15/15/15",,,,"50",,,,"1253",,,,"Bug Bite, Frustration<sup>†</sup>, Gyro Ball",,,"204;205","204;205"
"206","Dunsparce","Dunsparce","FALSE",,"3",,,,"0/14/12",,,,"40",,,,"1499",,,,"Rollout, Drill Run, Rock Slide",,,"206;982","206;982"
"211","Qwilfish (Hisuian)","Qwilfish","FALSE",,"84",,,,"0/15/15",,,,"26.5",,,,"1494",,,,"Poison Sting, Aqua Tail, Ice Beam",,,"211;904","211;904"
"215","Sneasel","Sneasel","FALSE",,"183",,,,"1/15/14",,,,"27.5",,,,"1497",,,,"Feint Attack, Avalanche, Foul Play",,,"215;461","215;461"
"215","Sneasel (Shadow)","Sneasel","TRUE",,"177",,,,"1/15/14",,,,"27.5",,,,"1497",,,,"Feint Attack, Avalanche, Foul Play",,,"215;461","215;461"
"216","Teddiursa","Teddiursa","FALSE",,"172",,,,"15/15/14",,,,"50",,,,"1493",,,,"Lick, Cross Chop, Crunch",,,"216;217;901","216;217;901"
"216","Teddiursa (Shadow)","Teddiursa","TRUE",,"161",,,,"15/15/14",,,,"50",,,,"1493",,,,"Lick, Cross Chop, Crunch",,,"216;217;901","216;217;901"
"217","Ursaring","Teddiursa","FALSE",,"159",,,,"0/14/15",,,,"19",,,,"1500",,,,"Counter, Close Combat, Hyper Beam",,,"216;217;901","217;901"
"217","Ursaring (Shadow)","Teddiursa","TRUE",,"150",,,,"0/14/15",,,,"19",,,,"1500",,,,"Counter, Close Combat, Frustration<sup>†</sup>",,,"216;217;901","217;901"
"228","Houndour","Houndour","FALSE",,"160",,,,"15/15/15",,,,"50",,,,"1395",,,,"Ember, Crunch, Dark Pulse",,,"228;229","228;229"
"228","Houndour (Shadow)","Houndour","TRUE",,"141",,,,"15/15/15",,,,"50",,,,"1395",,,,"Ember, Crunch, Dark Pulse",,,"228;229","228;229"
"229","Houndoom","Houndour","FALSE",,"144",,,,"0/13/13",,,,"21.5",,,,"1500",,,,"Fire Fang, Crunch, Fire Blast",,,"228;229","229"
"229","Houndoom (Shadow)","Houndour","TRUE",,"132",,,,"0/13/13",,,,"21.5",,,,"1500",,,,"Fire Fang, Crunch, Fire Blast",,,"228;229","229"
"230","Kingdra","Horsea","FALSE",,"4",,,,"0/15/13",,,,"21.5",,,,"1497",,,,"Dragon Breath, Outrage, Swift",,,"116;117;230","230"
"230","Kingdra (Shadow)","Horsea","TRUE",,"11",,,,"0/15/13",,,,"21.5",,,,"1497",,,,"Dragon Breath, Outrage, Swift",,,"116;117;230","230"
"233","Porygon2","Porygon","FALSE",,"237",,,,"0/12/15",,,,"21",,,,"1498",,,,"Charge Beam, Hyper Beam, Solar Beam",,,"137;233;474","233;474"
"233","Porygon2 (Shadow)","Porygon","TRUE",,"238",,,,"0/12/15",,,,"21",,,,"1498",,,,"Charge Beam, Frustration<sup>†</sup>, Hyper Beam",,,"137;233;474","233;474"
"234","Stantler","Stantler","FALSE",,"218",,,,"0/11/15",,,,"26.5",,,,"1499",,,,"Tackle, Megahorn, Return<sup>†</sup>",,,"234;899","234;899"
"234","Stantler (Shadow)","Stantler","TRUE",,"214",,,,"0/11/15",,,,"26.5",,,,"1500",,,,"Tackle, Frustration<sup>†</sup>, Megahorn",,,"234;899","234;899"
"241","Miltank","Miltank","FALSE",,"2",,,,"0/14/14",,,,"24.5",,,,"1500",,,,"Rollout, Body Slam, Ice Beam",,,"241","241"
"242","Blissey","Chansey","FALSE",,"157",,,,"0/15/3",,,,"21.5",,,,"1500",,,,"Pound, Dazzling Gleam, Hyper Beam",,,"113;242;440","242;440"
"248","Tyranitar","Larvitar","FALSE",,"28",,,,"0/15/15",,,,"14.5",,,,"1500",,,,"Dragon Breath, Brutal Swing, Stone Edge",,,"246;247;248","248"
"248","Tyranitar (Shadow)","Larvitar","TRUE",,"151",,,,"0/15/15",,,,"14.5",,,,"1500",,,,"Bite, Brutal Swing, Crunch",,,"246;247;248","248"
"262","Mightyena","Poochyena","FALSE",,"81",,,,"0/12/14",,,,"30",,,,"1497",,,,"Sucker Punch, Play Rough, Poison Fang",,,"261;262","262"
"262","Mightyena (Shadow)","Poochyena","TRUE",,"76",,,,"0/12/14",,,,"30",,,,"1497",,,,"Sucker Punch, Play Rough, Poison Fang",,,"261;262","262"
"264","Linoone","Zigzagoon","FALSE",,"111",,,,"0/15/14",,,,"40",,,,"1497",,,,"Sand Attack, Dig, Grass Knot",,,"263;264;862","264;862"
"264","Linoone (Galarian)","Zigzagoon","FALSE",,"156",,,,"0/15/14",,,,"40",,,,"1497",,,,"Lick, Body Slam, Dig",,,"263;264;862","264;862"
"264","Linoone (Galarian) (Shadow)","Zigzagoon","TRUE",,"153",,,,"0/15/14",,,,"40",,,,"1497",,,,"Lick, Body Slam, Dig",,,"263;264;862","264;862"
"269","Dustox","Cascoon","FALSE",,"90",,,,"15/15/14",,,,"50",,,,"1384",,,,"Confusion, Bug Buzz, Silver Wind",,,"265;268;269","269"
"274","Nuzleaf","Seedot","FALSE",,"206",,,,"15/15/15",,,,"50",,,,"1387",,,,"Feint Attack, Foul Play, Grass Knot",,,"273;274;275","274;275"
"274","Nuzleaf (Shadow)","Seedot","TRUE",,"215",,,,"15/15/15",,,,"50",,,,"1387",,,,"Feint Attack, Foul Play, Frustration<sup>†</sup>",,,"273;274;275","274;275"
"275","Shiftry","Seedot","FALSE",,"191",,,,"0/14/11",,,,"24.5",,,,"1497",,,,"Snarl, Foul Play, Hurricane",,,"273;274;275","275"
"275","Shiftry (Shadow)","Seedot","TRUE",,"203",,,,"0/14/11",,,,"24.5",,,,"1497",,,,"Snarl, Foul Play, Frustration<sup>†</sup>",,,"273;274;275","275"
"288","Vigoroth","Slakoth","FALSE",,"40",,,,"1/15/15",,,,"29",,,,"1497",,,,"Counter, Body Slam, Rock Slide",,,"287;288;289","288;289"
"288","Vigoroth (Shadow)","Slakoth","TRUE",,"26",,,,"1/15/15",,,,"29",,,,"1497",,,,"Counter, Body Slam, Rock Slide",,,"287;288;289","288;289"
"289","Slaking","Slakoth","FALSE",,"239",,,,"0/14/15",,,,"12.5",,,,"1499",,,,"Yawn, Body Slam*, Earthquake",,,"287;288;289","289"
"289","Slaking (Shadow)","Slakoth","TRUE",,"240",,,,"0/14/15",,,,"12.5",,,,"1499",,,,"Yawn, Body Slam*, Earthquake",,,"287;288;289","289"
"294","Loudred","Whismur","FALSE",,"202",,,,"15/15/15",,,,"50",,,,"1500",,,,"Bite, Disarming Voice, Flamethrower",,,"293;294;295","294;295"
"294","Loudred (Shadow)","Whismur","TRUE",,"193",,,,"15/15/15",,,,"50",,,,"1500",,,,"Bite, Disarming Voice, Flamethrower",,,"293;294;295","294;295"
"295","Exploud","Whismur","FALSE",,"137",,,,"0/15/10",,,,"24.5",,,,"1500",,,,"Astonish, Boomburst, Crunch",,,"293;294;295","295"
"295","Exploud (Shadow)","Whismur","TRUE",,"155",,,,"0/15/10",,,,"24.5",,,,"1500",,,,"Astonish, Boomburst, Crunch",,,"293;294;295","295"
"301","Delcatty","Skitty","FALSE",,"48",,,,"0/15/15",,,,"49",,,,"1496",,,,"Charm, Wild Charge, Disarming Voice",,,"300;301","301"
"302","Sableye","Sableye","FALSE",,"7",,,,"0/15/15",,,,"49.5",,,,"1496",,,,"Shadow Claw, Foul Play, Dazzling Gleam",,,"302","302"
"302","Sableye (Shadow)","Sableye","TRUE",,"16",,,,"0/15/15",,,,"49.5",,,,"1496",,,,"Shadow Claw, Foul Play, Dazzling Gleam",,,"302","302"
"313","Volbeat","Volbeat","FALSE",,"198",,,,"0/15/15",,,,"35.5",,,,"1500",,,,"Struggle Bug, Bug Buzz, Signal Beam",,,"313","313"
"314","Illumise","Illumise","FALSE",,"195",,,,"0/15/15",,,,"35.5",,,,"1500",,,,"Struggle Bug, Bug Buzz, Dazzling Gleam",,,"314","314"
"319","Sharpedo","Carvanha","FALSE",,"180",,,,"0/15/15",,,,"25.5",,,,"1498",,,,"Bite, Crunch, Hydro Pump",,,"318;319","319"
"327","Spinda","Spinda","FALSE",,"133",,,,"15/15/14",,,,"50",,,,"1380",,,,"Psycho Cut, Dig, Icy Wind",,,"327","327"
"329","Vibrava","Trapinch","FALSE",,"114",,,,"15/15/15",,,,"50",,,,"1384",,,,"Dragon Breath, Sand Tomb, Bug Buzz",,,"328;329;330","329;330"
"329","Vibrava (Shadow)","Trapinch","TRUE",,"115",,,,"15/15/15",,,,"50",,,,"1384",,,,"Dragon Breath, Sand Tomb, Bug Buzz",,,"328;329;330","329;330"
"330","Flygon","Trapinch","FALSE",,"95",,,,"0/15/9",,,,"21.5",,,,"1500",,,,"Dragon Tail, Sand Tomb, Stone Edge",,,"328;329;330","330"
"330","Flygon (Shadow)","Trapinch","TRUE",,"91",,,,"0/15/9",,,,"21.5",,,,"1500",,,,"Dragon Tail, Sand Tomb, Stone Edge",,,"328;329;330","330"
"332","Cacturne","Cacnea","FALSE",,"122",,,,"0/14/15",,,,"24.5",,,,"1498",,,,"Sucker Punch, Grass Knot, Dynamic Punch",,,"331;332","332"
"332","Cacturne (Shadow)","Cacnea","TRUE",,"184",,,,"0/14/15",,,,"24.5",,,,"1498",,,,"Poison Jab, Dark Pulse, Dynamic Punch",,,"331;332","332"
"335","Zangoose","Zangoose","FALSE",,"86",,,,"0/15/10",,,,"23.5",,,,"1500",,,,"Fury Cutter, Close Combat, Dig",,,"335","335"
"342","Crawdaunt","Corphish","FALSE",,"187",,,,"2/15/14",,,,"22.5",,,,"1498",,,,"Snarl, Bubble Beam, Crabhammer",,,"341;342","342"
"342","Crawdaunt (Shadow)","Corphish","TRUE",,"173",,,,"2/15/14",,,,"22.5",,,,"1498",,,,"Snarl, Bubble Beam, Crabhammer",,,"341;342","342"
"347","Anorith","Anorith","FALSE",,"212",,,,"0/15/15",,,,"45",,,,"1499",,,,"Scratch, Ancient Power, Aqua Jet",,,"347;348","347;348"
"347","Anorith (Shadow)","Anorith","TRUE",,"186",,,,"0/15/15",,,,"45",,,,"1499",,,,"Scratch, Ancient Power, Aqua Jet",,,"347;348","347;348"
"348","Armaldo","Anorith","FALSE",,"58",,,,"0/9/15",,,,"20",,,,"1500",,,,"Fury Cutter, Rock Blast, Liquidation",,,"347;348","348"
"348","Armaldo (Shadow)","Anorith","TRUE",,"39",,,,"0/9/15",,,,"20",,,,"1500",,,,"Fury Cutter, Rock Blast, Liquidation",,,"347;348","348"
"350","Milotic","Feebas","FALSE",,"22",,,,"0/15/11",,,,"19",,,,"1498",,,,"Dragon Tail, Aqua Tail, Wrap",,,"349;350","350"
"350","Milotic (Shadow)","Feebas","TRUE",,"52",,,,"0/15/11",,,,"19",,,,"1498",,,,"Dragon Tail, Aqua Tail, Blizzard",,,"349;350","350"
"352","Kecleon","Kecleon","FALSE",,"96",,,,"0/15/15",,,,"28",,,,"1499",,,,"Sucker Punch, Foul Play, Flamethrower",,,"352","352"
"359","Absol","Absol","FALSE",,"178",,,,"0/15/15",,,,"22",,,,"1498",,,,"Psycho Cut, Brutal Swing*, Dark Pulse",,,"359","359"
"359","Absol (Shadow)","Absol","TRUE",,"154",,,,"0/15/15",,,,"22",,,,"1498",,,,"Psycho Cut, Brutal Swing*, Dark Pulse",,,"359","359"
"372","Shelgon","Bagon","FALSE",,"46",,,,"1/15/14",,,,"28",,,,"1498",,,,"Dragon Breath, Dragon Pulse, Crunch",,,"371;372;373","372;373"
"372","Shelgon (Shadow)","Bagon","TRUE",,"49",,,,"1/15/14",,,,"28",,,,"1498",,,,"Dragon Breath, Crunch, Dragon Pulse",,,"371;372;373","372;373"
"400","Bibarel","Bidoof","FALSE",,"79",,,,"0/14/13",,,,"33.5",,,,"1498",,,,"Rollout, Hyper Beam, Hyper Fang",,,"399;400","400"
"400","Bibarel (Shadow)","Bidoof","TRUE",,"228",,,,"0/14/13",,,,"33.5",,,,"1498",,,,"Rollout, Frustration<sup>†</sup>, Hyper Beam",,,"399;400","400"
"402","Kricketune","Kricketot","FALSE",,"38",,,,"0/15/15",,,,"39.5",,,,"1497",,,,"Fury Cutter, Aerial Ace, Bug Buzz",,,"401;402","402"
"413","Wormadam (Plant)","Burmy","FALSE",,"101",,,,"0/15/14",,,,"35.5",,,,"1499",,,,"Bug Bite, Bug Buzz, Energy Ball",,,"412;413","413"
"413","Wormadam (Sandy)","Burmy","FALSE",,"25",,,,"0/15/14",,,,"35.5",,,,"1499",,,,"Bug Bite, Bug Buzz, Bulldoze",,,"412;413","413"
"424","Ambipom","Aipom","FALSE",,"204",,,,"0/13/14",,,,"23.5",,,,"1500",,,,"Astonish, Aerial Ace, Hyper Beam",,,"190;424","424"
"424","Ambipom (Shadow)","Aipom","TRUE",,"211",,,,"0/13/14",,,,"23.5",,,,"1500",,,,"Astonish, Aerial Ace, Frustration<sup>†</sup>",,,"190;424","424"
"427","Buneary","Buneary","FALSE",,"234",,,,"15/15/15",,,,"50",,,,"1423",,,,"Pound, Fire Punch, Swift",,,"427;428","427;428"
"428","Lopunny","Buneary","FALSE",,"54",,,,"0/15/14",,,,"28",,,,"1499",,,,"Double Kick, Triple Axel, Focus Blast",,,"427;428","428"
"432","Purugly","Glameow","FALSE",,"143",,,,"0/12/15",,,,"29.5",,,,"1493",,,,"Scratch, Aerial Ace, Play Rough",,,"431;432","432"
"432","Purugly (Shadow)","Glameow","TRUE",,"125",,,,"0/12/15",,,,"29.5",,,,"1493",,,,"Scratch, Aerial Ace, Frustration<sup>†</sup>",,,"431;432","432"
"434","Stunky","Stunky","FALSE",,"199",,,,"15/15/15",,,,"50",,,,"1301",,,,"Bite, Crunch, Flamethrower",,,"434;435","434;435"
"434","Stunky (Shadow)","Stunky","TRUE",,"169",,,,"15/15/15",,,,"50",,,,"1301",,,,"Bite, Crunch, Flamethrower",,,"434;435","434;435"
"435","Skuntank","Stunky","FALSE",,"47",,,,"0/15/15",,,,"24",,,,"1493",,,,"Poison Jab, Crunch, Trailblaze",,,"434;435","435"
"435","Skuntank (Shadow)","Stunky","TRUE",,"50",,,,"0/15/15",,,,"24",,,,"1493",,,,"Poison Jab, Crunch, Trailblaze",,,"434;435","435"
"442","Spiritomb","Spiritomb","FALSE",,"31",,,,"0/15/15",,,,"27.5",,,,"1498",,,,"Sucker Punch, Rock Tomb, Shadow Ball",,,"442","442"
"444","Gabite","Gible","FALSE",,"164",,,,"0/15/14",,,,"31",,,,"1499",,,,"Mud Shot, Dig, Flamethrower",,,"443;444;445","444;445"
"444","Gabite (Shadow)","Gible","TRUE",,"190",,,,"0/15/14",,,,"31",,,,"1499",,,,"Mud Shot, Dig, Flamethrower",,,"443;444;445","444;445"
"445","Garchomp","Gible","FALSE",,"116",,,,"0/15/14",,,,"14",,,,"1500",,,,"Dragon Tail, Sand Tomb, Outrage",,,"443;444;445","445"
"445","Garchomp (Shadow)","Gible","TRUE",,"121",,,,"0/15/14",,,,"14",,,,"1500",,,,"Dragon Tail, Sand Tomb, Outrage",,,"443;444;445","445"
"446","Munchlax","Snorlax","FALSE",,"105",,,,"0/14/13",,,,"32",,,,"1499",,,,"Lick, Body Slam, Bulldoze",,,"143;446","446"
"451","Skorupi","Skorupi","FALSE",,"181",,,,"15/15/15",,,,"50",,,,"1141",,,,"Infestation, Aqua Tail, Cross Poison",,,"451;452","451;452"
"451","Skorupi (Shadow)","Skorupi","TRUE",,"182",,,,"15/15/15",,,,"50",,,,"1141",,,,"Infestation, Aqua Tail, Cross Poison",,,"451;452","451;452"
"452","Drapion","Skorupi","FALSE",,"41",,,,"2/15/14",,,,"23",,,,"1500",,,,"Poison Sting, Crunch, Aqua Tail",,,"451;452","452"
"452","Drapion (Shadow)","Skorupi","TRUE",,"36",,,,"2/15/14",,,,"23",,,,"1500",,,,"Poison Sting, Crunch, Aqua Tail",,,"451;452","452"
"461","Weavile","Sneasel","FALSE",,"220",,,,"0/15/15",,,,"18.5",,,,"1500",,,,"Feint Attack, Avalanche, Focus Blast",,,"215;461","461"
"461","Weavile (Shadow)","Sneasel","TRUE",,"221",,,,"0/15/15",,,,"18.5",,,,"1500",,,,"Feint Attack, Avalanche, Focus Blast",,,"215;461","461"
"463","Lickilicky","Lickitung","FALSE",,"5",,,,"0/15/10",,,,"23.5",,,,"1499",,,,"Rollout, Body Slam*, Earthquake",,,"108;463","463"
"474","Porygon-Z","Porygon","FALSE",,"235",,,,"1/15/13",,,,"17",,,,"1500",,,,"Charge Beam, Tri Attack*, Zap Cannon",,,"137;233;474","474"
"474","Porygon-Z (Shadow)","Porygon","TRUE",,"236",,,,"1/15/13",,,,"17",,,,"1500",,,,"Charge Beam, Tri Attack*, Zap Cannon",,,"137;233;474","474"
"478","Froslass","Froslass","FALSE",,"37",,,,"0/15/15",,,,"28",,,,"1499",,,,"Powder Snow, Avalanche, Shadow Ball",,,"361;478","478"
"478","Froslass (Shadow)","Froslass","TRUE",,"55",,,,"0/15/15",,,,"28",,,,"1499",,,,"Powder Snow, Avalanche, Shadow Ball",,,"361;478","478"
"503","Samurott (Hisuian)","Oshawott","FALSE",,"30",,,,"0/15/14",,,,"20",,,,"1499",,,,"Fury Cutter, Sacred Sword, Icy Wind",,,"501;502;503","503"
"505","Watchog","Patrat","FALSE",,"210",,,,"0/15/15",,,,"33",,,,"1500",,,,"Bite, Crunch, Grass Knot",,,"504;505","505"
"505","Watchog (Shadow)","Patrat","TRUE",,"197",,,,"0/15/15",,,,"33",,,,"1500",,,,"Bite, Crunch, Frustration<sup>†</sup>",,,"504;505","505"
"507","Herdier","Lillipup","FALSE",,"223",,,,"1/15/15",,,,"43",,,,"1497",,,,"Lick, Dig, Play Rough",,,"506;507;508","507;508"
"508","Stoutland","Lillipup","FALSE",,"130",,,,"0/15/13",,,,"20",,,,"1496",,,,"Ice Fang, Crunch, Play Rough",,,"506;507;508","508"
"510","Liepard","Purrloin","FALSE",,"142",,,,"0/15/14",,,,"31.5",,,,"1496",,,,"Charm, Dark Pulse, Play Rough",,,"509;510","510"
"510","Liepard (Shadow)","Purrloin","TRUE",,"126",,,,"0/15/14",,,,"31.5",,,,"1496",,,,"Charm, Dark Pulse, Frustration<sup>†</sup>",,,"509;510","510"
"531","Audino","Audino","FALSE",,"166",,,,"0/15/13",,,,"41",,,,"1500",,,,"Pound, Body Slam*, Dazzling Gleam",,,"531","531"
"541","Swadloon","Sewaddle","FALSE",,"94",,,,"12/15/14",,,,"49.5",,,,"1500",,,,"Bug Bite, Bug Buzz, Energy Ball",,,"540;541;542","541;542"
"542","Leavanny","Sewaddle","FALSE",,"117",,,,"0/13/14",,,,"22",,,,"1497",,,,"Shadow Claw*, Leaf Blade, Leaf Storm",,,"540;541;542","542"
"544","Whirlipede","Venipede","FALSE",,"69",,,,"15/15/15",,,,"50",,,,"1293",,,,"Bug Bite, Gyro Ball, Return<sup>†</sup>",,,"543;544;545","544;545"
"544","Whirlipede (Shadow)","Venipede","TRUE",,"102",,,,"15/15/15",,,,"50",,,,"1293",,,,"Bug Bite, Frustration<sup>†</sup>, Gyro Ball",,,"543;544;545","544;545"
"545","Scolipede","Venipede","FALSE",,"44",,,,"1/15/14",,,,"23",,,,"1496",,,,"Bug Bite, X-Scissor, Sludge Bomb",,,"543;544;545","545"
"545","Scolipede (Shadow)","Venipede","TRUE",,"92",,,,"1/15/14",,,,"23",,,,"1496",,,,"Bug Bite, Frustration<sup>†</sup>, Gyro Ball",,,"543;544;545","545"
"552","Krokorok","Sandile","FALSE",,"168",,,,"6/15/15",,,,"49",,,,"1500",,,,"Bite, Bulldoze, Crunch",,,"551;552;553","552;553"
"553","Krookodile","Sandile","FALSE",,"56",,,,"0/13/14",,,,"18.5",,,,"1499",,,,"Mud Slap, Brick Break, Crunch",,,"551;552;553","553"
"557","Dwebble","Dwebble","FALSE",,"231",,,,"15/15/15",,,,"50",,,,"1384",,,,"Cut, Return<sup>†</sup>, Rock Blast",,,"557;558","557;558"
"557","Dwebble (Shadow)","Dwebble","TRUE",,"230",,,,"15/15/15",,,,"50",,,,"1384",,,,"Cut, Frustration<sup>†</sup>, Rock Blast",,,"557;558","557;558"
"571","Zoroark","Zorua","FALSE",,"163",,,,"1/15/15",,,,"21.5",,,,"1500",,,,"Shadow Claw, Foul Play, Sludge Bomb",,,"570;571","571"
"571","Zoroark (Hisuian)","Zorua","FALSE",,"134",,,,"0/15/11",,,,"21.5",,,,"1499",,,,"Shadow Claw, Flamethrower, Foul Play",,,"570;571","571"
"573","Cinccino","Minccino","FALSE",,"124",,,,"2/15/14",,,,"25",,,,"1498",,,,"Charm, Aqua Tail, Hyper Beam",,,"572;573","573"
"585","Deerling","Deerling","FALSE",,"205",,,,"15/15/14",,,,"50",,,,"1283",,,,"Tackle, Energy Ball, Seed Bomb",,,"585;586","585;586"
"586","Sawsbuck","Deerling","FALSE",,"232",,,,"0/14/14",,,,"23.5",,,,"1496",,,,"Feint Attack, Hyper Beam, Megahorn",,,"585;586","586"
"588","Karrablast","Karrablast","FALSE",,"110",,,,"15/15/15",,,,"50",,,,"1336",,,,"Fury Cutter, Aerial Ace, Drill Run",,,"588;589","588;589"
"588","Karrablast (Shadow)","Karrablast","TRUE",,"112",,,,"15/15/15",,,,"50",,,,"1336",,,,"Fury Cutter, Aerial Ace, Drill Run",,,"588;589","588;589"
"596","Galvantula","Joltik","FALSE",,"45",,,,"0/15/15",,,,"25.5",,,,"1500",,,,"Fury Cutter, Discharge, Lunge",,,"595;596","596"
"596","Galvantula (Shadow)","Joltik","TRUE",,"51",,,,"0/15/15",,,,"25.5",,,,"1500",,,,"Fury Cutter, Discharge, Lunge",,,"595;596","596"
"610","Axew","Axew","FALSE",,"226",,,,"10/15/14",,,,"50",,,,"1495",,,,"Iron Tail, Aqua Tail, Dragon Claw",,,"610;611;612","610;611;612"
"611","Fraxure","Axew","FALSE",,"72",,,,"1/15/15",,,,"25",,,,"1500",,,,"Dragon Tail, Aqua Tail, Dragon Claw",,,"610;611;612","611;612"
"612","Haxorus","Axew","FALSE",,"128",,,,"0/14/13",,,,"15.5",,,,"1500",,,,"Dragon Tail, Breaking Swipe*, Surf",,,"610;611;612","612"
"617","Accelgor","Shelmet","FALSE",,"207",,,,"0/14/15",,,,"23",,,,"1500",,,,"Acid, Bug Buzz, Acid Spray",,,"616;617","617"
"617","Accelgor (Shadow)","Shelmet","TRUE",,"216",,,,"0/14/15",,,,"23",,,,"1500",,,,"Acid, Acid Spray, Bug Buzz",,,"616;617","617"
"621","Druddigon","Druddigon","FALSE",,"222",,,,"0/15/15",,,,"20.5",,,,"1499",,,,"Bite, Dragon Claw, Hyper Beam",,,"621","621"
"626","Bouffalant","Bouffalant","FALSE",,"140",,,,"0/13/11",,,,"20.5",,,,"1500",,,,"Mud Shot, Earthquake, Megahorn",,,"626","626"
"634","Zweilous","Deino","FALSE",,"17",,,,"0/15/15",,,,"32.5",,,,"1498",,,,"Dragon Breath, Body Slam, Dragon Pulse",,,"633;634;635","634;635"
"634","Zweilous (Shadow)","Deino","TRUE",,"136",,,,"0/15/15",,,,"32.5",,,,"1498",,,,"Bite, Body Slam, Dark Pulse",,,"633;634;635","634;635"
"635","Hydreigon","Deino","FALSE",,"171",,,,"0/15/10",,,,"15.5",,,,"1500",,,,"Bite, Brutal Swing*, Fly",,,"633;634;635","635"
"635","Hydreigon (Shadow)","Deino","TRUE",,"162",,,,"0/15/10",,,,"15.5",,,,"1500",,,,"Bite, Brutal Swing*, Dark Pulse",,,"633;634;635","635"
"636","Larvesta","Larvesta","FALSE",,"103",,,,"0/15/15",,,,"47.5",,,,"1499",,,,"Bug Bite, Bug Buzz, Flame Charge",,,"636;637","636;637"
"658","Greninja","Froakie","FALSE",,"123",,,,"3/15/12",,,,"21",,,,"1500",,,,"Bubble, Aerial Ace, Hydro Cannon*",,,"656;657;658","658"
"658","Greninja (Shadow)","Froakie","TRUE",,"200",,,,"3/15/12",,,,"21",,,,"1500",,,,"Bubble, Aerial Ace, Frustration<sup>†</sup>",,,"656;657;658","658"
"667","Litleo","Litleo","FALSE",,"75",,,,"4/15/15",,,,"50",,,,"1500",,,,"Incinerate, Flame Charge, Crunch",,,"667;668","667;668"
"668","Pyroar","Litleo","FALSE",,"98",,,,"0/15/10",,,,"20.5",,,,"1500",,,,"Incinerate, Flame Charge, Dark Pulse",,,"667;668","668"
"676","Furfrou","Furfrou","FALSE",,"175",,,,"1/14/15",,,,"27",,,,"1496",,,,"Bite, Dark Pulse, Grass Knot",,,"676","676"
"687","Malamar","Inkay","FALSE",,"42",,,,"0/15/9",,,,"24.5",,,,"1493",,,,"Psywave, Superpower, Foul Play",,,"686;687","687"
"687","Malamar (Shadow)","Inkay","TRUE",,"97",,,,"0/15/9",,,,"24.5",,,,"1493",,,,"Psywave, Foul Play, Frustration<sup>†</sup>",,,"686;687","687"
"691","Dragalge","Skrelp","FALSE",,"15",,,,"0/15/13",,,,"24",,,,"1500",,,,"Dragon Tail, Aqua Tail, Outrage",,,"690;691","691"
"695","Heliolisk","Helioptile","FALSE",,"179",,,,"0/15/15",,,,"21.5",,,,"1500",,,,"Volt Switch, Breaking Swipe, Grass Knot",,,"694;695","695"
"696","Tyrunt","Tyrunt","FALSE",,"93",,,,"0/15/15",,,,"40",,,,"1498",,,,"Dragon Tail, Ancient Power, Dragon Claw",,,"696;697","696;697"
"696","Tyrunt (Shadow)","Tyrunt","TRUE",,"89",,,,"0/15/15",,,,"40",,,,"1498",,,,"Dragon Tail, Ancient Power, Dragon Claw",,,"696;697","696;697"
"697","Tyrantrum","Tyrunt","FALSE",,"57",,,,"0/15/12",,,,"18",,,,"1493",,,,"Dragon Tail, Rock Tomb, Crunch",,,"696;697","697"
"697","Tyrantrum (Shadow)","Tyrunt","TRUE",,"66",,,,"0/15/12",,,,"18",,,,"1493",,,,"Dragon Tail, Rock Tomb, Crunch",,,"696;697","697"
"705","Sliggoo","Goomy","FALSE",,"209",,,,"1/15/15",,,,"28",,,,"1499",,,,"Water Gun, Dragon Pulse, Sludge Wave",,,"704;705;706","705;706"
"706","Goodra","Goomy","FALSE",,"18",,,,"1/14/14",,,,"16",,,,"1499",,,,"Dragon Breath, Thunder Punch*, Aqua Tail",,,"704;705;706","706"
"727","Incineroar","Litten","FALSE",,"27",,,,"0/15/9",,,,"19",,,,"1497",,,,"Double Kick, Brutal Swing, Blast Burn*",,,"725;726;727","727"
"735","Gumshoos","Yungoos","FALSE",,"213",,,,"0/15/12",,,,"26",,,,"1500",,,,"Bite, Crunch, Hyper Fang",,,"734;735","735"
"737","Charjabug","Grubbin","FALSE",,"24",,,,"0/13/15",,,,"38.5",,,,"1497",,,,"Bug Bite, X-Scissor, Discharge",,,"736;737;738","737;738"
"737","Charjabug (Shadow)","Grubbin","TRUE",,"14",,,,"0/13/15",,,,"38.5",,,,"1497",,,,"Bug Bite, X-Scissor, Discharge",,,"736;737;738","737;738"
"738","Vikavolt","Grubbin","FALSE",,"53",,,,"0/14/12",,,,"18",,,,"1494",,,,"Volt Switch*, X-Scissor, Fly",,,"736;737;738","738"
"738","Vikavolt (Shadow)","Grubbin","TRUE",,"108",,,,"0/14/12",,,,"18",,,,"1494",,,,"Bug Bite, Crunch, Discharge",,,"736;737;738","738"
"765","Oranguru","Oranguru","FALSE",,"119",,,,"0/13/14",,,,"23.5",,,,"1498",,,,"Confusion, Foul Play, Trailblaze",,,"765","765"
"768","Golisopod","Wimpod","FALSE",,"9",,,,"0/8/15",,,,"18",,,,"1499",,,,"Fury Cutter, X-Scissor, Aqua Jet",,,"767;768","768"
"775","Komala","Komala","FALSE",,"194",,,,"0/15/11",,,,"22",,,,"1500",,,,"Rollout, Bulldoze, Payback",,,"775","775"
"780","Drampa","Drampa","FALSE",,"63",,,,"2/15/15",,,,"19",,,,"1499",,,,"Dragon Breath, Dragon Pulse, Fly",,,"780","780"
"820","Greedent","Skwovet","FALSE",,"32",,,,"0/12/14",,,,"24.5",,,,"1497",,,,"Mud Shot, Body Slam, Trailblaze",,,"819;820","820"
"828","Thievul","Nickit","FALSE",,"104",,,,"0/15/11",,,,"27",,,,"1494",,,,"Quick Attack, Night Slash, Play Rough",,,"827;828","828"
"832","Dubwool","Wooloo","FALSE",,"6",,,,"1/15/15",,,,"26",,,,"1497",,,,"Double Kick, Body Slam, Wild Charge",,,"831;832","832"
"841","Flapple","Applin","FALSE",,"167",,,,"0/13/14",,,,"23",,,,"1500",,,,"Bullet Seed, Dragon Pulse, Fly",,,"840;841;842;1011;1019","841"
"842","Appletun","Applin","FALSE",,"227",,,,"2/15/14",,,,"23",,,,"1499",,,,"Astonish, Dragon Pulse, Energy Ball",,,"840;841;842;1011;1019","842"
"851","Centiskorch","Sizzlipede","FALSE",,"80",,,,"0/15/9",,,,"19",,,,"1500",,,,"Ember, Lunge, Crunch",,,"850;851","851"
"861","Grimmsnarl","Impidimp","FALSE",,"19",,,,"1/15/15",,,,"19.5",,,,"1499",,,,"Sucker Punch, Play Rough, Foul Play",,,"859;860;861","861"
"862","Obstagoon","Zigzagoon","FALSE",,"68",,,,"0/14/15",,,,"21.5",,,,"1500",,,,"Counter, Night Slash, Cross Chop",,,"263&galar;264&galar;862","862"
"862","Obstagoon (Shadow)","Zigzagoon","TRUE",,"87",,,,"0/14/15",,,,"21.5",,,,"1500",,,,"Counter, Cross Chop, Frustration<sup>†</sup>",,,"263&galar;264&galar;862","862"
"873","Frosmoth","Snom","FALSE",,"139",,,,"0/15/15",,,,"20.5",,,,"1500",,,,"Bug Bite, Bug Buzz, Hurricane",,,"872;873","873"
"876","Indeedee (Female)","Indeedee","FALSE",,"229",,,,"0/12/13",,,,"24",,,,"1500",,,,"Extrasensory, Energy Ball, Psybeam",,,"876","876"
"876","Indeedee (Male)","Indeedee","FALSE",,"233",,,,"1/15/14",,,,"23",,,,"1495",,,,"Extrasensory, Psybeam, Psychic",,,"876","876"
"886","Drakloak","Dreepy","FALSE",,"174",,,,"0/15/12",,,,"40",,,,"1499",,,,"Astonish, Dragon Pulse, Outrage",,,"885;886;887","886;887"
"887","Dragapult","Dreepy","FALSE",,"170",,,,"3/15/15",,,,"15.5",,,,"1500",,,,"Astonish, Breaking Swipe, Dragon Pulse",,,"885;886;887","887"
"899","Wyrdeer","Stantler","FALSE",,"149",,,,"1/15/15",,,,"20.5",,,,"1497",,,,"Confusion, Stomp, Wild Charge",,,"234;899","899"
"900","Kleavor","Kleavor","FALSE",,"23",,,,"0/15/8",,,,"18",,,,"1500",,,,"Fury Cutter, X-Scissor, Rock Slide",,,"123;900","900"
"901","Ursaluna","Teddiursa","FALSE",,"219",,,,"0/14/14",,,,"14.5",,,,"1500",,,,"Rock Smash, Thunder Punch, High Horsepower*",,,"216;217;901","901"
"901","Ursaluna (Shadow)","Teddiursa","TRUE",,"217",,,,"0/14/14",,,,"14.5",,,,"1500",,,,"Rock Smash, Thunder Punch, High Horsepower*",,,"216;217;901","901"
"904","Overqwil","Qwilfish","FALSE",,"78",,,,"0/15/15",,,,"19",,,,"1498",,,,"Poison Sting, Aqua Tail, Ice Beam",,,"211&hisui;904","904"
"908","Meowscarada","Sprigatito","FALSE",,"118",,,,"0/13/13",,,,"20",,,,"1498",,,,"Charm, Frenzy Plant*, Night Slash",,,"906;907;908","908"
"916","Oinkologne","Lechonk","FALSE",,"67",,,,"0/11/15",,,,"22",,,,"1496",,,,"Tackle, Body Slam, Trailblaze",,,"915;916","916"
"916","Oinkologne (Female)","Lechonk","FALSE",,"43",,,,"0/14/15",,,,"23",,,,"1500",,,,"Tackle, Body Slam, Trailblaze",,,"915;916","916"
"918","Spidops","Tarountula","FALSE",,"1",,,,"0/13/14",,,,"39.5",,,,"1497",,,,"Bug Bite, Lunge, Rock Tomb",,,"917;918","918"
"920","Lokix","Nymble","FALSE",,"60",,,,"0/14/14",,,,"24.5",,,,"1499",,,,"Bug Bite, X-Scissor, Trailblaze",,,"919;920","920"
"925","Maushold","Tandemaus","FALSE",,"131",,,,"0/14/15",,,,"29",,,,"1498",,,,"Bullet Seed, Crunch, Play Rough",,,"924;925","925"
"929","Dolliv","Smoliv","FALSE",,"135",,,,"4/14/15",,,,"50",,,,"1497",,,,"Magical Leaf, Earth Power, Seed Bomb",,,"928;929;930","929;930"
"930","Arboliva","Smoliv","FALSE",,"147",,,,"0/14/15",,,,"19",,,,"1500",,,,"Magical Leaf, Earth Power, Seed Bomb",,,"928;929;930","930"
"945","Grafaiai","Shroodle","FALSE",,"85",,,,"0/15/14",,,,"25",,,,"1498",,,,"Mud Slap, Acid Spray, Poison Fang",,,"944;945","945"
"978","Tatsugiri (Curly)","Tatsugiri","FALSE",,"241",,,,"10/15/14",,,,"23",,,,"1497",,,,"Take Down, Hydro Pump, Muddy Water",,,"978","978"
"978","Tatsugiri (Droopy)","Tatsugiri","FALSE",,"242",,,,"10/15/14",,,,"23",,,,"1497",,,,"Take Down, Hydro Pump, Muddy Water",,,"978","978"
"978","Tatsugiri (Stretchy)","Tatsugiri","FALSE",,"243",,,,"10/15/14",,,,"23",,,,"1497",,,,"Take Down, Hydro Pump, Muddy Water",,,"978","978"
"982","Dudunsparce","Dunsparce","FALSE",,"21",,,,"0/15/7",,,,"21",,,,"1500",,,,"Dragon Tail, Body Slam, Rock Slide",,,"206;982","982"
"996","Frigibax","Frigibax","FALSE",,"64",,,,"15/15/15",,,,"50",,,,"1410",,,,"Dragon Breath, Avalanche, Dragon Claw",,,"996;997;998","996;997;998"
"997","Arctibax","Frigibax","FALSE",,"13",,,,"0/14/13",,,,"27.5",,,,"1500",,,,"Dragon Breath, Avalanche, Dragon Claw",,,"996;997;998","997;998"
"998","Baxcalibur","Frigibax","FALSE",,"61",,,,"0/15/5",,,,"16",,,,"1500",,,,"Dragon Breath, Avalanche, Blizzard",,,"996;997;998","998"
"1011","Dipplin","Applin","FALSE",,"83",,,,"0/15/15",,,,"24",,,,"1499",,,,"Dragon Tail, Seed Bomb, Outrage",,,"840;841;842;1011;1019","1011;1019"
"1019","Hydrapple","Applin","FALSE",,"100",,,,"0/14/12",,,,"17.5",,,,"1500",,,,"Dragon Tail, Seed Bomb, Outrage",,,"840;841;842;1011;1019","1019"
"1111","Select a Pokemon","Select a Pokemon","FALSE","","","","","","","","","","","","","","","","","","","","","1111","1111"
"1111","Select a Pokemon","Select a Pokemon","TRUE","","","","","","","","","","","","","","","","","","","","","1111","1111"
"1112","Select a Shadow Pokemon","Select a Shadow Pokemon","FALSE","","","","","","","","","","","","","","","","","","","","","1112","1112"
"1112","Select a Shadow Pokemon","Select a Shadow Pokemon","TRUE","","","","","","","","","","","","","","","","","","","","","1112","1112"
