"ID","Pokemon","Family","Shadow","Little_Rank","Ultra_Rank","Great_Rank","Master_Rank","Little_IVs","Ultra_IVs","Great_IVs","Master_IVs","Little_Level","Ultra_Level","Great_Level","Master_Level","Little_CP","Ultra_CP","Great_CP","Master_CP","Little_MoveSet","Ultra_MoveSet","Great_MoveSet","Master_MoveSet","Evo_Fam","Evo_Next"
"3","Venusaur","Bulbasaur","FALSE",,"42",,,,"1/15/14",,,,"39",,,,"2499",,,,"Vine Whip, Frenzy Plant, Sludge Bomb",,,"1;2;3","3"
"3","Venusaur (Shadow)","Bulbasaur","TRUE",,"29",,,,"1/15/14",,,,"39",,,,"2499",,,,"Vine Whip, Frenzy Plant, Sludge Bomb",,,"1;2;3","3"
"6","Charizard","Charmander","FALSE",,"229",,,,"0/13/15",,,,"35",,,,"2497",,,,"Ember, Blast Burn, Dragon Claw",,,"4;5;6","6"
"6","Charizard (Shadow)","Charmander","TRUE",,"184",,,,"0/13/15",,,,"35",,,,"2497",,,,"Ember, Blast Burn, Dragon Claw",,,"4;5;6","6"
"9","Blastoise","Squirtle","FALSE",,"31",,,,"0/12/15",,,,"48.5",,,,"2495",,,,"Rollout, Hydro Cannon, Ice Beam",,,"7;8;9","9"
"9","Blastoise (Shadow)","Squirtle","TRUE",,"55",,,,"0/12/15",,,,"48.5",,,,"2495",,,,"Rollout, Hydro Cannon, Ice Beam",,,"7;8;9","9"
"15","Beedrill","Weedle","FALSE",,"288",,,,"15/15/15",,,,"50",,,,"2087",,,,"Poison Sting, Drill Run, X-Scissor",,,"13;14;15","15"
"15","Beedrill (Shadow)","Weedle","TRUE",,"284",,,,"15/15/15",,,,"50",,,,"2087",,,,"Poison Sting, Drill Run, X-Scissor",,,"13;14;15","15"
"18","Pidgeot","Pidgey","FALSE",,"140",,,,"15/15/15",,,,"50",,,,"2407",,,,"Gust, Air Cutter, Brave Bird",,,"16;17;18","18"
"18","Pidgeot (Shadow)","Pidgey","TRUE",,"175",,,,"15/15/15",,,,"50",,,,"2407",,,,"Gust, Brave Bird, Air Cutter",,,"16;17;18","18"
"20","Raticate (Alolan)","Rattata","FALSE",,"395",,,,"15/15/15",,,,"50",,,,"1927",,,,"Quick Attack, Crunch, Hyper Fang",,,"19;20","20"
"20","Raticate (Alolan) (Shadow)","Rattata","TRUE",,"396",,,,"15/15/15",,,,"50",,,,"1927",,,,"Quick Attack, Crunch, Hyper Fang",,,"19;20","20"
"22","Fearow","Spearow","FALSE",,"399",,,,"15/15/15",,,,"50",,,,"2257",,,,"Steel Wing, Fly, Drill Run",,,"21;22","22"
"26","Raichu","Pikachu","FALSE",,"75",,,,"15/15/14",,,,"50",,,,"2467",,,,"Thunder Shock, Brick Break, Wild Charge",,,"25;26;172","26;172"
"26","Raichu (Alolan)","Pikachu","FALSE",,"56",,,,"8/15/14",,,,"50",,,,"2500",,,,"Thunder Shock, Trailblaze, Wild Charge",,,"25;26;172","26;172"
"38","Ninetales","Vulpix","FALSE",,"59",,,,"9/15/15",,,,"50",,,,"2495",,,,"Ember, Weather Ball (Fire), Overheat",,,"37;38","38"
"38","Ninetales (Shadow)","Vulpix","TRUE",,"38",,,,"9/15/15",,,,"50",,,,"2495",,,,"Ember, Weather Ball (Fire), Overheat",,,"37;38","38"
"40","Wigglytuff","Jigglypuff","FALSE",,"333",,,,"15/15/15",,,,"50",,,,"2178",,,,"Charm, Disarming Voice, Icy Wind",,,"39;40;174","40;174"
"45","Vileplume","Oddish","FALSE",,"177",,,,"0/15/14",,,,"44",,,,"2494",,,,"Acid, Sludge Bomb, Moonblast",,,"43;44;45","45"
"45","Vileplume (Shadow)","Oddish","TRUE",,"189",,,,"0/15/14",,,,"44",,,,"2494",,,,"Acid, Sludge Bomb, Moonblast",,,"43;44;45","45"
"47","Parasect","Paras","FALSE",,"331",,,,"15/15/14",,,,"50",,,,"2102",,,,"Fury Cutter, X-Scissor, Cross Poison",,,"46;47","47"
"49","Venomoth","Venonat","FALSE",,"188",,,,"15/15/15",,,,"50",,,,"2354",,,,"Psywave, Poison Fang, Silver Wind",,,"48;49","49"
"49","Venomoth (Shadow)","Venonat","TRUE",,"176",,,,"15/15/15",,,,"50",,,,"2354",,,,"Psywave, Poison Fang, Silver Wind",,,"48;49","49"
"55","Golduck","Psyduck","FALSE",,"260",,,,"0/13/13",,,,"48.5",,,,"2496",,,,"Water Gun, Cross Chop, Liquidation",,,"54;55","55"
"55","Golduck (Shadow)","Psyduck","TRUE",,"275",,,,"0/13/13",,,,"48.5",,,,"2496",,,,"Water Gun, Cross Chop, Liquidation",,,"54;55","55"
"59","Arcanine","Growlithe","FALSE",,"347",,,,"0/15/15",,,,"31.5",,,,"2497",,,,"Snarl, Crunch, Flamethrower",,,"58;59","59"
"59","Arcanine (Hisuian)","Growlithe","FALSE",,"289",,,,"0/10/15",,,,"30",,,,"2485",,,,"Fire Fang, Rock Slide, Crunch",,,"58;59","59"
"59","Arcanine (Shadow)","Growlithe","TRUE",,"116",,,,"0/15/15",,,,"31.5",,,,"2497",,,,"Fire Fang, Wild Charge, Psychic Fangs",,,"58;59","59"
"62","Poliwrath","Poliwag","FALSE",,"60",,,,"0/14/14",,,,"44",,,,"2494",,,,"Counter, Icy Wind, Scald",,,"60;61;62","62"
"62","Poliwrath (Shadow)","Poliwag","TRUE",,"78",,,,"0/14/14",,,,"44",,,,"2494",,,,"Counter, Icy Wind, Scald",,,"60;61;62","62"
"71","Victreebel","Bellsprout","FALSE",,"10",,,,"0/15/12",,,,"48.5",,,,"2498",,,,"Acid, Leaf Blade, Sludge Bomb",,,"69;70;71","71"
"71","Victreebel (Shadow)","Bellsprout","TRUE",,"4",,,,"0/15/12",,,,"48.5",,,,"2498",,,,"Acid, Leaf Blade, Sludge Bomb",,,"69;70;71","71"
"73","Tentacruel","Tentacool","FALSE",,"5",,,,"0/13/15",,,,"50",,,,"2493",,,,"Acid, Scald, Sludge Wave",,,"72;73","73"
"73","Tentacruel (Shadow)","Tentacool","TRUE",,"8",,,,"0/13/15",,,,"50",,,,"2493",,,,"Acid, Scald, Sludge Wave",,,"72;73","73"
"75","Graveler (Alolan)","Geodude","FALSE",,"327",,,,"15/15/15",,,,"50",,,,"2145",,,,"Volt Switch, Stone Edge, Rock Blast",,,"74;75;76","75;76"
"75","Graveler (Alolan) (Shadow)","Geodude","TRUE",,"310",,,,"15/15/15",,,,"50",,,,"2145",,,,"Volt Switch, Stone Edge, Rock Blast",,,"74;75;76","75;76"
"76","Golem (Alolan)","Geodude","FALSE",,"93",,,,"0/15/15",,,,"33.5",,,,"2498",,,,"Rollout, Rock Blast, Wild Charge",,,"74;75;76","76"
"76","Golem (Alolan) (Shadow)","Geodude","TRUE",,"74",,,,"0/15/15",,,,"33.5",,,,"2498",,,,"Rollout, Wild Charge, Rock Blast",,,"74;75;76","76"
"78","Rapidash","Ponyta","FALSE",,"39",,,,"0/15/14",,,,"47",,,,"2499",,,,"Incinerate, Wild Charge, Flame Charge",,,"77;78","78"
"80","Slowbro","Slowpoke","FALSE",,"296",,,,"0/14/14",,,,"45.5",,,,"2499",,,,"Water Gun, Surf, Ice Beam",,,"79;80","80"
"80","Slowbro (Shadow)","Slowpoke","TRUE",,"343",,,,"0/14/14",,,,"45.5",,,,"2499",,,,"Water Gun, Surf, Ice Beam",,,"79;80","80"
"82","Magneton","Magnemite","FALSE",,"131",,,,"0/15/15",,,,"45.5",,,,"2494",,,,"Volt Switch, Discharge, Magnet Bomb",,,"81;82;462","82;462"
"82","Magneton (Shadow)","Magnemite","TRUE",,"115",,,,"0/15/15",,,,"45.5",,,,"2494",,,,"Volt Switch, Discharge, Magnet Bomb",,,"81;82;462","82;462"
"85","Dodrio","Doduo","FALSE",,"357",,,,"0/15/14",,,,"50",,,,"2497",,,,"Steel Wing, Brave Bird, Drill Peck",,,"84;85","85"
"87","Dewgong","Seel","FALSE",,"253",,,,"15/15/15",,,,"50",,,,"2245",,,,"Ice Shard, Icy Wind, Drill Run",,,"86;87","87"
"91","Cloyster","Shellder","FALSE",,"323",,,,"0/14/14",,,,"45",,,,"2489",,,,"Ice Shard, Icy Wind, Hydro Pump",,,"90;91","91"
"91","Cloyster (Shadow)","Shellder","TRUE",,"355",,,,"0/14/14",,,,"45",,,,"2489",,,,"Ice Shard, Icy Wind, Hydro Pump",,,"90;91","91"
"99","Kingler","Krabby","FALSE",,"360",,,,"0/15/15",,,,"35.5",,,,"2498",,,,"Bubble, Crabhammer, X-Scissor",,,"98;99","99"
"101","Electrode","Voltorb","FALSE",,"263",,,,"15/15/14",,,,"50",,,,"2373",,,,"Volt Switch, Discharge, Foul Play",,,"100;101","101"
"101","Electrode (Hisuian)","Voltorb","FALSE",,"121",,,,"15/15/14",,,,"50",,,,"2430",,,,"Thunder Shock, Wild Charge, Swift",,,"100;101","101"
"101","Electrode (Shadow)","Voltorb","TRUE",,"247",,,,"15/15/14",,,,"50",,,,"2373",,,,"Volt Switch, Discharge, Foul Play",,,"100;101","101"
"103","Exeggutor","Exeggcute","FALSE",,"376",,,,"1/15/15",,,,"31.5",,,,"2498",,,,"Bullet Seed, Seed Bomb, Psychic",,,"102;103","103"
"103","Exeggutor (Alolan)","Exeggcute","FALSE",,"238",,,,"1/15/15",,,,"31.5",,,,"2489",,,,"Dragon Tail, Seed Bomb, Draco Meteor",,,"102;103","103"
"103","Exeggutor (Alolan) (Shadow)","Exeggcute","TRUE",,"240",,,,"1/15/15",,,,"31.5",,,,"2489",,,,"Dragon Tail, Seed Bomb, Draco Meteor",,,"102;103","103"
"103","Exeggutor (Shadow)","Exeggcute","TRUE",,"377",,,,"1/15/15",,,,"31.5",,,,"2498",,,,"Bullet Seed, Seed Bomb, Psychic",,,"102;103","103"
"105","Marowak (Alolan)","Cubone","FALSE",,"265",,,,"15/15/14",,,,"50",,,,"2075",,,,"Hex, Bone Club, Shadow Bone",,,"104;105","105"
"105","Marowak (Alolan) (Shadow)","Cubone","TRUE",,"282",,,,"15/15/14",,,,"50",,,,"2075",,,,"Hex, Bone Club, Shadow Bone",,,"104;105","105"
"113","Chansey","Chansey","FALSE",,"414",,,,"15/15/15",,,,"50",,,,"1418",,,,"Zen Headbutt, Dazzling Gleam, Psychic",,,"113;242;440","113;242;440"
"114","Tangela","Tangela","FALSE",,"290",,,,"12/15/15",,,,"50",,,,"2500",,,,"Vine Whip, Grass Knot, Sludge Bomb",,,"114;465","114;465"
"114","Tangela (Shadow)","Tangela","TRUE",,"297",,,,"12/15/15",,,,"50",,,,"2500",,,,"Vine Whip, Grass Knot, Sludge Bomb",,,"114;465","114;465"
"115","Kangaskhan","Kangaskhan","FALSE",,"167",,,,"0/15/13",,,,"44",,,,"2496",,,,"Mud Slap, Power-Up Punch, Outrage",,,"115","115"
"117","Seadra","Horsea","FALSE",,"407",,,,"15/15/15",,,,"50",,,,"2366",,,,"Dragon Breath, Hydro Pump, Blizzard",,,"116;117;230","117;230"
"117","Seadra (Shadow)","Horsea","TRUE",,"406",,,,"15/15/15",,,,"50",,,,"2366",,,,"Dragon Breath, Hydro Pump, Blizzard",,,"116;117;230","117;230"
"119","Seaking","Goldeen","FALSE",,"198",,,,"15/15/15",,,,"50",,,,"2444",,,,"Poison Jab, Drill Run, Icy Wind",,,"118;119","119"
"121","Starmie","Staryu","FALSE",,"152",,,,"0/15/14",,,,"43",,,,"2493",,,,"Psywave, Surf, Ice Beam",,,"120;121","121"
"123","Scyther","Scyther","FALSE",,"179",,,,"0/13/15",,,,"39.5",,,,"2491",,,,"Fury Cutter, Aerial Ace, Night Slash",,,"123;212","123;212"
"123","Scyther (Shadow)","Scyther","TRUE",,"111",,,,"0/13/15",,,,"39.5",,,,"2491",,,,"Fury Cutter, Aerial Ace, Night Slash",,,"123;212","123;212"
"125","Electabuzz","Electabuzz","FALSE",,"166",,,,"5/15/15",,,,"49.5",,,,"2498",,,,"Thunder Shock, Thunder Punch, Return",,,"125;239;466","125;239;466"
"125","Electabuzz (Shadow)","Electabuzz","TRUE",,"124",,,,"5/15/15",,,,"49.5",,,,"2499",,,,"Thunder Shock, Thunder Punch, Thunderbolt",,,"125;239;466","125;239;466"
"126","Magmar","Magmar","FALSE",,"110",,,,"0/14/15",,,,"49.5",,,,"2489",,,,"Karate Chop, Fire Punch, Scorching Sands",,,"126;240;467","126;240;467"
"126","Magmar (Shadow)","Magmar","TRUE",,"103",,,,"0/14/15",,,,"49.5",,,,"2489",,,,"Karate Chop, Fire Punch, Scorching Sands",,,"126;240;467","126;240;467"
"127","Pinsir","Pinsir","FALSE",,"134",,,,"0/14/15",,,,"33",,,,"2500",,,,"Fury Cutter, Close Combat, X-Scissor",,,"127","127"
"127","Pinsir (Shadow)","Pinsir","TRUE",,"92",,,,"0/14/15",,,,"33",,,,"2500",,,,"Fury Cutter, Close Combat, X-Scissor",,,"127","127"
"128","Tauros","Tauros","FALSE",,"287",,,,"0/15/14",,,,"42",,,,"2494",,,,"Tackle, Trailblaze, Horn Attack",,,"128","128"
"128","Tauros (Aqua)","Tauros","FALSE",,"107",,,,"0/15/15",,,,"36",,,,"2500",,,,"Double Kick, Aqua Jet, Trailblaze",,,"128","128"
"128","Tauros (Blaze)","Tauros","FALSE",,"142",,,,"0/15/15",,,,"36",,,,"2500",,,,"Double Kick, Flame Charge, Trailblaze",,,"128","128"
"130","Gyarados","Magikarp","FALSE",,"163",,,,"0/15/14",,,,"27.5",,,,"2485",,,,"Dragon Breath, Aqua Tail, Crunch",,,"129;130","130"
"130","Gyarados (Shadow)","Magikarp","TRUE",,"157",,,,"0/15/14",,,,"27.5",,,,"2485",,,,"Dragon Breath, Aqua Tail, Crunch",,,"129;130","130"
"131","Lapras","Lapras","FALSE",,"7",,,,"0/15/15",,,,"42.5",,,,"2500",,,,"Psywave, Sparkling Aria, Ice Beam",,,"131","131"
"131","Lapras (Shadow)","Lapras","TRUE",,"9",,,,"0/15/15",,,,"42.5",,,,"2500",,,,"Psywave, Sparkling Aria, Ice Beam",,,"131","131"
"134","Vaporeon","Eevee","FALSE",,"233",,,,"0/15/13",,,,"30.5",,,,"2500",,,,"Water Gun, Aqua Tail, Last Resort",,,"133;134","134"
"135","Jolteon","Eevee","FALSE",,"264",,,,"0/15/15",,,,"34.5",,,,"2498",,,,"Volt Switch, Discharge, Last Resort",,,"133;135","135"
"136","Flareon","Eevee","FALSE",,"295",,,,"1/15/15",,,,"31",,,,"2495",,,,"Ember, Superpower, Flamethrower",,,"133;136","136"
"139","Omastar","Omanyte","FALSE",,"322",,,,"0/14/15",,,,"37.5",,,,"2497",,,,"Mud Shot, Rock Slide, Rock Blast",,,"138;139","139"
"139","Omastar (Shadow)","Omanyte","TRUE",,"278",,,,"0/14/15",,,,"37.5",,,,"2497",,,,"Mud Shot, Rock Slide, Rock Blast",,,"138;139","139"
"141","Kabutops","Kabuto","FALSE",,"150",,,,"0/14/15",,,,"39",,,,"2500",,,,"Fury Cutter, Stone Edge, Ancient Power",,,"140;141","141"
"143","Snorlax","Snorlax","FALSE",,"227",,,,"0/12/15",,,,"29.5",,,,"2491",,,,"Lick, Body Slam, Earthquake",,,"143;446","143;446"
"143","Snorlax (Shadow)","Snorlax","TRUE",,"230",,,,"0/12/15",,,,"29.5",,,,"2491",,,,"Lick, Body Slam, Earthquake",,,"143;446","143;446"
"145","Zapdos","Zapdos","FALSE",,"41",,,,"0/13/13",,,,"26.5",,,,"2498",,,,"Thunder Shock, Drill Peck, Thunderbolt",,,"145","145"
"145","Zapdos (Shadow)","Zapdos","TRUE",,"16",,,,"0/13/13",,,,"26.5",,,,"2494",,,,"Thunder Shock, Drill Peck, Thunderbolt",,,"145","145"
"146","Moltres","Moltres","FALSE",,"375",,,,"0/14/12",,,,"27",,,,"2500",,,,"Fire Spin, Sky Attack, Overheat",,,"146","146"
"146","Moltres (Shadow)","Moltres","TRUE",,"312",,,,"0/14/12",,,,"27",,,,"2493",,,,"Fire Spin, Sky Attack, Ancient Power",,,"146","146"
"154","Meganium","Chikorita","FALSE",,"97",,,,"0/14/15",,,,"50",,,,"2500",,,,"Vine Whip, Frenzy Plant, Earthquake",,,"152;153;154","154"
"154","Meganium (Shadow)","Chikorita","TRUE",,"70",,,,"0/14/15",,,,"50",,,,"2500",,,,"Vine Whip, Frenzy Plant, Earthquake",,,"152;153;154","154"
"157","Typhlosion","Cyndaquil","FALSE",,"87",,,,"0/13/15",,,,"35",,,,"2497",,,,"Incinerate, Blast Burn, Thunder Punch",,,"155;156;157","157"
"157","Typhlosion (Hisuian)","Cyndaquil","FALSE",,"194",,,,"1/15/14",,,,"32",,,,"2499",,,,"Hex, Fire Punch, Shadow Ball",,,"155;156;157","157"
"157","Typhlosion (Shadow)","Cyndaquil","TRUE",,"65",,,,"0/13/15",,,,"35",,,,"2497",,,,"Incinerate, Blast Burn, Thunder Punch",,,"155;156;157","157"
"160","Feraligatr","Totodile","FALSE",,"58",,,,"1/15/14",,,,"35.5",,,,"2496",,,,"Shadow Claw, Hydro Cannon, Ice Beam",,,"158;159;160","160"
"160","Feraligatr (Shadow)","Totodile","TRUE",,"43",,,,"1/15/14",,,,"35.5",,,,"2496",,,,"Shadow Claw, Hydro Cannon, Ice Beam",,,"158;159;160","160"
"162","Furret","Sentret","FALSE",,"321",,,,"15/15/14",,,,"50",,,,"1987",,,,"Sucker Punch, Swift, Trailblaze",,,"161;162","162"
"164","Noctowl","Hoothoot","FALSE",,"276",,,,"15/15/15",,,,"50",,,,"2288",,,,"Wing Attack, Sky Attack, Night Shade",,,"163;164","164"
"171","Lanturn","Chinchou","FALSE",,"135",,,,"15/15/15",,,,"50",,,,"2357",,,,"Spark, Surf, Thunderbolt",,,"170;171","171"
"181","Ampharos","Mareep","FALSE",,"126",,,,"0/13/15",,,,"36",,,,"2499",,,,"Volt Switch, Brutal Swing, Trailblaze",,,"179;180;181","181"
"181","Ampharos (Shadow)","Mareep","TRUE",,"104",,,,"0/13/15",,,,"36",,,,"2499",,,,"Volt Switch, Brutal Swing, Trailblaze",,,"179;180;181","181"
"182","Bellossom","Bellossom","FALSE",,"66",,,,"9/15/15",,,,"50",,,,"2498",,,,"Acid, Leaf Blade, Dazzling Gleam",,,"43;44;182","182"
"182","Bellossom (Shadow)","Bellossom","TRUE",,"47",,,,"9/15/15",,,,"50",,,,"2498",,,,"Acid, Leaf Blade, Dazzling Gleam",,,"43;44;182","182"
"184","Azumarill","Marill","FALSE",,"398",,,,"15/15/15",,,,"50",,,,"1795",,,,"Bubble, Play Rough, Ice Beam",,,"183;184;298","184;298"
"186","Politoed","Politoed","FALSE",,"191",,,,"0/15/14",,,,"48.5",,,,"2498",,,,"Mud Shot, Surf, Blizzard",,,"60;61;186","186"
"186","Politoed (Shadow)","Politoed","TRUE",,"164",,,,"0/15/14",,,,"48.5",,,,"2498",,,,"Mud Shot, Weather Ball (Water), Blizzard",,,"60;61;186","186"
"189","Jumpluff","Hoppip","FALSE",,"335",,,,"15/15/15",,,,"50",,,,"1850",,,,"Fairy Wind, Acrobatics, Aerial Ace",,,"187;188;189","189"
"189","Jumpluff (Shadow)","Hoppip","TRUE",,"313",,,,"15/15/15",,,,"50",,,,"1850",,,,"Fairy Wind, Acrobatics, Aerial Ace",,,"187;188;189","189"
"192","Sunflora","Sunkern","FALSE",,"366",,,,"15/15/15",,,,"50",,,,"2421",,,,"Bullet Seed, Leaf Storm, Sludge Bomb",,,"191;192","192"
"195","Quagsire","Wooper","FALSE",,"186",,,,"15/15/15",,,,"50",,,,"2252",,,,"Mud Shot, Aqua Tail, Stone Edge",,,"194;195","195"
"195","Quagsire (Shadow)","Wooper","TRUE",,"151",,,,"15/15/15",,,,"50",,,,"2252",,,,"Mud Shot, Aqua Tail, Stone Edge",,,"194;195","195"
"199","Slowking","Slowpoke","FALSE",,"300",,,,"0/14/14",,,,"45.5",,,,"2499",,,,"Water Gun, Surf, Psychic",,,"79;199","199"
"199","Slowking (Shadow)","Slowpoke","TRUE",,"345",,,,"0/14/14",,,,"45.5",,,,"2499",,,,"Water Gun, Surf, Psychic",,,"79;199","199"
"203","Girafarig","Girafarig","FALSE",,"271",,,,"15/15/15",,,,"50",,,,"2314",,,,"Double Kick, Psychic Fangs, Trailblaze",,,"203;981","203;981"
"203","Girafarig (Shadow)","Girafarig","TRUE",,"248",,,,"15/15/15",,,,"50",,,,"2314",,,,"Double Kick, Psychic Fangs, Trailblaze",,,"203;981","203;981"
"205","Forretress","Pineco","FALSE",,"28",,,,"9/15/15",,,,"50",,,,"2499",,,,"Volt Switch, Rock Tomb, Earthquake",,,"204;205","205"
"205","Forretress (Shadow)","Pineco","TRUE",,"88",,,,"9/15/15",,,,"50",,,,"2499",,,,"Volt Switch, Rock Tomb, Earthquake",,,"204;205","205"
"206","Dunsparce","Dunsparce","FALSE",,"337",,,,"15/15/15",,,,"50",,,,"1909",,,,"Rollout, Drill Run, Rock Slide",,,"206;982","206;982"
"211","Qwilfish","Qwilfish","FALSE",,"130",,,,"15/15/15",,,,"50",,,,"2318",,,,"Poison Sting, Aqua Tail, Ice Beam",,,"211;904","211;904"
"212","Scizor","Scyther","FALSE",,"94",,,,"0/15/15",,,,"32",,,,"2498",,,,"Bullet Punch, Night Slash, Trailblaze",,,"123;212","212"
"212","Scizor (Shadow)","Scyther","TRUE",,"71",,,,"0/15/15",,,,"32",,,,"2498",,,,"Bullet Punch, Night Slash, Trailblaze",,,"123;212","212"
"214","Heracross","Heracross","FALSE",,"139",,,,"0/14/13",,,,"30.5",,,,"2500",,,,"Counter, Upper Hand, Megahorn",,,"214","214"
"217","Ursaring","Teddiursa","FALSE",,"128",,,,"0/15/13",,,,"33.5",,,,"2500",,,,"Shadow Claw, Swift, Close Combat",,,"216;217;901","217;901"
"217","Ursaring (Shadow)","Teddiursa","TRUE",,"62",,,,"0/15/13",,,,"33.5",,,,"2500",,,,"Shadow Claw, Swift, Close Combat",,,"216;217;901","217;901"
"219","Magcargo","Slugma","FALSE",,"277",,,,"15/15/15",,,,"50",,,,"1924",,,,"Incinerate, Rock Tomb, Overheat",,,"218;219","219"
"224","Octillery","Remoraid","FALSE",,"394",,,,"5/15/15",,,,"50",,,,"2489",,,,"Lock On, Water Pulse, Octazooka",,,"223;224","224"
"226","Mantine","Mantine","FALSE",,"214",,,,"15/15/15",,,,"50",,,,"2383",,,,"Wing Attack, Aerial Ace, Ice Beam",,,"226;458","226;458"
"229","Houndoom","Houndour","FALSE",,"315",,,,"0/15/14",,,,"41",,,,"2494",,,,"Snarl, Foul Play, Flamethrower",,,"228;229","229"
"229","Houndoom (Shadow)","Houndour","TRUE",,"318",,,,"0/15/14",,,,"41",,,,"2494",,,,"Snarl, Foul Play, Flamethrower",,,"228;229","229"
"230","Kingdra","Horsea","FALSE",,"86",,,,"0/15/15",,,,"41.5",,,,"2490",,,,"Dragon Breath, Outrage, Octazooka",,,"116;117;230","230"
"230","Kingdra (Shadow)","Horsea","TRUE",,"118",,,,"0/15/15",,,,"41.5",,,,"2490",,,,"Dragon Breath, Outrage, Octazooka",,,"116;117;230","230"
"233","Porygon2","Porygon","FALSE",,"252",,,,"1/15/15",,,,"39",,,,"2495",,,,"Lock On, Tri Attack, Return",,,"137;233;474","233;474"
"233","Porygon2 (Shadow)","Porygon","TRUE",,"272",,,,"1/15/15",,,,"39",,,,"2495",,,,"Lock On, Tri Attack, Zap Cannon",,,"137;233;474","233;474"
"234","Stantler","Stantler","FALSE",,"342",,,,"15/15/15",,,,"50",,,,"2447",,,,"Tackle, Wild Charge, Stomp",,,"234;899","234;899"
"234","Stantler (Shadow)","Stantler","TRUE",,"353",,,,"15/15/15",,,,"50",,,,"2447",,,,"Tackle, Wild Charge, Stomp",,,"234;899","234;899"
"241","Miltank","Miltank","FALSE",,"46",,,,"4/15/15",,,,"50",,,,"2489",,,,"Rollout, Body Slam, Ice Beam",,,"241","241"
"242","Blissey","Chansey","FALSE",,"251",,,,"0/15/14",,,,"41",,,,"2499",,,,"Zen Headbutt, Wild Charge, Dazzling Gleam",,,"113;242;440","242;440"
"243","Raikou","Raikou","FALSE",,"72",,,,"1/15/12",,,,"27",,,,"2500",,,,"Thunder Shock, Wild Charge, Shadow Ball",,,"243","243"
"243","Raikou (Shadow)","Raikou","TRUE",,"32",,,,"1/15/12",,,,"27",,,,"2500",,,,"Thunder Shock, Wild Charge, Shadow Ball",,,"243","243"
"244","Entei","Entei","FALSE",,"211",,,,"0/13/13",,,,"27",,,,"2490",,,,"Fire Spin, Scorching Sands, Flame Charge",,,"244","244"
"244","Entei (Shadow)","Entei","TRUE",,"259",,,,"0/13/13",,,,"27",,,,"2494",,,,"Fire Spin, Scorching Sands, Flame Charge",,,"244","244"
"245","Suicune","Suicune","FALSE",,"187",,,,"0/15/15",,,,"33.5",,,,"2488",,,,"Ice Fang, Ice Beam, Scald",,,"245","245"
"245","Suicune (Shadow)","Suicune","TRUE",,"236",,,,"0/15/15",,,,"33.5",,,,"2496",,,,"Ice Fang, Scald, Ice Beam",,,"245","245"
"250","Ho-Oh","Ho-oh","FALSE",,"147",,,,"1/15/14",,,,"24",,,,"2487",,,,"Incinerate, Brave Bird, Sacred Fire",,,"250","250"
"250","Ho-Oh (Shadow)","Ho-oh","TRUE",,"226",,,,"1/15/14",,,,"24",,,,"2500",,,,"Incinerate, Brave Bird, Sacred Fire",,,"250","250"
"251","Celebi","Celebi","FALSE",,"309",,,,"0/15/10",,,,"29",,,,"2493",,,,"Confusion, Seed Bomb, Leaf Storm",,,"251","251"
"254","Sceptile","Treecko","FALSE",,"165",,,,"0/15/13",,,,"38",,,,"2490",,,,"Fury Cutter, Frenzy Plant, Breaking Swipe",,,"252;253;254","254"
"254","Sceptile (Shadow)","Treecko","TRUE",,"123",,,,"0/15/13",,,,"38",,,,"2490",,,,"Fury Cutter, Frenzy Plant, Breaking Swipe",,,"252;253;254","254"
"257","Blaziken","Torchic","FALSE",,"192",,,,"1/15/15",,,,"35",,,,"2485",,,,"Fire Spin, Blaze Kick, Blast Burn",,,"255;256;257","257"
"257","Blaziken (Shadow)","Torchic","TRUE",,"172",,,,"1/15/15",,,,"35",,,,"2485",,,,"Fire Spin, Blaze Kick, Blast Burn",,,"255;256;257","257"
"259","Marshtomp","Mudkip","FALSE",,"339",,,,"15/15/15",,,,"50",,,,"2008",,,,"Mud Shot, Mud Bomb, Surf",,,"258;259;260","259;260"
"259","Marshtomp (Shadow)","Mudkip","TRUE",,"328",,,,"15/15/15",,,,"50",,,,"2008",,,,"Mud Shot, Mud Bomb, Surf",,,"258;259;260","259;260"
"260","Swampert","Mudkip","FALSE",,"69",,,,"0/14/13",,,,"33.5",,,,"2497",,,,"Mud Shot, Hydro Cannon, Sludge",,,"258;259;260","260"
"260","Swampert (Shadow)","Mudkip","TRUE",,"33",,,,"0/14/13",,,,"33.5",,,,"2497",,,,"Mud Shot, Hydro Cannon, Sludge",,,"258;259;260","260"
"272","Ludicolo","Lotad","FALSE",,"255",,,,"6/14/15",,,,"50",,,,"2495",,,,"Bubble, Scald, Leaf Storm",,,"270;271;272","272"
"275","Shiftry","Seedot","FALSE",,"204",,,,"6/15/15",,,,"49",,,,"2490",,,,"Snarl, Leaf Blade, Foul Play",,,"273;274;275","275"
"275","Shiftry (Shadow)","Seedot","TRUE",,"200",,,,"6/15/15",,,,"49",,,,"2490",,,,"Snarl, Leaf Blade, Foul Play",,,"273;274;275","275"
"279","Pelipper","Wingull","FALSE",,"212",,,,"15/15/14",,,,"50",,,,"2404",,,,"Wing Attack, Weather Ball (Water), Hurricane",,,"278;279","279"
"284","Masquerain","Surskit","FALSE",,"334",,,,"9/15/15",,,,"50",,,,"2497",,,,"Infestation, Air Cutter, Lunge",,,"283;284","284"
"286","Breloom","Shroomish","FALSE",,"209",,,,"0/14/15",,,,"41",,,,"2499",,,,"Force Palm, Dynamic Punch, Grass Knot",,,"285;286","286"
"288","Vigoroth","Slakoth","FALSE",,"344",,,,"15/15/15",,,,"50",,,,"2225",,,,"Counter, Body Slam, Rock Slide",,,"287;288;289","288;289"
"288","Vigoroth (Shadow)","Slakoth","TRUE",,"326",,,,"15/15/15",,,,"50",,,,"2225",,,,"Counter, Body Slam, Rock Slide",,,"287;288;289","288;289"
"289","Slaking","Slakoth","FALSE",,"415",,,,"0/11/15",,,,"21",,,,"2500",,,,"Yawn, Body Slam, Earthquake",,,"287;288;289","289"
"289","Slaking (Shadow)","Slakoth","TRUE",,"416",,,,"0/11/15",,,,"21",,,,"2500",,,,"Yawn, Body Slam, Earthquake",,,"287;288;289","289"
"295","Exploud","Whismur","FALSE",,"304",,,,"5/15/14",,,,"49.5",,,,"2500",,,,"Astonish, Disarming Voice, Crunch",,,"293;294;295","295"
"295","Exploud (Shadow)","Whismur","TRUE",,"293",,,,"5/15/14",,,,"49.5",,,,"2500",,,,"Astonish, Disarming Voice, Crunch",,,"293;294;295","295"
"310","Manectric","Electrike","FALSE",,"207",,,,"3/15/15",,,,"49.5",,,,"2488",,,,"Snarl, Wild Charge, Psychic Fangs",,,"309;310","310"
"310","Manectric (Shadow)","Electrike","TRUE",,"242",,,,"3/15/15",,,,"49.5",,,,"2488",,,,"Snarl, Wild Charge, Psychic Fangs",,,"309;310","310"
"313","Volbeat","Volbeat","FALSE",,"409",,,,"15/15/15",,,,"50",,,,"2002",,,,"Tackle, Thunderbolt, Bug Buzz",,,"313","313"
"314","Illumise","Illumise","FALSE",,"408",,,,"15/15/15",,,,"50",,,,"2002",,,,"Tackle, Silver Wind, Dazzling Gleam",,,"314","314"
"319","Sharpedo","Carvanha","FALSE",,"368",,,,"15/15/15",,,,"50",,,,"2466",,,,"Waterfall, Crunch, Poison Fang",,,"318;319","319"
"319","Sharpedo (Shadow)","Carvanha","TRUE",,"362",,,,"15/15/15",,,,"50",,,,"2466",,,,"Waterfall, Crunch, Poison Fang",,,"318;319","319"
"321","Wailord","Wailmer","FALSE",,"158",,,,"9/15/15",,,,"50",,,,"2499",,,,"Rollout, Surf, Blizzard",,,"320;321","321"
"321","Wailord (Shadow)","Wailmer","TRUE",,"178",,,,"9/15/15",,,,"50",,,,"2499",,,,"Rollout, Scald, Blizzard",,,"320;321","321"
"323","Camerupt","Numel","FALSE",,"181",,,,"15/15/15",,,,"50",,,,"2479",,,,"Incinerate, Earth Power, Overheat",,,"322;323","323"
"323","Camerupt (Shadow)","Numel","TRUE",,"206",,,,"15/15/15",,,,"50",,,,"2479",,,,"Incinerate, Earth Power, Overheat",,,"322;323","323"
"324","Torkoal","Torkoal","FALSE",,"231",,,,"15/15/15",,,,"50",,,,"2366",,,,"Ember, Overheat, Earthquake",,,"324","324"
"332","Cacturne","Cacnea","FALSE",,"154",,,,"6/15/15",,,,"50",,,,"2495",,,,"Sucker Punch, Dynamic Punch, Trailblaze",,,"331;332","332"
"332","Cacturne (Shadow)","Cacnea","TRUE",,"129",,,,"6/15/15",,,,"50",,,,"2495",,,,"Sucker Punch, Dynamic Punch, Trailblaze",,,"331;332","332"
"335","Zangoose","Zangoose","FALSE",,"219",,,,"0/15/15",,,,"48",,,,"2498",,,,"Shadow Claw, Close Combat, Night Slash",,,"335","335"
"340","Whiscash","Barboach","FALSE",,"143",,,,"15/15/14",,,,"50",,,,"2346",,,,"Mud Shot, Mud Bomb, Scald",,,"339;340","340"
"340","Whiscash (Shadow)","Barboach","TRUE",,"120",,,,"15/15/14",,,,"50",,,,"2346",,,,"Mud Shot, Mud Bomb, Scald",,,"339;340","340"
"342","Crawdaunt","Corphish","FALSE",,"286",,,,"0/15/15",,,,"46",,,,"2496",,,,"Snarl, Night Slash, Crabhammer",,,"341;342","342"
"342","Crawdaunt (Shadow)","Corphish","TRUE",,"245",,,,"0/15/15",,,,"46",,,,"2496",,,,"Snarl, Night Slash, Scald",,,"341;342","342"
"346","Cradily","Lileep","FALSE",,"1",,,,"15/15/15",,,,"50",,,,"2499",,,,"Acid, Rock Tomb, Grass Knot",,,"345;346","346"
"346","Cradily (Shadow)","Lileep","TRUE",,"3",,,,"15/15/15",,,,"50",,,,"2499",,,,"Acid, Rock Tomb, Grass Knot",,,"345;346","346"
"348","Armaldo","Anorith","FALSE",,"202",,,,"2/15/15",,,,"35",,,,"2495",,,,"Fury Cutter, Rock Blast, Liquidation",,,"347;348","348"
"348","Armaldo (Shadow)","Anorith","TRUE",,"153",,,,"2/15/15",,,,"35",,,,"2495",,,,"Fury Cutter, Rock Blast, Liquidation",,,"347;348","348"
"350","Milotic","Feebas","FALSE",,"137",,,,"0/13/15",,,,"33",,,,"2493",,,,"Dragon Tail, Surf, Wrap",,,"349;350","350"
"352","Kecleon","Kecleon","FALSE",,"311",,,,"15/15/14",,,,"50",,,,"2314",,,,"Sucker Punch, Foul Play, Aerial Ace",,,"352","352"
"357","Tropius","Tropius","FALSE",,"291",,,,"15/15/14",,,,"50",,,,"2194",,,,"Air Slash, Leaf Blade, Brutal Swing",,,"357","357"
"364","Sealeo","Spheal","FALSE",,"400",,,,"15/15/15",,,,"50",,,,"1938",,,,"Powder Snow, Surf, Body Slam",,,"363;364;365","364;365"
"364","Sealeo (Shadow)","Spheal","TRUE",,"389",,,,"15/15/15",,,,"50",,,,"1938",,,,"Powder Snow, Surf, Body Slam",,,"363;364;365","364;365"
"365","Walrein","Spheal","FALSE",,"98",,,,"0/15/15",,,,"39.5",,,,"2500",,,,"Powder Snow, Icicle Spear, Earthquake",,,"363;364;365","365"
"365","Walrein (Shadow)","Spheal","TRUE",,"95",,,,"0/15/15",,,,"39.5",,,,"2500",,,,"Powder Snow, Icicle Spear, Earthquake",,,"363;364;365","365"
"367","Huntail","Clamperl","FALSE",,"330",,,,"5/15/14",,,,"49.5",,,,"2500",,,,"Water Gun, Aqua Tail, Crunch",,,"366;367","367"
"368","Gorebyss","Gorebyss","FALSE",,"401",,,,"0/15/12",,,,"46.5",,,,"2494",,,,"Water Gun, Water Pulse, Psychic",,,"366;368","368"
"369","Relicanth","Relicanth","FALSE",,"168",,,,"0/11/15",,,,"47",,,,"2497",,,,"Water Gun, Aqua Tail, Ancient Power",,,"369","369"
"382","Kyogre","Kyogre","FALSE",,"382",,,,"0/15/13",,,,"22.5",,,,"2500",,,,"Waterfall, Surf, Origin Pulse",,,"382","382"
"382","Kyogre (Shadow)","Kyogre","TRUE",,"378",,,,"0/15/13",,,,"22.5",,,,"2497",,,,"Waterfall, Surf, Origin Pulse",,,"382","382"
"388","Grotle","Turtwig","FALSE",,"387",,,,"15/15/15",,,,"50",,,,"2137",,,,"Razor Leaf, Body Slam, Energy Ball",,,"387;388;389","388;389"
"388","Grotle (Shadow)","Turtwig","TRUE",,"388",,,,"15/15/15",,,,"50",,,,"2137",,,,"Razor Leaf, Body Slam, Energy Ball",,,"387;388;389","388;389"
"389","Torterra","Turtwig","FALSE",,"332",,,,"0/15/15",,,,"34",,,,"2493",,,,"Razor Leaf, Frenzy Plant, Stone Edge",,,"387;388;389","389"
"389","Torterra (Shadow)","Turtwig","TRUE",,"308",,,,"0/15/15",,,,"34",,,,"2493",,,,"Razor Leaf, Frenzy Plant, Stone Edge",,,"387;388;389","389"
"392","Infernape","Chimchar","FALSE",,"221",,,,"1/15/14",,,,"39.5",,,,"2500",,,,"Fire Spin, Close Combat, Blast Burn",,,"390;391;392","392"
"392","Infernape (Shadow)","Chimchar","TRUE",,"239",,,,"1/15/14",,,,"39.5",,,,"2500",,,,"Fire Spin, Close Combat, Blast Burn",,,"390;391;392","392"
"395","Empoleon","Piplup","FALSE",,"136",,,,"1/15/14",,,,"34.5",,,,"2488",,,,"Metal Claw, Hydro Cannon, Drill Peck",,,"393;394;395","395"
"395","Empoleon (Shadow)","Piplup","TRUE",,"113",,,,"1/15/14",,,,"34.5",,,,"2488",,,,"Metal Claw, Hydro Cannon, Drill Peck",,,"393;394;395","395"
"398","Staraptor","Starly","FALSE",,"215",,,,"2/15/14",,,,"35.5",,,,"2498",,,,"Quick Attack, Fly, Close Combat",,,"396;397;398","398"
"398","Staraptor (Shadow)","Starly","TRUE",,"171",,,,"2/15/14",,,,"35.5",,,,"2498",,,,"Quick Attack, Fly, Close Combat",,,"396;397;398","398"
"400","Bibarel","Bidoof","FALSE",,"371",,,,"15/15/15",,,,"50",,,,"2061",,,,"Rollout, Surf, Hyper Fang",,,"399;400","400"
"400","Bibarel (Shadow)","Bidoof","TRUE",,"356",,,,"15/15/15",,,,"50",,,,"2061",,,,"Rollout, Surf, Hyper Fang",,,"399;400","400"
"405","Luxray","Shinx","FALSE",,"185",,,,"0/15/15",,,,"34.5",,,,"2498",,,,"Snarl, Wild Charge, Psychic Fangs",,,"403;404;405","405"
"405","Luxray (Shadow)","Shinx","TRUE",,"224",,,,"0/15/15",,,,"34.5",,,,"2498",,,,"Snarl, Wild Charge, Psychic Fangs",,,"403;404;405","405"
"407","Roserade","Roselia","FALSE",,"34",,,,"0/12/15",,,,"33",,,,"2491",,,,"Poison Sting, Weather Ball (Fire), Leaf Storm",,,"315;406;407","406;407"
"413","Wormadam (Plant)","Burmy","FALSE",,"383",,,,"15/15/14",,,,"50",,,,"2005",,,,"Bug Bite, Energy Ball, Bug Buzz",,,"412;413","413"
"413","Wormadam (Sandy)","Burmy","FALSE",,"336",,,,"15/15/14",,,,"50",,,,"2005",,,,"Bug Bite, Bulldoze, Bug Buzz",,,"412;413","413"
"416","Vespiquen","Combee","FALSE",,"162",,,,"15/15/15",,,,"50",,,,"2267",,,,"Fury Cutter, X-Scissor, Power Gem",,,"415;416","416"
"419","Floatzel","Buizel","FALSE",,"317",,,,"0/14/15",,,,"47.5",,,,"2488",,,,"Water Gun, Aqua Jet, Swift",,,"418;419","419"
"421","Cherrim (Overcast)","Cherubi","FALSE",,"404",,,,"15/15/15",,,,"50",,,,"2315",,,,"Bullet Seed, Dazzling Gleam, Solar Beam",,,"420;421","421"
"421","Cherrim (Sunshine)","Cherubi","FALSE",,"341",,,,"15/15/15",,,,"50",,,,"2315",,,,"Bullet Seed, Weather Ball (Fire), Solar Beam",,,"420;421","421"
"423","Gastrodon","Shellos","FALSE",,"23",,,,"6/15/15",,,,"50",,,,"2499",,,,"Mud Slap, Earth Power, Body Slam",,,"422;423","423"
"424","Ambipom","Aipom","FALSE",,"269",,,,"0/15/14",,,,"48.5",,,,"2500",,,,"Astonish, Aerial Ace, Return",,,"190;424","424"
"424","Ambipom (Shadow)","Aipom","TRUE",,"303",,,,"0/15/14",,,,"48.5",,,,"2500",,,,"Astonish, Aerial Ace, Low Sweep",,,"190;424","424"
"428","Lopunny","Buneary","FALSE",,"302",,,,"15/15/15",,,,"50",,,,"2328",,,,"Double Kick, Triple Axel, Fire Punch",,,"427;428","428"
"432","Purugly","Glameow","FALSE",,"363",,,,"15/15/15",,,,"50",,,,"2208",,,,"Shadow Claw, Aerial Ace, Thunder",,,"431;432","432"
"432","Purugly (Shadow)","Glameow","TRUE",,"349",,,,"15/15/15",,,,"50",,,,"2208",,,,"Shadow Claw, Aerial Ace, Thunder",,,"431;432","432"
"446","Munchlax","Snorlax","FALSE",,"361",,,,"15/15/14",,,,"50",,,,"2139",,,,"Tackle, Body Slam, Bulldoze",,,"143;446","446"
"455","Carnivine","Carnivine","FALSE",,"307",,,,"15/15/15",,,,"50",,,,"2441",,,,"Vine Whip, Power Whip, Crunch",,,"455","455"
"457","Lumineon","Finneon","FALSE",,"391",,,,"15/15/15",,,,"50",,,,"2050",,,,"Water Gun, Water Pulse, Silver Wind",,,"456;457","457"
"460","Abomasnow","Snover","FALSE",,"76",,,,"3/15/14",,,,"50",,,,"2495",,,,"Powder Snow, Icy Wind, Energy Ball",,,"459;460","460"
"460","Abomasnow (Shadow)","Snover","TRUE",,"102",,,,"3/15/14",,,,"50",,,,"2495",,,,"Powder Snow, Icy Wind, Energy Ball",,,"459;460","460"
"462","Magnezone","Magnemite","FALSE",,"52",,,,"0/15/15",,,,"29",,,,"2497",,,,"Volt Switch, Wild Charge, Mirror Shot",,,"81;82;462","462"
"462","Magnezone (Shadow)","Magnemite","TRUE",,"26",,,,"0/15/15",,,,"29",,,,"2497",,,,"Volt Switch, Wild Charge, Mirror Shot",,,"81;82;462","462"
"463","Lickilicky","Lickitung","FALSE",,"49",,,,"0/14/15",,,,"48.5",,,,"2498",,,,"Rollout, Body Slam, Shadow Ball",,,"108;463","463"
"465","Tangrowth","Tangela","FALSE",,"213",,,,"0/14/15",,,,"32",,,,"2497",,,,"Vine Whip, Power Whip, Rock Slide",,,"114;465","465"
"465","Tangrowth (Shadow)","Tangela","TRUE",,"223",,,,"0/14/15",,,,"32",,,,"2497",,,,"Vine Whip, Power Whip, Rock Slide",,,"114;465","465"
"466","Electivire","Electabuzz","FALSE",,"127",,,,"1/15/15",,,,"30",,,,"2490",,,,"Thunder Shock, Wild Charge, Thunder Punch",,,"125;239;466","239;466"
"466","Electivire (Shadow)","Electabuzz","TRUE",,"20",,,,"1/15/15",,,,"30",,,,"2490",,,,"Thunder Shock, Wild Charge, Ice Punch",,,"125;239;466","239;466"
"467","Magmortar","Magmar","FALSE",,"174",,,,"1/15/15",,,,"29.5",,,,"2496",,,,"Karate Chop, Fire Punch, Thunderbolt",,,"126;240;467","240;467"
"467","Magmortar (Shadow)","Magmar","TRUE",,"96",,,,"1/15/15",,,,"29.5",,,,"2496",,,,"Karate Chop, Fire Punch, Thunderbolt",,,"126;240;467","240;467"
"469","Yanmega","Yanma","FALSE",,"250",,,,"1/15/15",,,,"33",,,,"2496",,,,"Bug Bite, Aerial Ace, Ancient Power",,,"193;469","469"
"470","Leafeon","Leafeon","FALSE",,"266",,,,"0/14/13",,,,"34",,,,"2489",,,,"Bullet Seed, Leaf Blade, Last Resort",,,"133;470","470"
"474","Porygon-Z","Porygon","FALSE",,"381",,,,"0/13/14",,,,"28.5",,,,"2500",,,,"Lock On, Tri Attack, Blizzard",,,"137;233;474","474"
"474","Porygon-Z (Shadow)","Porygon","TRUE",,"386",,,,"0/13/14",,,,"28.5",,,,"2500",,,,"Lock On, Tri Attack, Blizzard",,,"137;233;474","474"
"479","Rotom","Rotom","FALSE",,"283",,,,"0/9/5",,,,"47",,,,"2296",,,,"Astonish, Thunderbolt, Ominous Wind",,,"479","479"
"479","Rotom (Frost)","Rotom","FALSE",,"235",,,,"0/15/15",,,,"43",,,,"2499",,,,"Thunder Shock, Thunderbolt, Blizzard",,,"479","479"
"479","Rotom (Heat)","Rotom","FALSE",,"155",,,,"0/15/15",,,,"43",,,,"2499",,,,"Thunder Shock, Thunderbolt, Overheat",,,"479","479"
"479","Rotom (Mow)","Rotom","FALSE",,"314",,,,"0/15/15",,,,"43",,,,"2499",,,,"Thunder Shock, Thunderbolt, Ominous Wind",,,"479","479"
"479","Rotom (Wash)","Rotom","FALSE",,"222",,,,"0/15/15",,,,"43",,,,"2499",,,,"Thunder Shock, Thunderbolt, Hydro Pump",,,"479","479"
"484","Palkia","Palkia","FALSE",,"106",,,,"2/15/14",,,,"23",,,,"2493",,,,"Dragon Breath, Aqua Tail, Draco Meteor",,,"484","484"
"484","Palkia (Origin)","Palkia","FALSE",,"108",,,,"0/15/10",,,,"22.5",,,,"2496",,,,"Dragon Breath, Aqua Tail, Draco Meteor",,,"484","484"
"484","Palkia (Shadow)","Palkia","TRUE",,"132",,,,"2/15/14",,,,"23",,,,"2481",,,,"Dragon Breath, Aqua Tail, Draco Meteor",,,"484","484"
"485","Heatran","Heatran","FALSE",,"125",,,,"2/15/15",,,,"24.5",,,,"2491",,,,"Fire Spin, Magma Storm, Stone Edge",,,"485","485"
"485","Heatran (Shadow)","Heatran","TRUE",,"149",,,,"2/15/15",,,,"24.5",,,,"2499",,,,"Fire Spin, Magma Storm, Stone Edge",,,"485","485"
"486","Regigigas","Regigigas","FALSE",,"410",,,,"0/13/10",,,,"21.5",,,,"2494",,,,"Hidden Power (Ground), Thunder, Focus Blast",,,"486","486"
"486","Regigigas (Shadow)","Regigigas","TRUE",,"411",,,,"0/13/10",,,,"21.5",,,,"2498",,,,"Hidden Power (Ground), Thunder, Focus Blast",,,"486","486"
"492","Shaymin (Land)","Shaymin","FALSE",,"412",,,,"0/15/10",,,,"29",,,,"2490",,,,"Zen Headbutt, Grass Knot, Seed Flare",,,"492","492"
"492","Shaymin (Sky)","Shaymin","FALSE",,"374",,,,"0/13/13",,,,"26",,,,"2498",,,,"Magical Leaf, Grass Knot, Energy Ball",,,"492","492"
"494","Victini","Victini","FALSE",,"180",,,,"0/15/10",,,,"29",,,,"2493",,,,"Quick Attack, V-Create, Psychic",,,"494","494"
"497","Serperior","Snivy","FALSE",,"68",,,,"10/14/15",,,,"50",,,,"2497",,,,"Vine Whip, Frenzy Plant, Aerial Ace",,,"495;496;497","497"
"497","Serperior (Shadow)","Snivy","TRUE",,"63",,,,"10/14/15",,,,"50",,,,"2497",,,,"Vine Whip, Frenzy Plant, Aerial Ace",,,"495;496;497","497"
"499","Pignite","Tepig","FALSE",,"298",,,,"15/15/15",,,,"50",,,,"2175",,,,"Ember, Rock Tomb, Flame Charge",,,"498;499;500","499;500"
"499","Pignite (Shadow)","Tepig","TRUE",,"324",,,,"15/15/15",,,,"50",,,,"2175",,,,"Ember, Rock Tomb, Flame Charge",,,"498;499;500","499;500"
"500","Emboar","Tepig","FALSE",,"228",,,,"0/15/14",,,,"32.5",,,,"2498",,,,"Ember, Blast Burn, Rock Slide",,,"498;499;500","500"
"500","Emboar (Shadow)","Tepig","TRUE",,"217",,,,"0/15/14",,,,"32.5",,,,"2498",,,,"Ember, Blast Burn, Rock Slide",,,"498;499;500","500"
"503","Samurott","Oshawott","FALSE",,"40",,,,"1/15/15",,,,"36",,,,"2496",,,,"Fury Cutter, Hydro Cannon, Megahorn",,,"501;502;503","503"
"503","Samurott (Hisuian)","Oshawott","FALSE",,"156",,,,"0/15/13",,,,"37",,,,"2499",,,,"Fury Cutter, Icy Wind, Dark Pulse",,,"501;502;503","503"
"503","Samurott (Shadow)","Oshawott","TRUE",,"11",,,,"1/15/15",,,,"36",,,,"2496",,,,"Fury Cutter, Hydro Cannon, Megahorn",,,"501;502;503","503"
"508","Stoutland","Lillipup","FALSE",,"216",,,,"0/14/15",,,,"36.5",,,,"2496",,,,"Sand Attack, Wild Charge, Crunch",,,"506;507;508","508"
"512","Simisage","Pansage","FALSE",,"305",,,,"3/15/15",,,,"49.5",,,,"2495",,,,"Vine Whip, Grass Knot, Crunch",,,"511;512","512"
"514","Simisear","Pansear","FALSE",,"329",,,,"3/15/15",,,,"49.5",,,,"2495",,,,"Fire Spin, Crunch, Flamethrower",,,"513;514","514"
"516","Simipour","Panpour","FALSE",,"365",,,,"3/15/15",,,,"49.5",,,,"2495",,,,"Water Gun, Surf, Crunch",,,"515;516","516"
"521","Unfezant","Pidove","FALSE",,"402",,,,"2/15/13",,,,"38",,,,"2495",,,,"Air Slash, Sky Attack, Return",,,"519;520;521","521"
"521","Unfezant (Shadow)","Pidove","TRUE",,"405",,,,"2/15/13",,,,"38",,,,"2495",,,,"Air Slash, Sky Attack, Hyper Beam",,,"519;520;521","521"
"523","Zebstrika","Blitzle","FALSE",,"280",,,,"0/13/15",,,,"48.5",,,,"2495",,,,"Spark, Wild Charge, Discharge",,,"522;523","523"
"523","Zebstrika (Shadow)","Blitzle","TRUE",,"281",,,,"0/13/15",,,,"48.5",,,,"2495",,,,"Spark, Wild Charge, Discharge",,,"522;523","523"
"531","Audino","Audino","FALSE",,"413",,,,"15/15/14",,,,"50",,,,"1902",,,,"Zen Headbutt, Body Slam, Disarming Voice",,,"531","531"
"537","Seismitoad","Tympole","FALSE",,"193",,,,"0/15/12",,,,"44.5",,,,"2495",,,,"Mud Shot, Earth Power, Sludge Bomb",,,"535;536;537","537"
"542","Leavanny","Sewaddle","FALSE",,"160",,,,"0/12/14",,,,"44",,,,"2497",,,,"Shadow Claw, Leaf Blade, X-Scissor",,,"540;541;542","542"
"545","Scolipede","Venipede","FALSE",,"141",,,,"0/15/15",,,,"47.5",,,,"2500",,,,"Poison Sting, X-Scissor, Sludge Bomb",,,"543;544;545","545"
"545","Scolipede (Shadow)","Venipede","TRUE",,"101",,,,"0/15/15",,,,"47.5",,,,"2500",,,,"Poison Sting, X-Scissor, Sludge Bomb",,,"543;544;545","545"
"547","Whimsicott","Cottonee","FALSE",,"244",,,,"15/15/14",,,,"50",,,,"2277",,,,"Fairy Wind, Moonblast, Grass Knot",,,"546;547","547"
"549","Lilligant","Petilil","FALSE",,"397",,,,"0/13/14",,,,"44.5",,,,"2499",,,,"Charm, Petal Blizzard, Hyper Beam",,,"548;549","549"
"550","Basculin","Basculin","FALSE",,"346",,,,"15/15/15",,,,"50",,,,"2363",,,,"Water Gun, Aqua Tail, Aqua Jet",,,"550;902","550;902"
"555","Darmanitan (Standard)","Darumaka","FALSE",,"237",,,,"0/13/15",,,,"30",,,,"2488",,,,"Incinerate, Rock Slide, Overheat",,,"554;555","555"
"555","Darmanitan (Standard) (Shadow)","Darumaka","TRUE",,"182",,,,"0/13/15",,,,"30",,,,"2488",,,,"Incinerate, Rock Slide, Overheat",,,"554;555","555"
"556","Maractus","Maractus","FALSE",,"367",,,,"9/15/15",,,,"50",,,,"2496",,,,"Bullet Seed, Aerial Ace, Petal Blizzard",,,"556","556"
"558","Crustle","Dwebble","FALSE",,"25",,,,"0/14/15",,,,"45",,,,"2490",,,,"Fury Cutter, X-Scissor, Rock Slide",,,"557;558","558"
"558","Crustle (Shadow)","Dwebble","TRUE",,"22",,,,"0/14/15",,,,"45",,,,"2490",,,,"Fury Cutter, X-Scissor, Rock Slide",,,"557;558","558"
"565","Carracosta","Tirtouga","FALSE",,"294",,,,"1/14/15",,,,"42",,,,"2486",,,,"Rock Throw, Ancient Power, Liquidation",,,"564;565","565"
"565","Carracosta (Shadow)","Tirtouga","TRUE",,"257",,,,"1/14/15",,,,"42",,,,"2486",,,,"Rock Throw, Ancient Power, Liquidation",,,"564;565","565"
"573","Cinccino","Minccino","FALSE",,"379",,,,"12/15/15",,,,"50",,,,"2490",,,,"Charm, Aqua Tail, Thunderbolt",,,"572;573","573"
"581","Swanna","Ducklett","FALSE",,"306",,,,"15/15/15",,,,"50",,,,"2361",,,,"Water Gun, Fly, Ice Beam",,,"580;581","581"
"581","Swanna (Shadow)","Ducklett","TRUE",,"340",,,,"15/15/15",,,,"50",,,,"2361",,,,"Air Slash, Fly, Ice Beam",,,"580;581","581"
"586","Sawsbuck","Deerling","FALSE",,"358",,,,"0/15/11",,,,"49.5",,,,"2496",,,,"Feint Attack, Wild Charge, Trailblaze",,,"585;586","586"
"589","Escavalier","Karrablast","FALSE",,"146",,,,"1/15/14",,,,"34.5",,,,"2497",,,,"Bug Bite, Razor Shell, Drill Run",,,"588;589","589"
"589","Escavalier (Shadow)","Karrablast","TRUE",,"112",,,,"1/15/14",,,,"34.5",,,,"2497",,,,"Bug Bite, Drill Run, Razor Shell",,,"588;589","589"
"591","Amoonguss","Foongus","FALSE",,"82",,,,"15/15/15",,,,"50",,,,"2420",,,,"Astonish, Grass Knot, Foul Play",,,"590;591","591"
"591","Amoonguss (Shadow)","Foongus","TRUE",,"83",,,,"15/15/15",,,,"50",,,,"2420",,,,"Astonish, Grass Knot, Foul Play",,,"590;591","591"
"593","Jellicent","Frillish","FALSE",,"12",,,,"6/15/15",,,,"49.5",,,,"2499",,,,"Hex, Surf, Shadow Ball",,,"592;593","593"
"594","Alomomola","Alomomola","FALSE",,"325",,,,"15/15/15",,,,"50",,,,"2452",,,,"Waterfall, Hydro Pump, Blizzard",,,"594","594"
"596","Galvantula","Joltik","FALSE",,"45",,,,"15/15/15",,,,"50",,,,"2494",,,,"Fury Cutter, Discharge, Lunge",,,"595;596","596"
"596","Galvantula (Shadow)","Joltik","TRUE",,"89",,,,"15/15/15",,,,"50",,,,"2494",,,,"Fury Cutter, Discharge, Cross Poison",,,"595;596","596"
"598","Ferrothorn","Ferroseed","FALSE",,"24",,,,"7/14/15",,,,"50",,,,"2495",,,,"Bullet Seed, Power Whip, Flash Cannon",,,"597;598","598"
"598","Ferrothorn (Shadow)","Ferroseed","TRUE",,"53",,,,"7/14/15",,,,"50",,,,"2495",,,,"Bullet Seed, Power Whip, Flash Cannon",,,"597;598","598"
"604","Eelektross","Tynamo","FALSE",,"203",,,,"2/15/14",,,,"38",,,,"2499",,,,"Volt Switch, Dragon Claw, Thunderbolt",,,"602;603;604","604"
"609","Chandelure","Litwick","FALSE",,"350",,,,"0/15/12",,,,"28.5",,,,"2490",,,,"Fire Spin, Shadow Ball, Flame Charge",,,"607;608;609","609"
"609","Chandelure (Shadow)","Litwick","TRUE",,"225",,,,"0/15/12",,,,"28.5",,,,"2490",,,,"Incinerate, Shadow Ball, Flame Charge",,,"607;608;609","609"
"617","Accelgor","Shelmet","FALSE",,"372",,,,"0/15/13",,,,"47.5",,,,"2488",,,,"Water Shuriken, Bug Buzz, Energy Ball",,,"616;617","617"
"617","Accelgor (Shadow)","Shelmet","TRUE",,"373",,,,"0/15/13",,,,"47.5",,,,"2488",,,,"Water Shuriken, Bug Buzz, Energy Ball",,,"616;617","617"
"618","Stunfisk","Stunfisk","FALSE",,"21",,,,"15/15/15",,,,"50",,,,"2445",,,,"Thunder Shock, Mud Bomb, Discharge",,,"618","618"
"626","Bouffalant","Bouffalant","FALSE",,"254",,,,"0/14/15",,,,"37.5",,,,"2495",,,,"Mud Shot, Stomp, Megahorn",,,"626","626"
"628","Braviary","Rufflet","FALSE",,"262",,,,"0/14/15",,,,"30.5",,,,"2500",,,,"Air Slash, Fly, Close Combat",,,"627;628","628"
"631","Heatmor","Heatmor","FALSE",,"249",,,,"1/15/14",,,,"49",,,,"2490",,,,"Fire Spin, Thunder Punch, Flamethrower",,,"631","631"
"632","Durant","Durant","FALSE",,"100",,,,"0/12/15",,,,"41",,,,"2494",,,,"Bug Bite, X-Scissor, Stone Edge",,,"632","632"
"637","Volcarona","Larvesta","FALSE",,"390",,,,"0/15/14",,,,"25.5",,,,"2492",,,,"Fire Spin, Overheat, Bug Buzz",,,"636;637","637"
"640","Virizion","Virizion","FALSE",,"15",,,,"0/14/15",,,,"32.5",,,,"2500",,,,"Double Kick, Sacred Sword, Stone Edge",,,"640","640"
"642","Thundurus (Incarnate)","Thundurus","FALSE",,"208",,,,"1/15/15",,,,"27.5",,,,"2495",,,,"Thunder Shock, Crunch, Thunder",,,"642","642"
"642","Thundurus (Therian)","Thundurus","FALSE",,"285",,,,"1/15/15",,,,"25",,,,"2492",,,,"Volt Switch, Wildbolt Storm, Focus Blast",,,"642","642"
"643","Reshiram","Reshiram","FALSE",,"114",,,,"0/15/12",,,,"23",,,,"2496",,,,"Dragon Breath, Crunch, Overheat",,,"643","643"
"644","Zekrom","Zekrom","FALSE",,"79",,,,"0/15/12",,,,"23",,,,"2496",,,,"Dragon Breath, Crunch, Wild Charge",,,"644","644"
"647","Keldeo (Ordinary)","Keldeo","FALSE",,"234",,,,"0/15/15",,,,"25",,,,"2482",,,,"Poison Jab, Hydro Pump, Sacred Sword",,,"647","647"
"648","Meloetta (Aria)","Meloetta","FALSE",,"161",,,,"0/14/13",,,,"23.5",,,,"2484",,,,"Quick Attack, Psyshock, Dazzling Gleam",,,"648","648"
"649","Genesect","Genesect","FALSE",,"35",,,,"1/15/15",,,,"27.5",,,,"2493",,,,"Fury Cutter, X-Scissor, Techno Blast (Normal)",,,"649","649"
"649","Genesect (Burn)","Genesect","FALSE",,"80",,,,"1/15/15",,,,"27.5",,,,"2493",,,,"Fury Cutter, X-Scissor, Magnet Bomb",,,"649","649"
"649","Genesect (Chill)","Genesect","FALSE",,"17",,,,"1/15/15",,,,"27.5",,,,"2493",,,,"Fury Cutter, X-Scissor, Techno Blast (Chill)",,,"649","649"
"649","Genesect (Douse)","Genesect","FALSE",,"36",,,,"1/15/15",,,,"27.5",,,,"2493",,,,"Fury Cutter, X-Scissor, Techno Blast (Douse)",,,"649","649"
"649","Genesect (Shock)","Genesect","FALSE",,"14",,,,"1/15/15",,,,"27.5",,,,"2493",,,,"Fury Cutter, X-Scissor, Techno Blast (Shock)",,,"649","649"
"652","Chesnaught","Chespin","FALSE",,"44",,,,"1/15/14",,,,"33.5",,,,"2492",,,,"Vine Whip, Frenzy Plant, Superpower",,,"650;651;652","652"
"655","Delphox","Fennekin","FALSE",,"270",,,,"1/15/15",,,,"30.5",,,,"2494",,,,"Fire Spin, Blast Burn, Mystical Fire",,,"653;654;655","655"
"658","Greninja","Froakie","FALSE",,"133",,,,"0/13/14",,,,"41",,,,"2496",,,,"Water Shuriken, Hydro Cannon, Night Slash",,,"656;657;658","658"
"663","Talonflame","Fletchling","FALSE",,"109",,,,"15/15/14",,,,"50",,,,"2493",,,,"Incinerate, Fly, Flame Charge",,,"661;662;663","663"
"668","Pyroar","Litleo","FALSE",,"199",,,,"0/15/12",,,,"38",,,,"2493",,,,"Incinerate, Flame Charge, Dark Pulse",,,"667;668","668"
"673","Gogoat","Skiddo","FALSE",,"144",,,,"0/14/15",,,,"37.5",,,,"2499",,,,"Vine Whip, Leaf Blade, Brick Break",,,"672;673","673"
"676","Furfrou","Furfrou","FALSE",,"197",,,,"15/15/15",,,,"50",,,,"2387",,,,"Sucker Punch, Surf, Grass Knot",,,"676","676"
"689","Barbaracle","Binacle","FALSE",,"37",,,,"0/15/15",,,,"40.5",,,,"2497",,,,"Fury Cutter, Cross Chop, Stone Edge",,,"688;689","689"
"693","Clawitzer","Clauncher","FALSE",,"384",,,,"0/13/15",,,,"38",,,,"2494",,,,"Water Gun, Crabhammer, Dark Pulse",,,"692;693","693"
"695","Heliolisk","Helioptile","FALSE",,"122",,,,"0/14/14",,,,"42.5",,,,"2500",,,,"Volt Switch, Breaking Swipe, Parabolic Charge",,,"694;695","695"
"702","Dedenne","Dedenne","FALSE",,"232",,,,"15/15/14",,,,"50",,,,"2081",,,,"Thunder Shock, Parabolic Charge, Discharge",,,"702","702"
"709","Trevenant","Phantump","FALSE",,"50",,,,"1/15/15",,,,"43.5",,,,"2500",,,,"Shadow Claw, Shadow Ball, Seed Bomb",,,"708;709","709"
"711","Gourgeist (Average)","Pumpkaboo","FALSE",,"90",,,,"0/8/2",,,,"46",,,,"2497",,,,"Hex, Shadow Ball, Seed Bomb",,,"710;711","711"
"711","Gourgeist (Large)","Pumpkaboo","FALSE",,"84",,,,"0/14/14",,,,"42.5",,,,"2500",,,,"Hex, Shadow Ball, Seed Bomb",,,"710;711","711"
"711","Gourgeist (Small)","Pumpkaboo","FALSE",,"117",,,,"0/10/3",,,,"45.5",,,,"2498",,,,"Hex, Shadow Ball, Seed Bomb",,,"710;711","711"
"711","Gourgeist (Super)","Pumpkaboo","FALSE",,"81",,,,"0/14/14",,,,"42.5",,,,"2490",,,,"Hex, Shadow Ball, Seed Bomb",,,"710;711","711"
"723","Dartrix","Rowlet","FALSE",,"380",,,,"15/15/14",,,,"50",,,,"1950",,,,"Leafage, Brave Bird, Seed Bomb",,,"722;723;724","723;724"
"724","Decidueye","Rowlet","FALSE",,"57",,,,"0/14/13",,,,"38",,,,"2494",,,,"Astonish, Frenzy Plant, Spirit Shackle",,,"722;723;724","724"
"724","Decidueye (Hisuian)","Rowlet","FALSE",,"210",,,,"0/14/14",,,,"35",,,,"2498",,,,"Magical Leaf, Aura Sphere, Aerial Ace",,,"722;723;724","724"
"727","Incineroar","Litten","FALSE",,"85",,,,"0/15/15",,,,"32.5",,,,"2500",,,,"Snarl, Darkest Lariat, Blast Burn",,,"725;726;727","727"
"729","Brionne","Popplio","FALSE",,"385",,,,"15/15/14",,,,"50",,,,"2131",,,,"Water Gun, Aqua Jet, Disarming Voice",,,"728;729;730","729;730"
"730","Primarina","Popplio","FALSE",,"267",,,,"2/15/13",,,,"29",,,,"2497",,,,"Charm, Disarming Voice, Hydro Cannon",,,"728;729;730","730"
"733","Toucannon","Pikipek","FALSE",,"354",,,,"2/15/14",,,,"39",,,,"2496",,,,"Bullet Seed, Drill Peck, Rock Blast",,,"731;732;733","733"
"735","Gumshoos","Yungoos","FALSE",,"392",,,,"15/15/15",,,,"50",,,,"2470",,,,"Bite, Rock Tomb, Crunch",,,"734;735","735"
"738","Vikavolt","Grubbin","FALSE",,"201",,,,"2/15/15",,,,"29.5",,,,"2490",,,,"Volt Switch, X-Scissor, Fly",,,"736;737;738","738"
"741","Oricorio (Baile)","Oricorio","FALSE",,"319",,,,"7/15/15",,,,"48.5",,,,"2499",,,,"Air Slash, Air Cutter, Aerial Ace",,,"741","741"
"741","Oricorio (Pom-Pom)","Oricorio","FALSE",,"292",,,,"7/15/15",,,,"48.5",,,,"2499",,,,"Air Slash, Air Cutter, Aerial Ace",,,"741","741"
"743","Ribombee","Cutiefly","FALSE",,"320",,,,"15/15/14",,,,"50",,,,"2488",,,,"Fairy Wind, Dazzling Gleam, Bug Buzz",,,"742;743","743"
"748","Toxapex","Mareanie","FALSE",,"268",,,,"15/15/15",,,,"50",,,,"1905",,,,"Poison Jab, Brine, Sludge Wave",,,"747;748","748"
"752","Araquanid","Dewpider","FALSE",,"299",,,,"15/15/15",,,,"50",,,,"2065",,,,"Bug Bite, Bug Buzz, Water Pulse",,,"751;752","752"
"754","Lurantis","Fomantis","FALSE",,"54",,,,"0/15/15",,,,"49.5",,,,"2498",,,,"Fury Cutter, Leaf Blade, Superpower",,,"753;754","754"
"756","Shiinotic","Morelull","FALSE",,"359",,,,"15/15/14",,,,"50",,,,"2104",,,,"Astonish, Moonblast, Seed Bomb",,,"755;756","756"
"758","Salazzle","Salandit","FALSE",,"73",,,,"0/15/14",,,,"46",,,,"2500",,,,"Incinerate, Poison Fang, Dragon Pulse",,,"757;758","758"
"760","Bewear","Stufful","FALSE",,"99",,,,"0/14/15",,,,"30",,,,"2499",,,,"Shadow Claw, Superpower, Payback",,,"759;760","760"
"763","Tsareena","Bounsweet","FALSE",,"273",,,,"0/15/15",,,,"33",,,,"2499",,,,"Magical Leaf, Triple Axel, High Jump Kick",,,"761;762;763","763"
"765","Oranguru","Oranguru","FALSE",,"61",,,,"0/13/15",,,,"49",,,,"2494",,,,"Confusion, Brutal Swing, Trailblaze",,,"765","765"
"768","Golisopod","Wimpod","FALSE",,"13",,,,"1/14/15",,,,"29.5",,,,"2500",,,,"Fury Cutter, X-Scissor, Aqua Jet",,,"767;768","768"
"775","Komala","Komala","FALSE",,"348",,,,"0/14/15",,,,"43",,,,"2493",,,,"Rollout, Payback, Bulldoze",,,"775","775"
"776","Turtonator","Turtonator","FALSE",,"30",,,,"15/14/14",,,,"50",,,,"2486",,,,"Incinerate, Dragon Pulse, Overheat",,,"776","776"
"777","Togedemaru","Togedemaru","FALSE",,"18",,,,"15/15/15",,,,"50",,,,"2442",,,,"Thunder Shock, Fell Stinger, Wild Charge",,,"777","777"
"779","Bruxish","Bruxish","FALSE",,"195",,,,"0/14/15",,,,"49.5",,,,"2497",,,,"Confusion, Aqua Tail, Psychic Fangs",,,"779","779"
"780","Drampa","Drampa","FALSE",,"27",,,,"0/15/14",,,,"34",,,,"2500",,,,"Dragon Breath, Swift, Fly",,,"780","780"
"781","Dhelmise","Dhelmise","FALSE",,"105",,,,"0/15/15",,,,"33",,,,"2500",,,,"Shadow Claw, Shadow Ball, Power Whip",,,"781","781"
"785","Tapu Koko","Tapu-koko","FALSE",,"261",,,,"0/14/13",,,,"29.5",,,,"2499",,,,"Volt Switch, Thunderbolt, Nature's Madness",,,"785","785"
"787","Tapu Bulu","Tapu-bulu","FALSE",,"241",,,,"0/9/15",,,,"27.5",,,,"2496",,,,"Bullet Seed, Grass Knot, Nature's Madness",,,"787","787"
"788","Tapu Fini","Tapu-fini","FALSE",,"138",,,,"0/13/14",,,,"36.5",,,,"2500",,,,"Water Gun, Surf, Nature's Madness",,,"788","788"
"794","Buzzwole","Buzzwole","FALSE",,"148",,,,"0/13/15",,,,"27",,,,"2497",,,,"Counter, Superpower, Lunge",,,"794","794"
"796","Xurkitree","Xurkitree","FALSE",,"301",,,,"0/12/14",,,,"23.5",,,,"2497",,,,"Thunder Shock, Discharge, Power Whip",,,"796","796"
"798","Kartana","Kartana","FALSE",,"351",,,,"0/14/14",,,,"25",,,,"2493",,,,"Razor Leaf, Leaf Blade, Night Slash",,,"798","798"
"811","Thwackey","Grookey","FALSE",,"403",,,,"15/15/15",,,,"50",,,,"2121",,,,"Razor Leaf, Grass Knot, Energy Ball",,,"810;811;812","811;812"
"812","Rillaboom","Grookey","FALSE",,"369",,,,"0/14/15",,,,"28",,,,"2498",,,,"Razor Leaf, Grass Knot, Earth Power",,,"810;811;812","812"
"815","Cinderace","Scorbunny","FALSE",,"316",,,,"1/15/14",,,,"31.5",,,,"2499",,,,"Fire Spin, Flamethrower, Flame Charge",,,"813;814;815","815"
"818","Inteleon","Sobble","FALSE",,"393",,,,"1/15/13",,,,"32.5",,,,"2497",,,,"Water Gun, Surf, Shadow Ball",,,"816;817;818","818"
"820","Greedent","Skwovet","FALSE",,"170",,,,"3/15/15",,,,"50",,,,"2500",,,,"Mud Shot, Body Slam, Crunch",,,"819;820","820"
"830","Eldegoss","Gossifleur","FALSE",,"370",,,,"15/15/14",,,,"50",,,,"2255",,,,"Bullet Seed, Grass Knot, Energy Ball",,,"829;830","830"
"832","Dubwool","Wooloo","FALSE",,"169",,,,"15/15/15",,,,"50",,,,"2478",,,,"Double Kick, Body Slam, Payback",,,"831;832","832"
"841","Flapple","Flapple","FALSE",,"183",,,,"15/14/15",,,,"49.5",,,,"2499",,,,"Dragon Breath, Fly, Seed Bomb",,,"840;841","841"
"842","Appletun","Appletun","FALSE",,"190",,,,,,,,,,,,"2497",,,,"Astonish, Outrage, Seed Bomb",,,"840;842","842"
"849","Toxtricity","Toxel","FALSE",,"6",,,,"0/15/14",,,,"42",,,,"2496",,,,"Acid, Wild Charge, Power-Up Punch",,,"848;849","849"
"851","Centiskorch","Sizzlipede","FALSE",,"196",,,,"0/15/15",,,,"32.5",,,,"2497",,,,"Ember, Lunge, Crunch",,,"850;851","851"
"862","Obstagoon","Zigzagoon","FALSE",,"173",,,,"0/15/13",,,,"42",,,,"2498",,,,"Counter, Night Slash, Cross Chop",,,"263&galar;264&galar;862","862"
"862","Obstagoon (Shadow)","Zigzagoon","TRUE",,"159",,,,"0/15/13",,,,"42",,,,"2498",,,,"Counter, Cross Chop, Night Slash",,,"263&galar;264&galar;862","862"
"877","Morpeko (Full Belly)","Morpeko","FALSE",,"48",,,,"15/15/15",,,,"50",,,,"2196",,,,"Thunder Shock, Aura Wheel, Psychic Fangs",,,"877","877"
"892","Urshifu (Rapid Strike)","Kubfu","FALSE",,"205",,,,"0/12/13",,,,"26",,,,"2487",,,,"Counter, Aqua Jet, Dynamic Punch",,,"891;892","892"
"893","Zarude","Zarude","FALSE",,"258",,,,"0/11/14",,,,"24.5",,,,"2491",,,,"Vine Whip, Dark Pulse, Power Whip",,,"893","893"
"894","Regieleki","Regieleki","FALSE",,"364",,,,"0/15/13",,,,"36.5",,,,"2497",,,,"Lock On, Thunder, Hyper Beam",,,"894","894"
"899","Wyrdeer","Stantler","FALSE",,"246",,,,"0/15/13",,,,"39",,,,"2488",,,,"Confusion, Wild Charge, Stomp",,,"234;899","899"
"900","Kleavor","Kleavor","FALSE",,"77",,,,"1/15/13",,,,"29.5",,,,"2499",,,,"Fury Cutter, X-Scissor, Stone Edge",,,"123;900","900"
"901","Ursaluna","Teddiursa","FALSE",,"243",,,,"1/15/15",,,,"24",,,,"2500",,,,"Tackle, Swift, High Horsepower",,,"216;217;901","901"
"901","Ursaluna (Shadow)","Teddiursa","TRUE",,"279",,,,"1/15/15",,,,"24",,,,"2500",,,,"Tackle, Swift, Ice Punch",,,"216;217;901","901"
"908","Meowscarada","Sprigatito","FALSE",,"218",,,,"0/15/14",,,,"36",,,,"2495",,,,"Leafage, Night Slash, Frenzy Plant",,,"906;907;908","908"
"910","Crocalor","Fuecoco","FALSE",,"338",,,,"15/15/15",,,,"50",,,,"2189",,,,"Incinerate, Disarming Voice, Crunch",,,"909;910;911","910;911"
"911","Skeledirge","Fuecoco","FALSE",,"19",,,,"0/15/15",,,,"32",,,,"2499",,,,"Incinerate, Torch Song, Shadow Ball",,,"909;910;911","911"
"914","Quaquaval","Quaxly","FALSE",,"256",,,,"1/15/14",,,,"31.5",,,,"2497",,,,"Wing Attack, Close Combat, Aqua Jet",,,"912;913;914","914"
"916","Oinkologne","Lechonk","FALSE",,"220",,,,"0/14/12",,,,"43.5",,,,"2499",,,,"Tackle, Body Slam, Trailblaze",,,"915;916","916"
"916","Oinkologne (Female)","Lechonk","FALSE",,"119",,,,"0/15/15",,,,"47",,,,"2498",,,,"Tackle, Body Slam, Trailblaze",,,"915;916","916"
"920","Lokix","Nymble","FALSE",,"91",,,,"5/15/15",,,,"50",,,,"2494",,,,"Sucker Punch, X-Scissor, Trailblaze",,,"919;920","920"
"923","Pawmot","Pawmi","FALSE",,"51",,,,"0/15/15",,,,"40.5",,,,"2496",,,,"Thunder Shock, Brick Break, Wild Charge",,,"921;922;923","923"
"925","Maushold","Tandemaus","FALSE",,"352",,,,"15/15/15",,,,"50",,,,"2244",,,,"Mud Shot, Swift, Crunch",,,"924;925","925"
"930","Arboliva","Smoliv","FALSE",,"274",,,,"0/13/15",,,,"33.5",,,,"2494",,,,"Magical Leaf, Earth Power, Trailblaze",,,"928;929;930","930"
"936","Armarouge","Armarouge","FALSE",,"64",,,,"0/15/15",,,,"29",,,,"2499",,,,"Incinerate, Psyshock, Flame Charge",,,"935;936","936"
"937","Ceruledge","Ceruledge","FALSE",,"145",,,,"0/15/12",,,,"29.5",,,,"2497",,,,"Incinerate, Shadow Ball, Flame Charge",,,"935;937","937"
"939","Bellibolt","Tadbulb","FALSE",,"2",,,,"0/15/10",,,,"42",,,,"2494",,,,"Sucker Punch, Parabolic Charge, Zap Cannon",,,"938;939","939"
"945","Grafaiai","Shroodle","FALSE",,"67",,,,"10/15/15",,,,"50",,,,"2486",,,,"Mud Slap, Poison Fang, Sludge Bomb",,,"944;945","945"
"1111","Select a Pokemon","Select a Pokemon","FALSE","","","","","","","","","","","","","","","","","","","","","1111","1111"
"1111","Select a Pokemon","Select a Pokemon","TRUE","","","","","","","","","","","","","","","","","","","","","1111","1111"
"1112","Select a Shadow Pokemon","Select a Shadow Pokemon","FALSE","","","","","","","","","","","","","","","","","","","","","1112","1112"
"1112","Select a Shadow Pokemon","Select a Shadow Pokemon","TRUE","","","","","","","","","","","","","","","","","","","","","1112","1112"
