"ID","Pokemon","Family","Shadow","Little_Rank","Ultra_Rank","Master_Rank","Great_Rank","Little_IVs","Ultra_IVs","Master_IVs","Great_IVs","Little_Level","Ultra_Level","Master_Level","Great_Level","Little_CP","Ultra_CP","Master_CP","Great_CP","Little_MoveSet","Ultra_MoveSet","Master_MoveSet","Great_MoveSet","Evo_Fam","Evo_Next"
"3","Venusaur","Bulbasaur","FALSE",,"85",,,,"1/15/14",,,,"39",,,,"2500",,,,"Vine Whip, Frenzy Plant, Sludge",,,"1;2;3","3"
"3","Venusaur (Shadow)","Bulbasaur","TRUE",,"98",,,,"1/15/14",,,,"39",,,,"2500",,,,"Vine Whip, Frenzy Plant, Sludge",,,"1;2;3","3"
"6","Charizard","Charmander","FALSE",,"250",,,,"0/13/15",,,,"35",,,,"2500",,,,"Dragon Breath, Blast Burn, Air Cutter",,,"4;5;6","6"
"6","Charizard (Shadow)","Charmander","TRUE",,"236",,,,"0/13/15",,,,"35",,,,"2500",,,,"Dragon Breath, Blast Burn, Air Cutter",,,"4;5;6","6"
"9","Blastoise","Squirtle","FALSE",,"8",,,,"0/12/15",,,,"48.5",,,,"2498",,,,"Rollout, Hydro Cannon, Skull Bash",,,"7;8;9","9"
"9","Blastoise (Shadow)","Squirtle","TRUE",,"47",,,,"0/12/15",,,,"48.5",,,,"2498",,,,"Rollout, Hydro Cannon, Ice Beam",,,"7;8;9","9"
"15","Beedrill","Weedle","FALSE",,"592",,,,"15/15/15",,,,"50",,,,"2087",,,,"Poison Sting, Drill Run, X-Scissor",,,"13;14;15","15"
"15","Beedrill (Shadow)","Weedle","TRUE",,"576",,,,"15/15/15",,,,"50",,,,"2087",,,,"Poison Sting, Drill Run, X-Scissor",,,"13;14;15","15"
"18","Pidgeot","Pidgey","FALSE",,"350",,,,"15/15/15",,,,"50",,,,"2407",,,,"Gust, Air Cutter, Brave Bird",,,"16;17;18","18"
"18","Pidgeot (Shadow)","Pidgey","TRUE",,"368",,,,"15/15/15",,,,"50",,,,"2407",,,,"Gust, Brave Bird, Air Cutter",,,"16;17;18","18"
"20","Raticate (Alolan)","Rattata","FALSE",,"663",,,,"15/15/15",,,,"50",,,,"1927",,,,"Quick Attack, Crunch, Hyper Fang",,,"19;20","20"
"20","Raticate (Alolan) (Shadow)","Rattata","TRUE",,"655",,,,"15/15/15",,,,"50",,,,"1927",,,,"Quick Attack, Crunch, Hyper Fang",,,"19;20","20"
"22","Fearow","Spearow","FALSE",,"229",,,,"15/15/15",,,,"50",,,,"2257",,,,"Peck, Drill Peck, Drill Run",,,"21;22","22"
"24","Arbok","Ekans","FALSE",,"639",,,,"15/15/14",,,,"50",,,,"2171",,,,"Acid, Dark Pulse, Sludge Wave",,,"23;24","24"
"24","Arbok (Shadow)","Ekans","TRUE",,"661",,,,"15/15/14",,,,"50",,,,"2171",,,,"Acid, Dark Pulse, Sludge Wave",,,"23;24","24"
"26","Raichu","Pikachu","FALSE",,"158",,,,"15/15/14",,,,"50",,,,"2467",,,,"Thunder Shock, Brick Break, Wild Charge",,,"25;26;172","26;172"
"26","Raichu (Alolan)","Pikachu","FALSE",,"143",,,,"8/15/14",,,,"50",,,,"2496",,,,"Thunder Shock, Trailblaze, Wild Charge",,,"25;26;172","26;172"
"28","Sandslash","Sandshrew","FALSE",,"136",,,,"2/14/15",,,,"50",,,,"2499",,,,"Sand Attack, Rock Tomb, Night Slash",,,"27;28","28"
"28","Sandslash (Alolan)","Sandshrew","FALSE",,"76",,,,"0/14/15",,,,"49",,,,"2498",,,,"Powder Snow, Ice Punch, Drill Run",,,"27;28","28"
"28","Sandslash (Alolan) (Shadow)","Sandshrew","TRUE",,"111",,,,"0/14/15",,,,"49",,,,"2498",,,,"Powder Snow, Ice Punch, Drill Run",,,"27;28","28"
"28","Sandslash (Shadow)","Sandshrew","TRUE",,"182",,,,"2/14/15",,,,"50",,,,"2499",,,,"Sand Attack, Rock Tomb, Night Slash",,,"27;28","28"
"31","Nidoqueen","Nidoran-f","FALSE",,"88",,,,"0/14/15",,,,"47",,,,"2500",,,,"Mud Slap, Poison Fang, Stone Edge",,,"29;30;31","31"
"31","Nidoqueen (Shadow)","Nidoran-f","TRUE",,"129",,,,"0/14/15",,,,"47",,,,"2500",,,,"Mud Slap, Poison Fang, Stone Edge",,,"29;30;31","31"
"34","Nidoking","Nidoran-m","FALSE",,"514",,,,"0/14/14",,,,"44",,,,"2494",,,,"Fury Cutter, Sand Tomb, Earth Power",,,"32;33;34","34"
"34","Nidoking (Shadow)","Nidoran-m","TRUE",,"515",,,,"0/14/14",,,,"44",,,,"2494",,,,"Fury Cutter, Sand Tomb, Earth Power",,,"32;33;34","34"
"36","Clefable","Clefairy","FALSE",,"40",,,,"0/15/13",,,,"49",,,,"2500",,,,"Fairy Wind, Meteor Mash, Moonblast",,,"35;36;173","36;173"
"38","Ninetales","Vulpix","FALSE",,"67",,,,"9/15/15",,,,"50",,,,"2498",,,,"Ember, Weather Ball (Fire), Overheat",,,"37;38","38"
"38","Ninetales (Alolan)","Vulpix","FALSE",,"122",,,,"7/15/15",,,,"50",,,,"2499",,,,"Powder Snow, Weather Ball (Ice), Dazzling Gleam",,,"37;38","38"
"38","Ninetales (Alolan) (Shadow)","Vulpix","TRUE",,"107",,,,"7/15/15",,,,"50",,,,"2499",,,,"Powder Snow, Weather Ball (Ice), Dazzling Gleam",,,"37;38","38"
"38","Ninetales (Shadow)","Vulpix","TRUE",,"51",,,,"9/15/15",,,,"50",,,,"2498",,,,"Ember, Weather Ball (Fire), Overheat",,,"37;38","38"
"40","Wigglytuff","Jigglypuff","FALSE",,"425",,,,"15/15/15",,,,"50",,,,"2178",,,,"Charm, Disarming Voice, Icy Wind",,,"39;40;174","40;174"
"42","Golbat","Zubat","FALSE",,"567",,,,"15/15/15",,,,"50",,,,"2234",,,,"Wing Attack, Air Cutter, Shadow Ball",,,"41;42;169","42;169"
"42","Golbat (Shadow)","Zubat","TRUE",,"548",,,,"15/15/15",,,,"50",,,,"2234",,,,"Wing Attack, Air Cutter, Shadow Ball",,,"41;42;169","42;169"
"45","Vileplume","Oddish","FALSE",,"422",,,,"0/15/14",,,,"44",,,,"2497",,,,"Acid, Sludge Bomb, Petal Blizzard",,,"43;44;45","45"
"45","Vileplume (Shadow)","Oddish","TRUE",,"526",,,,"0/15/14",,,,"44",,,,"2497",,,,"Acid, Sludge Bomb, Moonblast",,,"43;44;45","45"
"47","Parasect","Paras","FALSE",,"610",,,,"15/15/14",,,,"50",,,,"2102",,,,"Fury Cutter, X-Scissor, Cross Poison",,,"46;47","47"
"49","Venomoth","Venonat","FALSE",,"443",,,,"15/15/15",,,,"50",,,,"2354",,,,"Psywave, Poison Fang, Silver Wind",,,"48;49","49"
"49","Venomoth (Shadow)","Venonat","TRUE",,"440",,,,"15/15/15",,,,"50",,,,"2354",,,,"Psywave, Poison Fang, Silver Wind",,,"48;49","49"
"55","Golduck","Psyduck","FALSE",,"281",,,,"0/13/13",,,,"48.5",,,,"2500",,,,"Confusion, Cross Chop, Liquidation",,,"54;55","55"
"55","Golduck (Shadow)","Psyduck","TRUE",,"259",,,,"0/13/13",,,,"48.5",,,,"2500",,,,"Confusion, Cross Chop, Liquidation",,,"54;55","55"
"57","Primeape","Mankey","FALSE",,"118",,,,"7/15/15",,,,"50",,,,"2499",,,,"Karate Chop, Rage Fist, Close Combat",,,"56;57;979","57;979"
"57","Primeape (Shadow)","Mankey","TRUE",,"130",,,,"7/15/15",,,,"50",,,,"2499",,,,"Karate Chop, Rage Fist, Ice Punch",,,"56;57;979","57;979"
"59","Arcanine","Growlithe","FALSE",,"597",,,,"0/15/15",,,,"31.5",,,,"2500",,,,"Snarl, Crunch, Flamethrower",,,"58;59","59"
"59","Arcanine (Hisuian)","Growlithe","FALSE",,"566",,,,"0/10/15",,,,"30",,,,"2500",,,,"Fire Fang, Rock Slide, Crunch",,,"58;59","59"
"59","Arcanine (Shadow)","Growlithe","TRUE",,"246",,,,"0/15/15",,,,"31.5",,,,"2500",,,,"Fire Fang, Wild Charge, Psychic Fangs",,,"58;59","59"
"62","Poliwrath","Poliwag","FALSE",,"211",,,,"0/14/14",,,,"44",,,,"2497",,,,"Counter, Icy Wind, Scald",,,"60;61;62","62"
"62","Poliwrath (Shadow)","Poliwag","TRUE",,"219",,,,"0/14/14",,,,"44",,,,"2497",,,,"Counter, Icy Wind, Scald",,,"60;61;62","62"
"65","Alakazam","Abra","FALSE",,"571",,,,"0/14/15",,,,"30.5",,,,"2500",,,,"Confusion, Fire Punch, Shadow Ball",,,"63;64;65","65"
"65","Alakazam (Shadow)","Abra","TRUE",,"550",,,,"0/14/15",,,,"30.5",,,,"2500",,,,"Confusion, Fire Punch, Shadow Ball",,,"63;64;65","65"
"67","Machoke","Machop","FALSE",,"316",,,,"15/15/15",,,,"50",,,,"2296",,,,"Karate Chop, Cross Chop, Dynamic Punch",,,"66;67;68","67;68"
"67","Machoke (Shadow)","Machop","TRUE",,"288",,,,"15/15/15",,,,"50",,,,"2296",,,,"Karate Chop, Cross Chop, Dynamic Punch",,,"66;67;68","67;68"
"68","Machamp","Machop","FALSE",,"185",,,,"0/15/14",,,,"31",,,,"2498",,,,"Karate Chop, Cross Chop, Rock Slide",,,"66;67;68","68"
"68","Machamp (Shadow)","Machop","TRUE",,"157",,,,"0/15/14",,,,"31",,,,"2498",,,,"Karate Chop, Cross Chop, Rock Slide",,,"66;67;68","68"
"71","Victreebel","Bellsprout","FALSE",,"131",,,,"0/15/12",,,,"48.5",,,,"2492",,,,"Acid, Leaf Blade, Sludge Bomb",,,"69;70;71","71"
"71","Victreebel (Shadow)","Bellsprout","TRUE",,"119",,,,"0/15/12",,,,"48.5",,,,"2492",,,,"Acid, Leaf Blade, Sludge Bomb",,,"69;70;71","71"
"73","Tentacruel","Tentacool","FALSE",,"32",,,,"0/13/15",,,,"50",,,,"2499",,,,"Poison Sting, Scald, Payback",,,"72;73","73"
"73","Tentacruel (Shadow)","Tentacool","TRUE",,"73",,,,"0/13/15",,,,"50",,,,"2499",,,,"Poison Sting, Scald, Payback",,,"72;73","73"
"75","Graveler","Geodude","FALSE",,"643",,,,"15/15/15",,,,"50",,,,"2145",,,,"Mud Slap, Rock Slide, Dig",,,"74;75;76","75;76"
"75","Graveler (Alolan)","Geodude","FALSE",,"595",,,,"15/15/15",,,,"50",,,,"2145",,,,"Volt Switch, Stone Edge, Rock Blast",,,"74;75;76","75;76"
"75","Graveler (Alolan) (Shadow)","Geodude","TRUE",,"583",,,,"15/15/15",,,,"50",,,,"2145",,,,"Volt Switch, Stone Edge, Rock Blast",,,"74;75;76","75;76"
"75","Graveler (Shadow)","Geodude","TRUE",,"640",,,,"15/15/15",,,,"50",,,,"2145",,,,"Mud Slap, Rock Slide, Dig",,,"74;75;76","75;76"
"76","Golem","Geodude","FALSE",,"396",,,,"0/15/15",,,,"33.5",,,,"2499",,,,"Mud Slap, Stone Edge, Rock Blast",,,"74;75;76","76"
"76","Golem (Alolan)","Geodude","FALSE",,"263",,,,"0/15/15",,,,"33.5",,,,"2499",,,,"Volt Switch, Rock Blast, Wild Charge",,,"74;75;76","76"
"76","Golem (Alolan) (Shadow)","Geodude","TRUE",,"253",,,,"0/15/15",,,,"33.5",,,,"2499",,,,"Volt Switch, Wild Charge, Rock Blast",,,"74;75;76","76"
"76","Golem (Shadow)","Geodude","TRUE",,"421",,,,"0/15/15",,,,"33.5",,,,"2499",,,,"Mud Slap, Stone Edge, Rock Blast",,,"74;75;76","76"
"78","Rapidash","Ponyta","FALSE",,"174",,,,"0/15/14",,,,"47",,,,"2498",,,,"Incinerate, Wild Charge, Flame Charge",,,"77;78","78"
"78","Rapidash (Galarian)","Ponyta","FALSE",,"306",,,,"0/15/14",,,,"47",,,,"2498",,,,"Fairy Wind, Body Slam, Wild Charge",,,"77;78","78"
"80","Slowbro","Slowpoke","FALSE",,"369",,,,"0/14/14",,,,"45.5",,,,"2498",,,,"Confusion, Drain Punch, Ice Beam",,,"79;80","80"
"80","Slowbro (Galarian)","Slowpoke","FALSE",,"278",,,,"1/15/11",,,,"48.5",,,,"2495",,,,"Confusion, Brutal Swing, Sludge Bomb",,,"79;80","80"
"80","Slowbro (Shadow)","Slowpoke","TRUE",,"348",,,,"0/14/14",,,,"45.5",,,,"2498",,,,"Confusion, Drain Punch, Ice Beam",,,"79;80","80"
"82","Magneton","Magnemite","FALSE",,"197",,,,"0/15/15",,,,"45.5",,,,"2496",,,,"Volt Switch, Discharge, Magnet Bomb",,,"81;82;462","82;462"
"82","Magneton (Shadow)","Magnemite","TRUE",,"162",,,,"0/15/15",,,,"45.5",,,,"2496",,,,"Volt Switch, Discharge, Magnet Bomb",,,"81;82;462","82;462"
"85","Dodrio","Doduo","FALSE",,"125",,,,"0/15/14",,,,"50",,,,"2499",,,,"Peck, Drill Peck, Brave Bird",,,"84;85","85"
"87","Dewgong","Seel","FALSE",,"319",,,,"15/15/15",,,,"50",,,,"2245",,,,"Ice Shard, Icy Wind, Drill Run",,,"86;87","87"
"89","Muk","Grimer","FALSE",,"260",,,,"0/15/14",,,,"38.5",,,,"2497",,,,"Poison Jab, Thunder Punch, Dark Pulse",,,"88;89","89"
"89","Muk (Alolan)","Grimer","FALSE",,"271",,,,"0/15/14",,,,"38.5",,,,"2497",,,,"Poison Jab, Dark Pulse, Acid Spray",,,"88;89","89"
"89","Muk (Alolan) (Shadow)","Grimer","TRUE",,"331",,,,"0/15/14",,,,"38.5",,,,"2497",,,,"Poison Jab, Dark Pulse, Acid Spray",,,"88;89","89"
"89","Muk (Shadow)","Grimer","TRUE",,"275",,,,"0/15/14",,,,"38.5",,,,"2497",,,,"Poison Jab, Dark Pulse, Thunder Punch",,,"88;89","89"
"91","Cloyster","Shellder","FALSE",,"419",,,,"0/14/14",,,,"45",,,,"2498",,,,"Ice Shard, Icy Wind, Hydro Pump",,,"90;91","91"
"91","Cloyster (Shadow)","Shellder","TRUE",,"482",,,,"0/14/14",,,,"45",,,,"2498",,,,"Ice Shard, Icy Wind, Hydro Pump",,,"90;91","91"
"94","Gengar","Gastly","FALSE",,"322",,,,"0/15/14",,,,"34.5",,,,"2496",,,,"Shadow Claw, Shadow Punch, Sludge Bomb",,,"92;93;94","94"
"94","Gengar (Shadow)","Gastly","TRUE",,"244",,,,"0/15/14",,,,"34.5",,,,"2496",,,,"Shadow Claw, Shadow Punch, Sludge Bomb",,,"92;93;94","94"
"97","Hypno","Drowzee","FALSE",,"190",,,,"15/15/14",,,,"50",,,,"2363",,,,"Confusion, Thunder Punch, Shadow Ball",,,"96;97","97"
"97","Hypno (Shadow)","Drowzee","TRUE",,"296",,,,"15/15/14",,,,"50",,,,"2363",,,,"Confusion, Thunder Punch, Ice Punch",,,"96;97","97"
"99","Kingler","Krabby","FALSE",,"579",,,,"0/15/15",,,,"35.5",,,,"2498",,,,"Bubble, Crabhammer, Vise Grip",,,"98;99","99"
"101","Electrode","Voltorb","FALSE",,"239",,,,"15/15/14",,,,"50",,,,"2373",,,,"Volt Switch, Foul Play, Discharge",,,"100;101","101"
"101","Electrode (Hisuian)","Voltorb","FALSE",,"165",,,,"15/15/14",,,,"50",,,,"2430",,,,"Thunder Shock, Wild Charge, Swift",,,"100;101","101"
"101","Electrode (Shadow)","Voltorb","TRUE",,"225",,,,"15/15/14",,,,"50",,,,"2373",,,,"Volt Switch, Foul Play, Discharge",,,"100;101","101"
"103","Exeggutor","Exeggcute","FALSE",,"489",,,,"1/15/15",,,,"31.5",,,,"2500",,,,"Confusion, Seed Bomb, Psychic",,,"102;103","103"
"103","Exeggutor (Alolan)","Exeggcute","FALSE",,"450",,,,"1/15/15",,,,"31.5",,,,"2499",,,,"Dragon Tail, Seed Bomb, Draco Meteor",,,"102;103","103"
"103","Exeggutor (Alolan) (Shadow)","Exeggcute","TRUE",,"484",,,,"1/15/15",,,,"31.5",,,,"2499",,,,"Dragon Tail, Seed Bomb, Draco Meteor",,,"102;103","103"
"103","Exeggutor (Shadow)","Exeggcute","TRUE",,"479",,,,"1/15/15",,,,"31.5",,,,"2500",,,,"Confusion, Seed Bomb, Psychic",,,"102;103","103"
"105","Marowak","Cubone","FALSE",,"438",,,,"15/15/14",,,,"50",,,,"2075",,,,"Mud Slap, Bone Club, Rock Slide",,,"104;105","105"
"105","Marowak (Alolan)","Cubone","FALSE",,"506",,,,"15/15/14",,,,"50",,,,"2075",,,,"Hex, Shadow Bone, Bone Club",,,"104;105","105"
"105","Marowak (Alolan) (Shadow)","Cubone","TRUE",,"529",,,,"15/15/14",,,,"50",,,,"2075",,,,"Hex, Shadow Bone, Flame Wheel",,,"104;105","105"
"105","Marowak (Shadow)","Cubone","TRUE",,"409",,,,"15/15/14",,,,"50",,,,"2075",,,,"Mud Slap, Bone Club, Rock Slide",,,"104;105","105"
"106","Hitmonlee","Hitmonlee","FALSE",,"477",,,,"0/14/15",,,,"43",,,,"2497",,,,"Double Kick, Close Combat, Brick Break",,,"106;236","106;236"
"106","Hitmonlee (Shadow)","Hitmonlee","TRUE",,"469",,,,"0/14/15",,,,"43",,,,"2497",,,,"Double Kick, Close Combat, Brick Break",,,"106;236","106;236"
"107","Hitmonchan","Hitmonchan","FALSE",,"371",,,,"5/15/15",,,,"49.5",,,,"2497",,,,"Bullet Punch, Close Combat, Brick Break",,,"107;236","107;236"
"107","Hitmonchan (Shadow)","Hitmonchan","TRUE",,"357",,,,"5/15/15",,,,"49.5",,,,"2497",,,,"Bullet Punch, Close Combat, Brick Break",,,"107;236","107;236"
"110","Weezing","Koffing","FALSE",,"258",,,,"8/15/15",,,,"50",,,,"2495",,,,"Rollout, Sludge Bomb, Shadow Ball",,,"109;110","110"
"110","Weezing (Galarian)","Koffing","FALSE",,"100",,,,"8/15/15",,,,"50",,,,"2500",,,,"Fairy Wind, Brutal Swing, Sludge",,,"109;110","110"
"110","Weezing (Galarian) (Shadow)","Koffing","TRUE",,"101",,,,"8/15/15",,,,"50",,,,"2500",,,,"Fairy Wind, Brutal Swing, Sludge",,,"109;110","110"
"110","Weezing (Shadow)","Koffing","TRUE",,"285",,,,"8/15/15",,,,"50",,,,"2500",,,,"Rollout, Sludge Bomb, Shadow Ball",,,"109;110","110"
"112","Rhydon","Rhyhorn","FALSE",,"493",,,,"0/14/14",,,,"29.5",,,,"2500",,,,"Mud Slap, Stone Edge, Surf",,,"111;112;464","112;464"
"112","Rhydon (Shadow)","Rhyhorn","TRUE",,"524",,,,"0/14/14",,,,"29.5",,,,"2500",,,,"Mud Slap, Stone Edge, Surf",,,"111;112;464","112;464"
"113","Chansey","Chansey","FALSE",,"682",,,,"15/15/15",,,,"50",,,,"1418",,,,"Zen Headbutt, Dazzling Gleam, Psychic",,,"113;242;440","113;242;440"
"114","Tangela","Tangela","FALSE",,"481",,,,"12/15/15",,,,"50",,,,"2497",,,,"Vine Whip, Grass Knot, Sludge Bomb",,,"114;465","114;465"
"114","Tangela (Shadow)","Tangela","TRUE",,"500",,,,"12/15/15",,,,"50",,,,"2497",,,,"Vine Whip, Grass Knot, Sludge Bomb",,,"114;465","114;465"
"115","Kangaskhan","Kangaskhan","FALSE",,"335",,,,"0/15/13",,,,"44",,,,"2498",,,,"Mud Slap, Power-Up Punch, Outrage",,,"115","115"
"117","Seadra","Horsea","FALSE",,"656",,,,"15/15/15",,,,"50",,,,"2366",,,,"Dragon Breath, Hydro Pump, Dragon Pulse",,,"116;117;230","117;230"
"117","Seadra (Shadow)","Horsea","TRUE",,"675",,,,"15/15/15",,,,"50",,,,"2366",,,,"Dragon Breath, Hydro Pump, Dragon Pulse",,,"116;117;230","117;230"
"119","Seaking","Goldeen","FALSE",,"77",,,,"15/15/15",,,,"50",,,,"2444",,,,"Peck, Drill Run, Icy Wind",,,"118;119","119"
"121","Starmie","Staryu","FALSE",,"295",,,,"0/15/14",,,,"43",,,,"2498",,,,"Psywave, Surf, Ice Beam",,,"120;121","121"
"121","Starmie (Shadow)","Staryu","TRUE",,"241",,,,"0/15/14",,,,"43",,,,"2498",,,,"Psywave, Surf, Power Gem",,,"120;121","121"
"122","Mr. Mime","Mr-mime","FALSE",,"302",,,,"13/15/15",,,,"50",,,,"2498",,,,"Psywave, Shadow Ball, Psychic",,,"122;439;866","122;439;866"
"122","Mr. Mime (Galarian)","Mr-mime","FALSE",,"623",,,,"15/15/15",,,,"50",,,,"2338",,,,"Confusion, Ice Punch, Psychic",,,"122;439;866","122;439;866"
"123","Scyther","Scyther","FALSE",,"403",,,,"0/13/15",,,,"39.5",,,,"2498",,,,"Fury Cutter, Night Slash, X-Scissor",,,"123;212","123;212"
"123","Scyther (Shadow)","Scyther","TRUE",,"341",,,,"0/13/15",,,,"39.5",,,,"2498",,,,"Fury Cutter, Night Slash, X-Scissor",,,"123;212","123;212"
"124","Jynx","Jynx","FALSE",,"501",,,,"1/15/15",,,,"43",,,,"2499",,,,"Confusion, Avalanche, Psyshock",,,"124;238","124;238"
"125","Electabuzz","Electabuzz","FALSE",,"266",,,,"5/15/15",,,,"49.5",,,,"2490",,,,"Thunder Shock, Thunder Punch, Return",,,"125;239;466","125;239;466"
"125","Electabuzz (Shadow)","Electabuzz","TRUE",,"252",,,,"5/15/15",,,,"49.5",,,,"2494",,,,"Thunder Shock, Thunder Punch, Thunderbolt",,,"125;239;466","125;239;466"
"126","Magmar","Magmar","FALSE",,"349",,,,"0/14/15",,,,"49.5",,,,"2496",,,,"Ember, Fire Punch, Scorching Sands",,,"126;240;467","126;240;467"
"126","Magmar (Shadow)","Magmar","TRUE",,"314",,,,"0/14/15",,,,"49.5",,,,"2496",,,,"Ember, Fire Punch, Scorching Sands",,,"126;240;467","126;240;467"
"127","Pinsir","Pinsir","FALSE",,"401",,,,"0/14/15",,,,"33",,,,"2500",,,,"Fury Cutter, Close Combat, X-Scissor",,,"127","127"
"127","Pinsir (Shadow)","Pinsir","TRUE",,"413",,,,"0/14/15",,,,"33",,,,"2500",,,,"Fury Cutter, Close Combat, X-Scissor",,,"127","127"
"128","Tauros","Tauros","FALSE",,"416",,,,"0/15/14",,,,"42",,,,"2494",,,,"Tackle, Trailblaze, Horn Attack",,,"128","128"
"128","Tauros (Aqua)","Tauros","FALSE",,"210",,,,"0/15/15",,,,"36",,,,"2499",,,,"Double Kick, Aqua Jet, Trailblaze",,,"128","128"
"128","Tauros (Blaze)","Tauros","FALSE",,"352",,,,"0/15/15",,,,"36",,,,"2499",,,,"Double Kick, Flame Charge, Trailblaze",,,"128","128"
"128","Tauros (Combat)","Tauros","FALSE",,"290",,,,"0/15/15",,,,"36",,,,"2499",,,,"Double Kick, Close Combat, Trailblaze",,,"128","128"
"130","Gyarados","Magikarp","FALSE",,"69",,,,"0/15/14",,,,"27.5",,,,"2500",,,,"Dragon Breath, Aqua Tail, Crunch",,,"129;130","130"
"130","Gyarados (Shadow)","Magikarp","TRUE",,"74",,,,"0/15/14",,,,"27.5",,,,"2500",,,,"Dragon Breath, Aqua Tail, Crunch",,,"129;130","130"
"131","Lapras","Lapras","FALSE",,"1",,,,"0/15/15",,,,"42.5",,,,"2495",,,,"Psywave, Sparkling Aria, Ice Beam",,,"131","131"
"131","Lapras (Shadow)","Lapras","TRUE",,"4",,,,"0/15/15",,,,"42.5",,,,"2495",,,,"Psywave, Sparkling Aria, Ice Beam",,,"131","131"
"134","Vaporeon","Eevee","FALSE",,"262",,,,"0/15/13",,,,"30.5",,,,"2494",,,,"Water Gun, Aqua Tail, Liquidation",,,"133;134","134"
"135","Jolteon","Eevee","FALSE",,"301",,,,"0/15/15",,,,"34.5",,,,"2496",,,,"Volt Switch, Discharge, Last Resort",,,"133;135","135"
"136","Flareon","Eevee","FALSE",,"553",,,,"1/15/15",,,,"31",,,,"2497",,,,"Ember, Superpower, Flamethrower",,,"133;136","136"
"139","Omastar","Omanyte","FALSE",,"551",,,,"0/14/15",,,,"37.5",,,,"2497",,,,"Mud Shot, Rock Slide, Rock Blast",,,"138;139","139"
"139","Omastar (Shadow)","Omanyte","TRUE",,"537",,,,"0/14/15",,,,"37.5",,,,"2497",,,,"Mud Shot, Rock Slide, Rock Blast",,,"138;139","139"
"141","Kabutops","Kabuto","FALSE",,"525",,,,"0/14/15",,,,"39",,,,"2497",,,,"Fury Cutter, Stone Edge, Water Pulse",,,"140;141","141"
"142","Aerodactyl","Aerodactyl","FALSE",,"378",,,,"0/13/15",,,,"37.5",,,,"2495",,,,"Dragon Breath, Rock Slide, Earth Power",,,"142","142"
"142","Aerodactyl (Shadow)","Aerodactyl","TRUE",,"405",,,,"0/13/15",,,,"37.5",,,,"2495",,,,"Dragon Breath, Rock Slide, Earth Power",,,"142","142"
"143","Snorlax","Snorlax","FALSE",,"169",,,,"0/12/15",,,,"29.5",,,,"2495",,,,"Lick, Body Slam, Earthquake",,,"143;446","143;446"
"143","Snorlax (Shadow)","Snorlax","TRUE",,"201",,,,"0/12/15",,,,"29.5",,,,"2495",,,,"Lick, Body Slam, Earthquake",,,"143;446","143;446"
"149","Dragonite","Dratini","FALSE",,"206",,,,"0/13/15",,,,"24.5",,,,"2495",,,,"Dragon Breath, Thunder Punch, Superpower",,,"147;148;149","149"
"149","Dragonite (Shadow)","Dratini","TRUE",,"164",,,,"0/13/15",,,,"24.5",,,,"2495",,,,"Dragon Breath, Thunder Punch, Superpower",,,"147;148;149","149"
"154","Meganium","Chikorita","FALSE",,"99",,,,"0/14/15",,,,"50",,,,"2497",,,,"Vine Whip, Frenzy Plant, Earthquake",,,"152;153;154","154"
"154","Meganium (Shadow)","Chikorita","TRUE",,"106",,,,"0/14/15",,,,"50",,,,"2497",,,,"Vine Whip, Frenzy Plant, Earthquake",,,"152;153;154","154"
"157","Typhlosion","Cyndaquil","FALSE",,"147",,,,"0/13/15",,,,"35",,,,"2500",,,,"Incinerate, Blast Burn, Thunder Punch",,,"155;156;157","157"
"157","Typhlosion (Hisuian)","Cyndaquil","FALSE",,"355",,,,"1/15/14",,,,"32",,,,"2495",,,,"Ember, Fire Punch, Wild Charge",,,"155;156;157","157"
"157","Typhlosion (Shadow)","Cyndaquil","TRUE",,"139",,,,"0/13/15",,,,"35",,,,"2500",,,,"Incinerate, Blast Burn, Thunder Punch",,,"155;156;157","157"
"160","Feraligatr","Totodile","FALSE",,"22",,,,"1/15/14",,,,"35.5",,,,"2496",,,,"Shadow Claw, Hydro Cannon, Ice Beam",,,"158;159;160","160"
"160","Feraligatr (Shadow)","Totodile","TRUE",,"16",,,,"1/15/14",,,,"35.5",,,,"2496",,,,"Shadow Claw, Hydro Cannon, Ice Beam",,,"158;159;160","160"
"162","Furret","Sentret","FALSE",,"523",,,,"15/15/14",,,,"50",,,,"1987",,,,"Sucker Punch, Swift, Trailblaze",,,"161;162","162"
"164","Noctowl","Hoothoot","FALSE",,"458",,,,"15/15/15",,,,"50",,,,"2288",,,,"Wing Attack, Shadow Ball, Sky Attack",,,"163;164","164"
"169","Crobat","Zubat","FALSE",,"444",,,,"0/15/14",,,,"41.5",,,,"2497",,,,"Air Slash, Poison Fang, Shadow Ball",,,"41;42;169","169"
"169","Crobat (Shadow)","Zubat","TRUE",,"420",,,,"0/15/14",,,,"41.5",,,,"2497",,,,"Air Slash, Poison Fang, Shadow Ball",,,"41;42;169","169"
"171","Lanturn","Chinchou","FALSE",,"209",,,,"15/15/15",,,,"50",,,,"2357",,,,"Spark, Surf, Thunderbolt",,,"170;171","171"
"176","Togetic","Togepi","FALSE",,"631",,,,"15/15/15",,,,"50",,,,"1931",,,,"Fairy Wind, Psyshock, Aerial Ace",,,"175;176;468","176;468"
"178","Xatu","Natu","FALSE",,"343",,,,"15/15/15",,,,"50",,,,"2474",,,,"Peck, Psyshock, Aerial Ace",,,"177;178","178"
"178","Xatu (Shadow)","Natu","TRUE",,"292",,,,"15/15/15",,,,"50",,,,"2474",,,,"Peck, Psyshock, Aerial Ace",,,"177;178","178"
"181","Ampharos","Mareep","FALSE",,"62",,,,"0/13/15",,,,"36",,,,"2499",,,,"Volt Switch, Brutal Swing, Trailblaze",,,"179;180;181","181"
"181","Ampharos (Shadow)","Mareep","TRUE",,"63",,,,"0/13/15",,,,"36",,,,"2499",,,,"Volt Switch, Brutal Swing, Trailblaze",,,"179;180;181","181"
"182","Bellossom","Bellossom","FALSE",,"149",,,,"9/15/15",,,,"50",,,,"2499",,,,"Acid, Leaf Blade, Dazzling Gleam",,,"43;44;182","182"
"182","Bellossom (Shadow)","Bellossom","TRUE",,"105",,,,"9/15/15",,,,"50",,,,"2499",,,,"Acid, Leaf Blade, Dazzling Gleam",,,"43;44;182","182"
"184","Azumarill","Marill","FALSE",,"649",,,,"15/15/15",,,,"50",,,,"1795",,,,"Bubble, Play Rough, Ice Beam",,,"183;184;298","184;298"
"185","Sudowoodo","Sudowoodo","FALSE",,"532",,,,"15/15/15",,,,"50",,,,"2428",,,,"Counter, Meteor Beam, Rock Tomb",,,"185;438","185;438"
"185","Sudowoodo (Shadow)","Sudowoodo","TRUE",,"611",,,,"15/15/15",,,,"50",,,,"2428",,,,"Counter, Meteor Beam, Rock Tomb",,,"185;438","185;438"
"186","Politoed","Politoed","FALSE",,"216",,,,"0/15/14",,,,"48.5",,,,"2499",,,,"Mud Shot, Surf, Blizzard",,,"60;61;186","186"
"186","Politoed (Shadow)","Politoed","TRUE",,"173",,,,"0/15/14",,,,"48.5",,,,"2499",,,,"Mud Shot, Weather Ball (Water), Blizzard",,,"60;61;186","186"
"189","Jumpluff","Hoppip","FALSE",,"621",,,,"15/15/15",,,,"50",,,,"1850",,,,"Fairy Wind, Acrobatics, Energy Ball",,,"187;188;189","189"
"189","Jumpluff (Shadow)","Hoppip","TRUE",,"608",,,,"15/15/15",,,,"50",,,,"1850",,,,"Fairy Wind, Acrobatics, Energy Ball",,,"187;188;189","189"
"192","Sunflora","Sunkern","FALSE",,"616",,,,"15/15/15",,,,"50",,,,"2421",,,,"Bullet Seed, Leaf Storm, Sludge Bomb",,,"191;192","192"
"195","Quagsire","Wooper","FALSE",,"361",,,,"15/15/15",,,,"50",,,,"2252",,,,"Mud Shot, Aqua Tail, Stone Edge",,,"194;195","195"
"195","Quagsire (Shadow)","Wooper","TRUE",,"336",,,,"15/15/15",,,,"50",,,,"2252",,,,"Mud Shot, Aqua Tail, Stone Edge",,,"194;195","195"
"196","Espeon","Eevee","FALSE",,"464",,,,"1/15/15",,,,"29",,,,"2499",,,,"Confusion, Psychic Fangs, Shadow Ball",,,"133;196","196"
"197","Umbreon","Eevee","FALSE",,"90",,,,"15/15/15",,,,"50",,,,"2416",,,,"Snarl, Foul Play, Last Resort",,,"133;197","197"
"199","Slowking","Slowpoke","FALSE",,"299",,,,"0/14/14",,,,"45.5",,,,"2498",,,,"Confusion, Surf, Blizzard",,,"79;199","199"
"199","Slowking (Galarian)","Slowpoke","FALSE",,"280",,,,"0/15/14",,,,"39.5",,,,"2500",,,,"Acid, Surf, Shadow Ball",,,"79;199","199"
"199","Slowking (Shadow)","Slowpoke","TRUE",,"381",,,,"0/14/14",,,,"45.5",,,,"2498",,,,"Confusion, Surf, Blizzard",,,"79;199","199"
"200","Misdreavus","Misdreavus","FALSE",,"622",,,,"15/15/14",,,,"50",,,,"2178",,,,"Astonish, Shadow Sneak, Dark Pulse",,,"200;429","200;429"
"200","Misdreavus (Shadow)","Misdreavus","TRUE",,"625",,,,"15/15/14",,,,"50",,,,"2178",,,,"Astonish, Shadow Sneak, Dark Pulse",,,"200;429","200;429"
"203","Girafarig","Girafarig","FALSE",,"340",,,,"15/15/15",,,,"50",,,,"2314",,,,"Confusion, Psychic Fangs, Trailblaze",,,"203;981","203;981"
"203","Girafarig (Shadow)","Girafarig","TRUE",,"308",,,,"15/15/15",,,,"50",,,,"2314",,,,"Confusion, Psychic Fangs, Trailblaze",,,"203;981","203;981"
"205","Forretress","Pineco","FALSE",,"6",,,,"9/15/15",,,,"50",,,,"2500",,,,"Volt Switch, Rock Tomb, Earthquake",,,"204;205","205"
"205","Forretress (Shadow)","Pineco","TRUE",,"44",,,,"9/15/15",,,,"50",,,,"2500",,,,"Volt Switch, Rock Tomb, Earthquake",,,"204;205","205"
"206","Dunsparce","Dunsparce","FALSE",,"596",,,,"15/15/15",,,,"50",,,,"1909",,,,"Rollout, Drill Run, Rock Slide",,,"206;982","206;982"
"207","Gligar","Gligar","FALSE",,"521",,,,"15/15/15",,,,"50",,,,"2099",,,,"Fury Cutter, Night Slash, Aerial Ace",,,"207;472","207;472"
"207","Gligar (Shadow)","Gligar","TRUE",,"497",,,,"15/15/15",,,,"50",,,,"2099",,,,"Fury Cutter, Night Slash, Aerial Ace",,,"207;472","207;472"
"208","Steelix","Onix","FALSE",,"15",,,,"2/15/15",,,,"49.5",,,,"2495",,,,"Thunder Fang, Crunch, Psychic Fangs",,,"95;208","208"
"208","Steelix (Shadow)","Onix","TRUE",,"46",,,,"2/15/15",,,,"49.5",,,,"2495",,,,"Thunder Fang, Psychic Fangs, Crunch",,,"95;208","208"
"210","Granbull","Snubbull","FALSE",,"430",,,,"0/15/14",,,,"44",,,,"2497",,,,"Charm, Close Combat, Crunch",,,"209;210","210"
"210","Granbull (Shadow)","Snubbull","TRUE",,"492",,,,"0/15/14",,,,"44",,,,"2497",,,,"Charm, Close Combat, Crunch",,,"209;210","210"
"211","Qwilfish","Qwilfish","FALSE",,"366",,,,"15/15/15",,,,"50",,,,"2318",,,,"Poison Sting, Aqua Tail, Ice Beam",,,"211;904","211;904"
"211","Qwilfish (Hisuian)","Qwilfish","FALSE",,"277",,,,"15/15/15",,,,"50",,,,"2415",,,,"Poison Jab, Aqua Tail, Dark Pulse",,,"211;904","211;904"
"211","Qwilfish (Shadow)","Qwilfish","TRUE",,"318",,,,"15/15/15",,,,"50",,,,"2318",,,,"Poison Sting, Aqua Tail, Ice Beam",,,"211;904","211;904"
"212","Scizor","Scyther","FALSE",,"56",,,,"0/15/15",,,,"32",,,,"2494",,,,"Bullet Punch, Night Slash, Trailblaze",,,"123;212","212"
"212","Scizor (Shadow)","Scyther","TRUE",,"60",,,,"0/15/15",,,,"32",,,,"2494",,,,"Bullet Punch, Night Slash, Trailblaze",,,"123;212","212"
"214","Heracross","Heracross","FALSE",,"437",,,,"0/14/13",,,,"30.5",,,,"2492",,,,"Counter, Upper Hand, Megahorn",,,"214","214"
"215","Sneasel","Sneasel","FALSE",,"602",,,,"15/15/15",,,,"50",,,,"2319",,,,"Ice Shard, Avalanche, Foul Play",,,"215;461","215;461"
"215","Sneasel (Hisuian)","Sneasel","FALSE",,"531",,,,"15/15/15",,,,"50",,,,"2319",,,,"Poison Jab, Close Combat, X-Scissor",,,"215;461","215;461"
"215","Sneasel (Hisuian) (Shadow)","Sneasel","TRUE",,"534",,,,"15/15/15",,,,"50",,,,"2319",,,,"Poison Jab, Close Combat, X-Scissor",,,"215;461","215;461"
"215","Sneasel (Shadow)","Sneasel","TRUE",,"594",,,,"15/15/15",,,,"50",,,,"2319",,,,"Ice Shard, Foul Play, Avalanche",,,"215;461","215;461"
"217","Ursaring","Teddiursa","FALSE",,"202",,,,"0/15/13",,,,"33.5",,,,"2499",,,,"Shadow Claw, Swift, Close Combat",,,"216;217;901","217;901"
"217","Ursaring (Shadow)","Teddiursa","TRUE",,"135",,,,"0/15/13",,,,"33.5",,,,"2499",,,,"Shadow Claw, Swift, Close Combat",,,"216;217;901","217;901"
"219","Magcargo","Slugma","FALSE",,"603",,,,"15/15/15",,,,"50",,,,"1924",,,,"Incinerate, Rock Tomb, Overheat",,,"218;219","219"
"221","Piloswine","Swinub","FALSE",,"205",,,,"5/15/12",,,,"50",,,,"2500",,,,"Powder Snow, Avalanche, Icicle Spear",,,"220;221;473","221;473"
"221","Piloswine (Shadow)","Swinub","TRUE",,"222",,,,"5/15/12",,,,"50",,,,"2500",,,,"Powder Snow, Avalanche, Icicle Spear",,,"220;221;473","221;473"
"224","Octillery","Remoraid","FALSE",,"467",,,,"5/15/15",,,,"50",,,,"2500",,,,"Lock On, Water Pulse, Aurora Beam",,,"223;224","224"
"226","Mantine","Mantine","FALSE",,"412",,,,"15/15/15",,,,"50",,,,"2383",,,,"Wing Attack, Aerial Ace, Ice Beam",,,"226;458","226;458"
"227","Skarmory","Skarmory","FALSE",,"377",,,,"15/15/15",,,,"50",,,,"2383",,,,"Air Slash, Brave Bird, Sky Attack",,,"227","227"
"227","Skarmory (Shadow)","Skarmory","TRUE",,"397",,,,"15/15/15",,,,"50",,,,"2383",,,,"Air Slash, Brave Bird, Sky Attack",,,"227","227"
"229","Houndoom","Houndour","FALSE",,"536",,,,"0/15/14",,,,"41",,,,"2495",,,,"Snarl, Foul Play, Flamethrower",,,"228;229","229"
"229","Houndoom (Shadow)","Houndour","TRUE",,"564",,,,"0/15/14",,,,"41",,,,"2495",,,,"Snarl, Foul Play, Flamethrower",,,"228;229","229"
"230","Kingdra","Horsea","FALSE",,"43",,,,"0/15/15",,,,"41.5",,,,"2499",,,,"Dragon Breath, Swift, Outrage",,,"116;117;230","230"
"230","Kingdra (Shadow)","Horsea","TRUE",,"41",,,,"0/15/15",,,,"41.5",,,,"2499",,,,"Dragon Breath, Swift, Outrage",,,"116;117;230","230"
"232","Donphan","Phanpy","FALSE",,"159",,,,"0/15/15",,,,"32",,,,"2494",,,,"Mud Slap, Trailblaze, Body Slam",,,"231;232","232"
"232","Donphan (Shadow)","Phanpy","TRUE",,"168",,,,"0/15/15",,,,"32",,,,"2494",,,,"Mud Slap, Trailblaze, Body Slam",,,"231;232","232"
"233","Porygon2","Porygon","FALSE",,"434",,,,"1/15/15",,,,"39",,,,"2497",,,,"Lock On, Tri Attack, Zap Cannon",,,"137;233;474","233;474"
"233","Porygon2 (Shadow)","Porygon","TRUE",,"487",,,,"1/15/15",,,,"39",,,,"2497",,,,"Lock On, Tri Attack, Zap Cannon",,,"137;233;474","233;474"
"234","Stantler","Stantler","FALSE",,"638",,,,"15/15/15",,,,"50",,,,"2447",,,,"Tackle, Wild Charge, Stomp",,,"234;899","234;899"
"234","Stantler (Shadow)","Stantler","TRUE",,"637",,,,"15/15/15",,,,"50",,,,"2447",,,,"Tackle, Wild Charge, Stomp",,,"234;899","234;899"
"237","Hitmontop","Hitmonlee","FALSE",,"311",,,,"15/15/15",,,,"50",,,,"2438",,,,"Counter, Close Combat, Triple Axel",,,"106;236","237"
"237","Hitmontop (Shadow)","Hitmonlee","TRUE",,"373",,,,"15/15/15",,,,"50",,,,"2438",,,,"Counter, Close Combat, Triple Axel",,,"106;236","237"
"241","Miltank","Miltank","FALSE",,"81",,,,"4/15/15",,,,"50",,,,"2495",,,,"Rollout, Body Slam, Ice Beam",,,"241","241"
"242","Blissey","Chansey","FALSE",,"453",,,,"0/15/14",,,,"41",,,,"2498",,,,"Zen Headbutt, Wild Charge, Dazzling Gleam",,,"113;242;440","242;440"
"248","Tyranitar","Larvitar","FALSE",,"217",,,,"0/13/11",,,,"24.5",,,,"2498",,,,"Dragon Breath, Brutal Swing, Stone Edge",,,"246;247;248","248"
"248","Tyranitar (Shadow)","Larvitar","TRUE",,"261",,,,"0/13/11",,,,"24.5",,,,"2498",,,,"Dragon Breath, Brutal Swing, Stone Edge",,,"246;247;248","248"
"254","Sceptile","Treecko","FALSE",,"257",,,,"0/15/13",,,,"38",,,,"2496",,,,"Fury Cutter, Leaf Blade, Breaking Swipe",,,"252;253;254","254"
"254","Sceptile (Shadow)","Treecko","TRUE",,"226",,,,"0/15/13",,,,"38",,,,"2496",,,,"Fury Cutter, Leaf Blade, Breaking Swipe",,,"252;253;254","254"
"257","Blaziken","Torchic","FALSE",,"175",,,,"1/15/15",,,,"35",,,,"2495",,,,"Ember, Aura Sphere, Blast Burn",,,"255;256;257","257"
"257","Blaziken (Shadow)","Torchic","TRUE",,"108",,,,"1/15/15",,,,"35",,,,"2495",,,,"Ember, Aura Sphere, Blast Burn",,,"255;256;257","257"
"259","Marshtomp","Mudkip","FALSE",,"628",,,,"15/15/15",,,,"50",,,,"2008",,,,"Mud Shot, Mud Bomb, Surf",,,"258;259;260","259;260"
"259","Marshtomp (Shadow)","Mudkip","TRUE",,"613",,,,"15/15/15",,,,"50",,,,"2008",,,,"Mud Shot, Mud Bomb, Surf",,,"258;259;260","259;260"
"260","Swampert","Mudkip","FALSE",,"126",,,,"0/14/13",,,,"33.5",,,,"2499",,,,"Mud Shot, Hydro Cannon, Earthquake",,,"258;259;260","260"
"260","Swampert (Shadow)","Mudkip","TRUE",,"138",,,,"0/14/13",,,,"33.5",,,,"2499",,,,"Mud Shot, Hydro Cannon, Earthquake",,,"258;259;260","260"
"262","Mightyena","Poochyena","FALSE",,"424",,,,"15/15/15",,,,"50",,,,"2177",,,,"Sucker Punch, Crunch, Poison Fang",,,"261;262","262"
"262","Mightyena (Shadow)","Poochyena","TRUE",,"415",,,,"15/15/15",,,,"50",,,,"2177",,,,"Sucker Punch, Crunch, Poison Fang",,,"261;262","262"
"272","Ludicolo","Lotad","FALSE",,"9",,,,"6/14/15",,,,"50",,,,"2496",,,,"Astonish, Weather Ball (Water), Leaf Storm",,,"270;271;272","272"
"275","Shiftry","Seedot","FALSE",,"232",,,,"3/15/15",,,,"50",,,,"2497",,,,"Snarl, Leaf Blade, Foul Play",,,"273;274;275","275"
"275","Shiftry (Shadow)","Seedot","TRUE",,"286",,,,"3/15/15",,,,"50",,,,"2497",,,,"Snarl, Leaf Blade, Foul Play",,,"273;274;275","275"
"279","Pelipper","Wingull","FALSE",,"325",,,,"15/15/14",,,,"50",,,,"2404",,,,"Wing Attack, Weather Ball (Water), Hurricane",,,"278;279","279"
"282","Gardevoir","Ralts","FALSE",,"563",,,,"0/12/15",,,,"30.5",,,,"2498",,,,"Charm, Triple Axel, Shadow Ball",,,"280;281;282","282"
"282","Gardevoir (Shadow)","Ralts","TRUE",,"569",,,,"0/12/15",,,,"30.5",,,,"2498",,,,"Charm, Triple Axel, Shadow Ball",,,"280;281;282","282"
"284","Masquerain","Surskit","FALSE",,"598",,,,"9/15/15",,,,"50",,,,"2492",,,,"Infestation, Air Cutter, Lunge",,,"283;284","284"
"286","Breloom","Shroomish","FALSE",,"476",,,,"0/14/15",,,,"41",,,,"2499",,,,"Force Palm, Dynamic Punch, Grass Knot",,,"285;286","286"
"288","Vigoroth","Slakoth","FALSE",,"535",,,,"15/15/15",,,,"50",,,,"2225",,,,"Counter, Body Slam, Rock Slide",,,"287;288;289","288;289"
"288","Vigoroth (Shadow)","Slakoth","TRUE",,"547",,,,"15/15/15",,,,"50",,,,"2225",,,,"Counter, Body Slam, Rock Slide",,,"287;288;289","288;289"
"289","Slaking","Slakoth","FALSE",,"683",,,,"0/11/15",,,,"21",,,,"2499",,,,"Yawn, Body Slam, Earthquake",,,"287;288;289","289"
"289","Slaking (Shadow)","Slakoth","TRUE",,"684",,,,"0/11/15",,,,"21",,,,"2499",,,,"Yawn, Body Slam, Earthquake",,,"287;288;289","289"
"295","Exploud","Whismur","FALSE",,"379",,,,"5/15/14",,,,"49.5",,,,"2497",,,,"Astonish, Crunch, Disarming Voice",,,"293;294;295","295"
"295","Exploud (Shadow)","Whismur","TRUE",,"392",,,,"5/15/14",,,,"49.5",,,,"2497",,,,"Astonish, Crunch, Disarming Voice",,,"293;294;295","295"
"297","Hariyama","Makuhita","FALSE",,"199",,,,"1/15/15",,,,"36",,,,"2500",,,,"Force Palm, Upper Hand, Heavy Slam",,,"296;297","297"
"297","Hariyama (Shadow)","Makuhita","TRUE",,"220",,,,"1/15/15",,,,"36",,,,"2500",,,,"Force Palm, Upper Hand, Heavy Slam",,,"296;297","297"
"305","Lairon","Aron","FALSE",,"454",,,,"15/15/14",,,,"50",,,,"2324",,,,"Metal Sound, Rock Tomb, Rock Slide",,,"304;305;306","305;306"
"305","Lairon (Shadow)","Aron","TRUE",,"505",,,,"15/15/14",,,,"50",,,,"2324",,,,"Metal Sound, Rock Tomb, Rock Slide",,,"304;305;306","305;306"
"306","Aggron","Aron","FALSE",,"364",,,,"0/13/15",,,,"33",,,,"2498",,,,"Dragon Tail, Rock Tomb, Thunder",,,"304;305;306","306"
"306","Aggron (Shadow)","Aron","TRUE",,"426",,,,"0/13/15",,,,"33",,,,"2498",,,,"Dragon Tail, Rock Tomb, Thunder",,,"304;305;306","306"
"310","Manectric","Electrike","FALSE",,"411",,,,"4/15/15",,,,"49",,,,"2500",,,,"Snarl, Wild Charge, Psychic Fangs",,,"309;310","310"
"310","Manectric (Shadow)","Electrike","TRUE",,"540",,,,"4/15/15",,,,"49",,,,"2500",,,,"Snarl, Wild Charge, Psychic Fangs",,,"309;310","310"
"313","Volbeat","Volbeat","FALSE",,"680",,,,"15/15/15",,,,"50",,,,"2002",,,,"Tackle, Thunderbolt, Bug Buzz",,,"313","313"
"314","Illumise","Illumise","FALSE",,"679",,,,"15/15/15",,,,"50",,,,"2002",,,,"Tackle, Silver Wind, Dazzling Gleam",,,"314","314"
"317","Swalot","Gulpin","FALSE",,"382",,,,"15/15/15",,,,"50",,,,"2236",,,,"Mud Shot, Sludge, Ice Beam",,,"316;317","317"
"319","Sharpedo","Carvanha","FALSE",,"578",,,,"15/15/15",,,,"50",,,,"2466",,,,"Waterfall, Crunch, Poison Fang",,,"318;319","319"
"319","Sharpedo (Shadow)","Carvanha","TRUE",,"570",,,,"15/15/15",,,,"50",,,,"2466",,,,"Waterfall, Crunch, Poison Fang",,,"318;319","319"
"321","Wailord","Wailmer","FALSE",,"192",,,,"9/15/15",,,,"50",,,,"2492",,,,"Rollout, Surf, Blizzard",,,"320;321","321"
"321","Wailord (Shadow)","Wailmer","TRUE",,"274",,,,"9/15/15",,,,"50",,,,"2492",,,,"Rollout, Scald, Blizzard",,,"320;321","321"
"323","Camerupt","Numel","FALSE",,"448",,,,"15/15/15",,,,"50",,,,"2479",,,,"Incinerate, Earth Power, Overheat",,,"322;323","323"
"323","Camerupt (Shadow)","Numel","TRUE",,"533",,,,"15/15/15",,,,"50",,,,"2479",,,,"Incinerate, Earth Power, Overheat",,,"322;323","323"
"324","Torkoal","Torkoal","FALSE",,"227",,,,"15/15/15",,,,"50",,,,"2366",,,,"Ember, Flame Wheel, Overheat",,,"324","324"
"326","Grumpig","Spoink","FALSE",,"3",,,,"3/14/15",,,,"50",,,,"2498",,,,"Psywave, Dynamic Punch, Shadow Ball",,,"325;326","326"
"326","Grumpig (Shadow)","Spoink","TRUE",,"21",,,,"3/14/15",,,,"50",,,,"2498",,,,"Psywave, Dynamic Punch, Shadow Ball",,,"325;326","326"
"330","Flygon","Trapinch","FALSE",,"466",,,,"0/13/15",,,,"41",,,,"2500",,,,"Dragon Tail, Dragon Claw, Sand Tomb",,,"328;329;330","330"
"330","Flygon (Shadow)","Trapinch","TRUE",,"457",,,,"0/13/15",,,,"41",,,,"2500",,,,"Dragon Tail, Dragon Claw, Sand Tomb",,,"328;329;330","330"
"332","Cacturne","Cacnea","FALSE",,"247",,,,"6/15/15",,,,"50",,,,"2499",,,,"Sucker Punch, Trailblaze, Dynamic Punch",,,"331;332","332"
"332","Cacturne (Shadow)","Cacnea","TRUE",,"248",,,,"6/15/15",,,,"50",,,,"2499",,,,"Sucker Punch, Trailblaze, Dynamic Punch",,,"331;332","332"
"334","Altaria","Swablu","FALSE",,"187",,,,"15/15/15",,,,"50",,,,"2266",,,,"Dragon Breath, Sky Attack, Flamethrower",,,"333;334","334"
"334","Altaria (Shadow)","Swablu","TRUE",,"188",,,,"15/15/15",,,,"50",,,,"2266",,,,"Dragon Breath, Sky Attack, Flamethrower",,,"333;334","334"
"335","Zangoose","Zangoose","FALSE",,"312",,,,"0/15/15",,,,"48",,,,"2493",,,,"Shadow Claw, Close Combat, Night Slash",,,"335","335"
"336","Seviper","Seviper","FALSE",,"541",,,,"15/15/15",,,,"50",,,,"2380",,,,"Poison Jab, Crunch, Poison Fang",,,"336","336"
"337","Lunatone","Lunatone","FALSE",,"176",,,,"5/15/15",,,,"50",,,,"2497",,,,"Psywave, Weather Ball (Ice), Rock Slide",,,"337","337"
"338","Solrock","Solrock","FALSE",,"133",,,,"5/15/15",,,,"50",,,,"2497",,,,"Psywave, Weather Ball (Fire), Rock Slide",,,"338","338"
"340","Whiscash","Barboach","FALSE",,"276",,,,"15/15/14",,,,"50",,,,"2346",,,,"Mud Shot, Mud Bomb, Scald",,,"339;340","340"
"340","Whiscash (Shadow)","Barboach","TRUE",,"294",,,,"15/15/14",,,,"50",,,,"2346",,,,"Mud Shot, Mud Bomb, Scald",,,"339;340","340"
"342","Crawdaunt","Corphish","FALSE",,"391",,,,"0/15/15",,,,"46",,,,"2497",,,,"Snarl, Night Slash, Crabhammer",,,"341;342","342"
"342","Crawdaunt (Shadow)","Corphish","TRUE",,"310",,,,"0/15/15",,,,"46",,,,"2497",,,,"Snarl, Night Slash, Scald",,,"341;342","342"
"344","Claydol","Baltoy","FALSE",,"309",,,,"15/15/14",,,,"50",,,,"2229",,,,"Mud Slap, Ice Beam, Rock Tomb",,,"343;344","344"
"344","Claydol (Shadow)","Baltoy","TRUE",,"374",,,,"15/15/14",,,,"50",,,,"2229",,,,"Mud Slap, Rock Tomb, Ice Beam",,,"343;344","344"
"346","Cradily","Lileep","FALSE",,"17",,,,"15/15/15",,,,"50",,,,"2499",,,,"Acid, Rock Tomb, Grass Knot",,,"345;346","346"
"346","Cradily (Shadow)","Lileep","TRUE",,"27",,,,"15/15/15",,,,"50",,,,"2499",,,,"Acid, Rock Tomb, Grass Knot",,,"345;346","346"
"348","Armaldo","Anorith","FALSE",,"428",,,,"2/15/15",,,,"35",,,,"2499",,,,"Fury Cutter, Rock Blast, Liquidation",,,"347;348","348"
"348","Armaldo (Shadow)","Anorith","TRUE",,"394",,,,"2/15/15",,,,"35",,,,"2499",,,,"Fury Cutter, Rock Blast, Liquidation",,,"347;348","348"
"350","Milotic","Feebas","FALSE",,"117",,,,"0/13/15",,,,"33",,,,"2495",,,,"Dragon Tail, Aqua Tail, Wrap",,,"349;350","350"
"350","Milotic (Shadow)","Feebas","TRUE",,"103",,,,"0/13/15",,,,"33",,,,"2495",,,,"Dragon Tail, Aqua Tail, Wrap",,,"349;350","350"
"352","Kecleon","Kecleon","FALSE",,"432",,,,"15/15/14",,,,"50",,,,"2314",,,,"Sucker Punch, Foul Play, Flamethrower",,,"352","352"
"354","Banette","Shuppet","FALSE",,"423",,,,"6/15/15",,,,"50",,,,"2494",,,,"Shadow Claw, Shadow Ball, Dazzling Gleam",,,"353;354","354"
"354","Banette (Shadow)","Shuppet","TRUE",,"456",,,,"6/15/15",,,,"50",,,,"2500",,,,"Shadow Claw, Shadow Ball, Dazzling Gleam",,,"353;354","354"
"357","Tropius","Tropius","FALSE",,"470",,,,"15/15/14",,,,"50",,,,"2194",,,,"Air Slash, Leaf Blade, Brutal Swing",,,"357","357"
"358","Chimecho","Chimecho","FALSE",,"237",,,,"11/15/15",,,,"50",,,,"2500",,,,"Astonish, Psyshock, Shadow Ball",,,"358;433","358;433"
"359","Absol","Absol","FALSE",,"538",,,,"0/15/14",,,,"44",,,,"2497",,,,"Snarl, Brutal Swing, Megahorn",,,"359","359"
"359","Absol (Shadow)","Absol","TRUE",,"528",,,,"0/15/14",,,,"44",,,,"2497",,,,"Snarl, Brutal Swing, Megahorn",,,"359","359"
"362","Glalie","Snorunt","FALSE",,"207",,,,"15/15/15",,,,"50",,,,"2380",,,,"Powder Snow, Avalanche, Shadow Ball",,,"361;362","362"
"362","Glalie (Shadow)","Snorunt","TRUE",,"228",,,,"15/15/15",,,,"50",,,,"2380",,,,"Powder Snow, Avalanche, Shadow Ball",,,"361;362","362"
"364","Sealeo","Spheal","FALSE",,"586",,,,"15/15/15",,,,"50",,,,"1938",,,,"Powder Snow, Surf, Body Slam",,,"363;364;365","364;365"
"364","Sealeo (Shadow)","Spheal","TRUE",,"560",,,,"15/15/15",,,,"50",,,,"1938",,,,"Powder Snow, Surf, Body Slam",,,"363;364;365","364;365"
"365","Walrein","Spheal","FALSE",,"34",,,,"0/15/15",,,,"39.5",,,,"2500",,,,"Powder Snow, Icicle Spear, Earthquake",,,"363;364;365","365"
"365","Walrein (Shadow)","Spheal","TRUE",,"35",,,,"0/15/15",,,,"39.5",,,,"2500",,,,"Powder Snow, Icicle Spear, Earthquake",,,"363;364;365","365"
"367","Huntail","Clamperl","FALSE",,"441",,,,"7/15/15",,,,"48.5",,,,"2497",,,,"Water Gun, Aqua Tail, Crunch",,,"366;367","367"
"368","Gorebyss","Gorebyss","FALSE",,"647",,,,"0/15/12",,,,"46.5",,,,"2494",,,,"Confusion, Water Pulse, Psychic",,,"366;368","368"
"369","Relicanth","Relicanth","FALSE",,"231",,,,"0/11/15",,,,"47",,,,"2497",,,,"Water Gun, Aqua Tail, Ancient Power",,,"369","369"
"372","Shelgon","Bagon","FALSE",,"407",,,,"15/15/15",,,,"50",,,,"2296",,,,"Dragon Breath, Crunch, Dragon Pulse",,,"371;372;373","372;373"
"372","Shelgon (Shadow)","Bagon","TRUE",,"402",,,,"15/15/15",,,,"50",,,,"2296",,,,"Dragon Breath, Crunch, Dragon Pulse",,,"371;372;373","372;373"
"373","Salamence","Bagon","FALSE",,"254",,,,"1/15/14",,,,"24.5",,,,"2500",,,,"Dragon Tail, Fly, Brutal Swing",,,"371;372;373","373"
"373","Salamence (Shadow)","Bagon","TRUE",,"196",,,,"1/15/14",,,,"24.5",,,,"2500",,,,"Dragon Tail, Fly, Brutal Swing",,,"371;372;373","373"
"375","Metang","Beldum","FALSE",,"519",,,,"15/15/14",,,,"50",,,,"1946",,,,"Fury Cutter, Psyshock, Gyro Ball",,,"374;375;376","375;376"
"375","Metang (Shadow)","Beldum","TRUE",,"513",,,,"15/15/14",,,,"50",,,,"1946",,,,"Fury Cutter, Psyshock, Gyro Ball",,,"374;375;376","375;376"
"376","Metagross","Beldum","FALSE",,"245",,,,"0/15/13",,,,"24.5",,,,"2499",,,,"Shadow Claw, Meteor Mash, Earthquake",,,"374;375;376","376"
"376","Metagross (Shadow)","Beldum","TRUE",,"273",,,,"0/15/13",,,,"24.5",,,,"2499",,,,"Shadow Claw, Meteor Mash, Earthquake",,,"374;375;376","376"
"388","Grotle","Turtwig","FALSE",,"657",,,,"15/15/15",,,,"50",,,,"2137",,,,"Razor Leaf, Body Slam, Energy Ball",,,"387;388;389","388;389"
"388","Grotle (Shadow)","Turtwig","TRUE",,"654",,,,"15/15/15",,,,"50",,,,"2137",,,,"Razor Leaf, Body Slam, Energy Ball",,,"387;388;389","388;389"
"389","Torterra","Turtwig","FALSE",,"123",,,,"0/15/15",,,,"34",,,,"2500",,,,"Mud Slap, Frenzy Plant, Stone Edge",,,"387;388;389","389"
"389","Torterra (Shadow)","Turtwig","TRUE",,"198",,,,"0/15/15",,,,"34",,,,"2500",,,,"Mud Slap, Frenzy Plant, Sand Tomb",,,"387;388;389","389"
"392","Infernape","Chimchar","FALSE",,"439",,,,"1/15/14",,,,"39.5",,,,"2496",,,,"Fire Spin, Close Combat, Blast Burn",,,"390;391;392","392"
"392","Infernape (Shadow)","Chimchar","TRUE",,"518",,,,"1/15/14",,,,"39.5",,,,"2496",,,,"Fire Spin, Close Combat, Blast Burn",,,"390;391;392","392"
"395","Empoleon","Piplup","FALSE",,"7",,,,"1/15/14",,,,"34.5",,,,"2500",,,,"Metal Sound, Hydro Cannon, Drill Peck",,,"393;394;395","395"
"395","Empoleon (Shadow)","Piplup","TRUE",,"14",,,,"1/15/14",,,,"34.5",,,,"2500",,,,"Metal Sound, Hydro Cannon, Drill Peck",,,"393;394;395","395"
"398","Staraptor","Starly","FALSE",,"370",,,,"2/15/14",,,,"35.5",,,,"2499",,,,"Quick Attack, Fly, Close Combat",,,"396;397;398","398"
"398","Staraptor (Shadow)","Starly","TRUE",,"333",,,,"2/15/14",,,,"35.5",,,,"2499",,,,"Quick Attack, Fly, Close Combat",,,"396;397;398","398"
"400","Bibarel","Bidoof","FALSE",,"627",,,,"15/15/15",,,,"50",,,,"2061",,,,"Rollout, Surf, Hyper Fang",,,"399;400","400"
"400","Bibarel (Shadow)","Bidoof","TRUE",,"600",,,,"15/15/15",,,,"50",,,,"2061",,,,"Rollout, Surf, Hyper Fang",,,"399;400","400"
"405","Luxray","Shinx","FALSE",,"400",,,,"0/15/15",,,,"34.5",,,,"2497",,,,"Snarl, Wild Charge, Psychic Fangs",,,"403;404;405","405"
"405","Luxray (Shadow)","Shinx","TRUE",,"385",,,,"0/15/15",,,,"34.5",,,,"2497",,,,"Spark, Wild Charge, Psychic Fangs",,,"403;404;405","405"
"407","Roserade","Roselia","FALSE",,"89",,,,"0/12/15",,,,"33",,,,"2497",,,,"Poison Sting, Weather Ball (Fire), Leaf Storm",,,"315;406;407","406;407"
"409","Rampardos","Cranidos","FALSE",,"674",,,,"0/14/15",,,,"28",,,,"2494",,,,"Smack Down, Rock Slide, Flamethrower",,,"408;409","409"
"409","Rampardos (Shadow)","Cranidos","TRUE",,"651",,,,"0/14/15",,,,"28",,,,"2494",,,,"Smack Down, Rock Slide, Flamethrower",,,"408;409","409"
"411","Bastiodon","Shieldon","FALSE",,"652",,,,"15/15/14",,,,"50",,,,"1741",,,,"Smack Down, Stone Edge, Flamethrower",,,"410;411","411"
"411","Bastiodon (Shadow)","Shieldon","TRUE",,"662",,,,"15/15/14",,,,"50",,,,"1741",,,,"Smack Down, Stone Edge, Flamethrower",,,"410;411","411"
"413","Wormadam (Plant)","Burmy","FALSE",,"672",,,,"15/15/14",,,,"50",,,,"2005",,,,"Confusion, Energy Ball, Bug Buzz",,,"412;413","413"
"413","Wormadam (Sandy)","Burmy","FALSE",,"677",,,,"15/15/14",,,,"50",,,,"2005",,,,"Confusion, Bulldoze, Bug Buzz",,,"412;413","413"
"416","Vespiquen","Combee","FALSE",,"362",,,,"15/15/15",,,,"50",,,,"2267",,,,"Fury Cutter, X-Scissor, Power Gem",,,"415;416","416"
"419","Floatzel","Buizel","FALSE",,"494",,,,"0/14/15",,,,"47.5",,,,"2494",,,,"Water Gun, Aqua Jet, Swift",,,"418;419","419"
"421","Cherrim (Overcast)","Cherubi","FALSE",,"658",,,,"15/15/15",,,,"50",,,,"2315",,,,"Bullet Seed, Dazzling Gleam, Solar Beam",,,"420;421","421"
"421","Cherrim (Sunshine)","Cherubi","FALSE",,"418",,,,"15/15/15",,,,"50",,,,"2315",,,,"Bullet Seed, Weather Ball (Fire), Solar Beam",,,"420;421","421"
"423","Gastrodon","Shellos","FALSE",,"64",,,,"6/15/15",,,,"50",,,,"2499",,,,"Mud Slap, Body Slam, Water Pulse",,,"422;423","423"
"424","Ambipom","Aipom","FALSE",,"522",,,,"0/15/14",,,,"48.5",,,,"2498",,,,"Astonish, Aerial Ace, Return",,,"190;424","424"
"424","Ambipom (Shadow)","Aipom","TRUE",,"503",,,,"0/15/14",,,,"48.5",,,,"2498",,,,"Astonish, Aerial Ace, Low Sweep",,,"190;424","424"
"426","Drifblim","Drifloon","FALSE",,"113",,,,"1/15/15",,,,"50",,,,"2496",,,,"Hex, Icy Wind, Shadow Ball",,,"425;426","426"
"426","Drifblim (Shadow)","Drifloon","TRUE",,"120",,,,"1/15/15",,,,"50",,,,"2496",,,,"Hex, Shadow Ball, Mystical Fire",,,"425;426","426"
"428","Lopunny","Buneary","FALSE",,"433",,,,"15/15/15",,,,"50",,,,"2328",,,,"Double Kick, Fire Punch, Triple Axel",,,"427;428","428"
"429","Mismagius","Misdreavus","FALSE",,"317",,,,"0/14/15",,,,"42",,,,"2500",,,,"Hex, Shadow Ball, Dark Pulse",,,"200;429","429"
"429","Mismagius (Shadow)","Misdreavus","TRUE",,"323",,,,"0/14/15",,,,"42",,,,"2500",,,,"Hex, Shadow Ball, Dark Pulse",,,"200;429","429"
"430","Honchkrow","Murkrow","FALSE",,"344",,,,"0/15/15",,,,"38.5",,,,"2500",,,,"Peck, Brave Bird, Dark Pulse",,,"198;430","430"
"430","Honchkrow (Shadow)","Murkrow","TRUE",,"384",,,,"0/15/15",,,,"38.5",,,,"2500",,,,"Peck, Brave Bird, Dark Pulse",,,"198;430","430"
"432","Purugly","Glameow","FALSE",,"636",,,,"15/15/15",,,,"50",,,,"2208",,,,"Shadow Claw, Aerial Ace, Thunder",,,"431;432","432"
"432","Purugly (Shadow)","Glameow","TRUE",,"630",,,,"15/15/15",,,,"50",,,,"2208",,,,"Shadow Claw, Aerial Ace, Thunder",,,"431;432","432"
"435","Skuntank","Stunky","FALSE",,"116",,,,"3/15/14",,,,"50",,,,"2500",,,,"Poison Jab, Crunch, Trailblaze",,,"434;435","435"
"435","Skuntank (Shadow)","Stunky","TRUE",,"114",,,,"3/15/14",,,,"50",,,,"2500",,,,"Poison Jab, Crunch, Trailblaze",,,"434;435","435"
"437","Bronzong","Bronzor","FALSE",,"94",,,,"13/15/14",,,,"50",,,,"2499",,,,"Confusion, Weather Ball (Water), Payback",,,"436;437","437"
"442","Spiritomb","Spiritomb","FALSE",,"42",,,,"15/15/15",,,,"50",,,,"2343",,,,"Sucker Punch, Shadow Ball, Rock Tomb",,,"442","442"
"444","Gabite","Gible","FALSE",,"668",,,,"15/15/15",,,,"50",,,,"2119",,,,"Mud Shot, Dig, Flamethrower",,,"443;444;445","444;445"
"444","Gabite (Shadow)","Gible","TRUE",,"673",,,,"15/15/15",,,,"50",,,,"2119",,,,"Mud Shot, Dig, Flamethrower",,,"443;444;445","444;445"
"445","Garchomp","Gible","FALSE",,"429",,,,"0/14/13",,,,"23.5",,,,"2495",,,,"Dragon Tail, Earth Power, Breaking Swipe",,,"443;444;445","445"
"445","Garchomp (Shadow)","Gible","TRUE",,"446",,,,"0/14/13",,,,"23.5",,,,"2495",,,,"Dragon Tail, Breaking Swipe, Earth Power",,,"443;444;445","445"
"446","Munchlax","Snorlax","FALSE",,"585",,,,"15/15/14",,,,"50",,,,"2139",,,,"Tackle, Body Slam, Bulldoze",,,"143;446","446"
"448","Lucario","Riolu","FALSE",,"154",,,,"1/15/15",,,,"38.5",,,,"2492",,,,"Force Palm, Aura Sphere, Shadow Ball",,,"447;448","448"
"450","Hippowdon","Hippopotas","FALSE",,"102",,,,"0/14/15",,,,"31",,,,"2500",,,,"Sand Attack, Weather Ball (Rock), Scorching Sands",,,"449;450","450"
"450","Hippowdon (Shadow)","Hippopotas","TRUE",,"87",,,,"0/14/15",,,,"31",,,,"2500",,,,"Sand Attack, Weather Ball (Rock), Scorching Sands",,,"449;450","450"
"452","Drapion","Skorupi","FALSE",,"28",,,,"0/15/15",,,,"48",,,,"2494",,,,"Poison Sting, Crunch, Aqua Tail",,,"451;452","452"
"452","Drapion (Shadow)","Skorupi","TRUE",,"54",,,,"0/15/15",,,,"48",,,,"2494",,,,"Poison Sting, Aqua Tail, Crunch",,,"451;452","452"
"454","Toxicroak","Croagunk","FALSE",,"183",,,,"0/15/12",,,,"46.5",,,,"2498",,,,"Poison Sting, Dynamic Punch, Shadow Ball",,,"453;454","454"
"454","Toxicroak (Shadow)","Croagunk","TRUE",,"140",,,,"0/15/12",,,,"46.5",,,,"2498",,,,"Poison Sting, Dynamic Punch, Shadow Ball",,,"453;454","454"
"455","Carnivine","Carnivine","FALSE",,"472",,,,"15/15/15",,,,"50",,,,"2441",,,,"Vine Whip, Power Whip, Crunch",,,"455","455"
"457","Lumineon","Finneon","FALSE",,"584",,,,"15/15/15",,,,"50",,,,"2050",,,,"Water Gun, Aqua Tail, Silver Wind",,,"456;457","457"
"460","Abomasnow","Snover","FALSE",,"79",,,,"3/15/14",,,,"50",,,,"2495",,,,"Powder Snow, Weather Ball (Ice), Energy Ball",,,"459;460","460"
"460","Abomasnow (Shadow)","Snover","TRUE",,"68",,,,"3/15/14",,,,"50",,,,"2495",,,,"Powder Snow, Weather Ball (Ice), Energy Ball",,,"459;460","460"
"461","Weavile","Sneasel","FALSE",,"452",,,,"0/14/15",,,,"32",,,,"2500",,,,"Snarl, Avalanche, Foul Play",,,"215;461","461"
"461","Weavile (Shadow)","Sneasel","TRUE",,"459",,,,"0/14/15",,,,"32",,,,"2500",,,,"Snarl, Avalanche, Foul Play",,,"215;461","461"
"462","Magnezone","Magnemite","FALSE",,"83",,,,"0/15/15",,,,"29",,,,"2500",,,,"Volt Switch, Wild Charge, Mirror Shot",,,"81;82;462","462"
"462","Magnezone (Shadow)","Magnemite","TRUE",,"153",,,,"0/15/15",,,,"29",,,,"2500",,,,"Volt Switch, Wild Charge, Mirror Shot",,,"81;82;462","462"
"463","Lickilicky","Lickitung","FALSE",,"11",,,,"0/14/15",,,,"48.5",,,,"2499",,,,"Rollout, Body Slam, Shadow Ball",,,"108;463","463"
"464","Rhyperior","Rhyhorn","FALSE",,"406",,,,"0/14/14",,,,"25",,,,"2500",,,,"Mud Slap, Breaking Swipe, Rock Wrecker",,,"111;112;464","464"
"464","Rhyperior (Shadow)","Rhyhorn","TRUE",,"465",,,,"0/14/14",,,,"25",,,,"2500",,,,"Mud Slap, Rock Wrecker, Breaking Swipe",,,"111;112;464","464"
"465","Tangrowth","Tangela","FALSE",,"213",,,,"0/14/15",,,,"32",,,,"2498",,,,"Vine Whip, Power Whip, Rock Slide",,,"114;465","465"
"465","Tangrowth (Shadow)","Tangela","TRUE",,"238",,,,"0/14/15",,,,"32",,,,"2498",,,,"Vine Whip, Power Whip, Rock Slide",,,"114;465","465"
"466","Electivire","Electabuzz","FALSE",,"242",,,,"1/15/15",,,,"30",,,,"2500",,,,"Thunder Shock, Wild Charge, Thunder Punch",,,"125;239;466","239;466"
"466","Electivire (Shadow)","Electabuzz","TRUE",,"268",,,,"1/15/15",,,,"30",,,,"2500",,,,"Thunder Shock, Wild Charge, Thunder Punch",,,"125;239;466","239;466"
"467","Magmortar","Magmar","FALSE",,"386",,,,"1/15/15",,,,"29.5",,,,"2500",,,,"Karate Chop, Fire Punch, Thunderbolt",,,"126;240;467","240;467"
"467","Magmortar (Shadow)","Magmar","TRUE",,"346",,,,"1/15/15",,,,"29.5",,,,"2500",,,,"Karate Chop, Fire Punch, Thunderbolt",,,"126;240;467","240;467"
"468","Togekiss","Togepi","FALSE",,"25",,,,"0/15/15",,,,"28",,,,"2498",,,,"Peck, Psyshock, Aura Sphere",,,"175;176;468","468"
"469","Yanmega","Yanma","FALSE",,"568",,,,"1/15/15",,,,"33",,,,"2500",,,,"Bug Bite, Aerial Ace, Ancient Power",,,"193;469","469"
"470","Leafeon","Leafeon","FALSE",,"372",,,,"0/14/13",,,,"34",,,,"2495",,,,"Bullet Seed, Leaf Blade, Last Resort",,,"133;470","470"
"471","Glaceon","Glaceon","FALSE",,"624",,,,"0/15/12",,,,"30",,,,"2498",,,,"Ice Shard, Avalanche, Water Pulse",,,"133;471","471"
"472","Gliscor","Gligar","FALSE",,"145",,,,"0/14/15",,,,"40.5",,,,"2500",,,,"Fury Cutter, Earthquake, Night Slash",,,"207;472","472"
"472","Gliscor (Shadow)","Gligar","TRUE",,"128",,,,"0/14/15",,,,"40.5",,,,"2500",,,,"Fury Cutter, Night Slash, Earthquake",,,"207;472","472"
"473","Mamoswine","Swinub","FALSE",,"230",,,,"0/15/13",,,,"28",,,,"2497",,,,"Powder Snow, Icicle Spear, High Horsepower",,,"220;221;473","473"
"473","Mamoswine (Shadow)","Swinub","TRUE",,"264",,,,"0/15/13",,,,"28",,,,"2497",,,,"Powder Snow, Icicle Spear, High Horsepower",,,"220;221;473","473"
"474","Porygon-Z","Porygon","FALSE",,"660",,,,"0/13/14",,,,"28.5",,,,"2500",,,,"Lock On, Tri Attack, Zap Cannon",,,"137;233;474","474"
"474","Porygon-Z (Shadow)","Porygon","TRUE",,"670",,,,"0/13/14",,,,"28.5",,,,"2500",,,,"Lock On, Tri Attack, Zap Cannon",,,"137;233;474","474"
"475","Gallade","Gallade","FALSE",,"160",,,,"0/12/15",,,,"30.5",,,,"2498",,,,"Confusion, Close Combat, Leaf Blade",,,"280;281;475","475"
"475","Gallade (Shadow)","Gallade","TRUE",,"170",,,,"0/12/15",,,,"30.5",,,,"2498",,,,"Confusion, Close Combat, Leaf Blade",,,"280;281;475","475"
"476","Probopass","Nosepass","FALSE",,"495",,,,"15/15/14",,,,"50",,,,"2351",,,,"Spark, Rock Slide, Zap Cannon",,,"299;476","476"
"476","Probopass (Shadow)","Nosepass","TRUE",,"504",,,,"15/15/14",,,,"50",,,,"2351",,,,"Spark, Rock Slide, Zap Cannon",,,"299;476","476"
"477","Dusknoir","Duskull","FALSE",,"18",,,,"0/15/15",,,,"50",,,,"2493",,,,"Astonish, Dynamic Punch, Shadow Punch",,,"355;356;477","477"
"477","Dusknoir (Shadow)","Duskull","TRUE",,"12",,,,"0/15/15",,,,"50",,,,"2493",,,,"Astonish, Dynamic Punch, Shadow Punch",,,"355;356;477","477"
"478","Froslass","Froslass","FALSE",,"320",,,,"15/15/15",,,,"50",,,,"2306",,,,"Powder Snow, Avalanche, Shadow Ball",,,"361;478","478"
"478","Froslass (Shadow)","Froslass","TRUE",,"376",,,,"15/15/15",,,,"50",,,,"2306",,,,"Powder Snow, Avalanche, Shadow Ball",,,"361;478","478"
"479","Rotom","Rotom","FALSE",,"530",,,,"0/9/5",,,,"47",,,,"2296",,,,"Astonish, Thunderbolt, Ominous Wind",,,"479","479"
"479","Rotom (Fan)","Rotom","FALSE",,"351",,,,"0/15/15",,,,"43",,,,"2495",,,,"Astonish, Thunderbolt, Ominous Wind",,,"479","479"
"479","Rotom (Frost)","Rotom","FALSE",,"480",,,,"0/15/15",,,,"43",,,,"2495",,,,"Thunder Shock, Thunderbolt, Blizzard",,,"479","479"
"479","Rotom (Heat)","Rotom","FALSE",,"435",,,,"0/15/15",,,,"43",,,,"2495",,,,"Thunder Shock, Overheat, Thunderbolt",,,"479","479"
"479","Rotom (Mow)","Rotom","FALSE",,"474",,,,"0/15/15",,,,"43",,,,"2495",,,,"Thunder Shock, Thunderbolt, Ominous Wind",,,"479","479"
"479","Rotom (Wash)","Rotom","FALSE",,"358",,,,"0/15/15",,,,"43",,,,"2495",,,,"Thunder Shock, Thunderbolt, Hydro Pump",,,"479","479"
"497","Serperior","Snivy","FALSE",,"155",,,,"10/14/15",,,,"50",,,,"2500",,,,"Vine Whip, Frenzy Plant, Aerial Ace",,,"495;496;497","497"
"497","Serperior (Shadow)","Snivy","TRUE",,"200",,,,"10/14/15",,,,"50",,,,"2500",,,,"Vine Whip, Frenzy Plant, Leaf Tornado",,,"495;496;497","497"
"499","Pignite","Tepig","FALSE",,"546",,,,"15/15/15",,,,"50",,,,"2175",,,,"Ember, Rock Tomb, Flame Charge",,,"498;499;500","499;500"
"499","Pignite (Shadow)","Tepig","TRUE",,"580",,,,"15/15/15",,,,"50",,,,"2175",,,,"Ember, Rock Tomb, Flame Charge",,,"498;499;500","499;500"
"500","Emboar","Tepig","FALSE",,"305",,,,"0/15/14",,,,"32.5",,,,"2496",,,,"Ember, Blast Burn, Rock Slide",,,"498;499;500","500"
"500","Emboar (Shadow)","Tepig","TRUE",,"328",,,,"0/15/14",,,,"32.5",,,,"2496",,,,"Ember, Blast Burn, Rock Slide",,,"498;499;500","500"
"503","Samurott","Oshawott","FALSE",,"30",,,,"1/15/15",,,,"36",,,,"2498",,,,"Fury Cutter, Hydro Cannon, Megahorn",,,"501;502;503","503"
"503","Samurott (Hisuian)","Oshawott","FALSE",,"212",,,,"0/15/13",,,,"37",,,,"2498",,,,"Fury Cutter, Icy Wind, Dark Pulse",,,"501;502;503","503"
"503","Samurott (Shadow)","Oshawott","TRUE",,"55",,,,"1/15/15",,,,"36",,,,"2498",,,,"Fury Cutter, Hydro Cannon, Megahorn",,,"501;502;503","503"
"508","Stoutland","Lillipup","FALSE",,"338",,,,"0/14/15",,,,"36.5",,,,"2500",,,,"Sand Attack, Wild Charge, Crunch",,,"506;507;508","508"
"512","Simisage","Pansage","FALSE",,"460",,,,"3/15/15",,,,"49.5",,,,"2497",,,,"Vine Whip, Grass Knot, Crunch",,,"511;512","512"
"514","Simisear","Pansear","FALSE",,"499",,,,"3/15/15",,,,"49.5",,,,"2497",,,,"Fire Spin, Crunch, Flamethrower",,,"513;514","514"
"516","Simipour","Panpour","FALSE",,"554",,,,"3/15/15",,,,"49.5",,,,"2497",,,,"Water Gun, Surf, Crunch",,,"515;516","516"
"518","Musharna","Munna","FALSE",,"589",,,,"0/15/15",,,,"39.5",,,,"2498",,,,"Charge Beam, Psyshock, Dazzling Gleam",,,"517;518","518"
"521","Unfezant","Pidove","FALSE",,"665",,,,"2/15/13",,,,"38",,,,"2497",,,,"Air Slash, Sky Attack, Return",,,"519;520;521","521"
"521","Unfezant (Shadow)","Pidove","TRUE",,"676",,,,"2/15/13",,,,"38",,,,"2497",,,,"Air Slash, Sky Attack, Hyper Beam",,,"519;520;521","521"
"523","Zebstrika","Blitzle","FALSE",,"478",,,,"0/13/15",,,,"48.5",,,,"2499",,,,"Spark, Wild Charge, Discharge",,,"522;523","523"
"523","Zebstrika (Shadow)","Blitzle","TRUE",,"475",,,,"0/13/15",,,,"48.5",,,,"2499",,,,"Spark, Wild Charge, Discharge",,,"522;523","523"
"525","Boldore","Roggenrola","FALSE",,"634",,,,"15/15/15",,,,"50",,,,"2293",,,,"Mud Slap, Rock Slide, Bulldoze",,,"524;525;526","525;526"
"525","Boldore (Shadow)","Roggenrola","TRUE",,"653",,,,"15/15/15",,,,"50",,,,"2293",,,,"Mud Slap, Rock Slide, Bulldoze",,,"524;525;526","525;526"
"526","Gigalith","Roggenrola","FALSE",,"329",,,,"0/13/15",,,,"29",,,,"2497",,,,"Mud Slap, Superpower, Meteor Beam",,,"524;525;526","526"
"526","Gigalith (Shadow)","Roggenrola","TRUE",,"573",,,,"0/13/15",,,,"29",,,,"2497",,,,"Mud Slap, Meteor Beam, Rock Slide",,,"524;525;526","526"
"530","Excadrill","Drilbur","FALSE",,"326",,,,"0/15/15",,,,"28.5",,,,"2499",,,,"Mud Slap, Drill Run, Rock Slide",,,"529;530","530"
"530","Excadrill (Shadow)","Drilbur","TRUE",,"389",,,,"0/15/15",,,,"28.5",,,,"2499",,,,"Mud Slap, Drill Run, Rock Slide",,,"529;530","530"
"531","Audino","Audino","FALSE",,"681",,,,"15/15/14",,,,"50",,,,"1902",,,,"Zen Headbutt, Body Slam, Disarming Voice",,,"531","531"
"533","Gurdurr","Timburr","FALSE",,"436",,,,"15/15/14",,,,"50",,,,"2452",,,,"Poison Jab, Brick Break, Stone Edge",,,"532;533;534","533;534"
"533","Gurdurr (Shadow)","Timburr","TRUE",,"486",,,,"15/15/14",,,,"50",,,,"2452",,,,"Poison Jab, Brick Break, Stone Edge",,,"532;533;534","533;534"
"534","Conkeldurr","Timburr","FALSE",,"345",,,,"0/15/12",,,,"28",,,,"2500",,,,"Counter, Dynamic Punch, Brutal Swing",,,"532;533;534","534"
"534","Conkeldurr (Shadow)","Timburr","TRUE",,"313",,,,"0/15/12",,,,"28",,,,"2500",,,,"Counter, Dynamic Punch, Brutal Swing",,,"532;533;534","534"
"537","Seismitoad","Tympole","FALSE",,"390",,,,"0/15/12",,,,"44.5",,,,"2498",,,,"Mud Shot, Earth Power, Sludge Bomb",,,"535;536;537","537"
"538","Throh","Throh","FALSE",,"646",,,,"0/14/15",,,,"45",,,,"2500",,,,"Low Kick, Brick Break, Body Slam",,,"538","538"
"538","Throh (Shadow)","Throh","TRUE",,"650",,,,"0/14/15",,,,"45",,,,"2500",,,,"Low Kick, Brick Break, Body Slam",,,"538","538"
"539","Sawk","Sawk","FALSE",,"511",,,,"0/15/11",,,,"37.5",,,,"2499",,,,"Poison Jab, Brick Break, Body Slam",,,"539","539"
"539","Sawk (Shadow)","Sawk","TRUE",,"483",,,,"0/15/11",,,,"37.5",,,,"2499",,,,"Poison Jab, Brick Break, Body Slam",,,"539","539"
"542","Leavanny","Sewaddle","FALSE",,"194",,,,"0/12/14",,,,"44",,,,"2498",,,,"Shadow Claw, Leaf Blade, X-Scissor",,,"540;541;542","542"
"545","Scolipede","Venipede","FALSE",,"451",,,,"0/15/15",,,,"47.5",,,,"2497",,,,"Poison Sting, X-Scissor, Sludge Bomb",,,"543;544;545","545"
"545","Scolipede (Shadow)","Venipede","TRUE",,"431",,,,"0/15/15",,,,"47.5",,,,"2497",,,,"Poison Sting, X-Scissor, Sludge Bomb",,,"543;544;545","545"
"547","Whimsicott","Cottonee","FALSE",,"353",,,,"15/15/14",,,,"50",,,,"2277",,,,"Fairy Wind, Moonblast, Seed Bomb",,,"546;547","547"
"549","Lilligant","Petilil","FALSE",,"678",,,,"0/13/14",,,,"44.5",,,,"2498",,,,"Charm, Petal Blizzard, Hyper Beam",,,"548;549","549"
"549","Lilligant (Hisuian)","Petilil","FALSE",,"508",,,,"0/14/14",,,,"45.5",,,,"2499",,,,"Bullet Seed, Upper Hand, Petal Blizzard",,,"548;549","549"
"550","Basculin","Basculin","FALSE",,"520",,,,"15/15/15",,,,"50",,,,"2363",,,,"Water Gun, Aqua Tail, Aqua Jet",,,"550;902","550;902"
"553","Krookodile","Sandile","FALSE",,"270",,,,"0/13/15",,,,"31.5",,,,"2497",,,,"Mud Slap, Crunch, Brick Break",,,"551;552;553","553"
"555","Darmanitan (Galarian)","Darumaka","FALSE",,"577",,,,"0/13/15",,,,"30",,,,"2498",,,,"Ice Fang, Avalanche, Superpower",,,"554;555","555"
"555","Darmanitan (Standard)","Darumaka","FALSE",,"375",,,,"0/13/15",,,,"30",,,,"2498",,,,"Incinerate, Rock Slide, Overheat",,,"554;555","555"
"555","Darmanitan (Standard) (Shadow)","Darumaka","TRUE",,"414",,,,"0/13/15",,,,"30",,,,"2498",,,,"Incinerate, Rock Slide, Overheat",,,"554;555","555"
"556","Maractus","Maractus","FALSE",,"620",,,,"9/15/15",,,,"50",,,,"2498",,,,"Bullet Seed, Aerial Ace, Petal Blizzard",,,"556","556"
"558","Crustle","Dwebble","FALSE",,"61",,,,"0/14/15",,,,"45",,,,"2499",,,,"Fury Cutter, X-Scissor, Rock Wrecker",,,"557;558","558"
"558","Crustle (Shadow)","Dwebble","TRUE",,"91",,,,"0/14/15",,,,"45",,,,"2499",,,,"Fury Cutter, X-Scissor, Rock Wrecker",,,"557;558","558"
"560","Scrafty","Scraggy","FALSE",,"132",,,,"9/15/15",,,,"50",,,,"2499",,,,"Counter, Foul Play, Thunder Punch",,,"559;560","560"
"561","Sigilyph","Sigilyph","FALSE",,"626",,,,"0/13/15",,,,"44.5",,,,"2494",,,,"Air Slash, Air Cutter, Ancient Power",,,"561","561"
"563","Cofagrigus","Yamask","FALSE",,"52",,,,"10/15/15",,,,"50",,,,"2497",,,,"Shadow Claw, Shadow Ball, Dark Pulse",,,"562;563","563"
"563","Cofagrigus (Shadow)","Yamask","TRUE",,"127",,,,"10/15/15",,,,"50",,,,"2497",,,,"Shadow Claw, Shadow Ball, Dark Pulse",,,"562;563","563"
"565","Carracosta","Tirtouga","FALSE",,"559",,,,"1/14/15",,,,"42",,,,"2498",,,,"Water Gun, Ancient Power, Liquidation",,,"564;565","565"
"565","Carracosta (Shadow)","Tirtouga","TRUE",,"590",,,,"1/14/15",,,,"42",,,,"2498",,,,"Water Gun, Liquidation, Ancient Power",,,"564;565","565"
"567","Archeops","Archen","FALSE",,"669",,,,"1/15/15",,,,"27.5",,,,"2499",,,,"Wing Attack, Ancient Power, Crunch",,,"566;567","567"
"567","Archeops (Shadow)","Archen","TRUE",,"664",,,,"1/15/15",,,,"27.5",,,,"2499",,,,"Wing Attack, Ancient Power, Crunch",,,"566;567","567"
"569","Garbodor","Trubbish","FALSE",,"619",,,,"3/15/15",,,,"50",,,,"2499",,,,"Infestation, Body Slam, Seed Bomb",,,"568;569","569"
"569","Garbodor (Shadow)","Trubbish","TRUE",,"614",,,,"3/15/15",,,,"50",,,,"2499",,,,"Infestation, Body Slam, Seed Bomb",,,"568;569","569"
"571","Zoroark","Zorua","FALSE",,"449",,,,"1/15/15",,,,"42",,,,"2497",,,,"Shadow Claw, Foul Play, Night Shade",,,"570;571","571"
"571","Zoroark (Hisuian)","Zorua","FALSE",,"265",,,,"0/14/15",,,,"41",,,,"2494",,,,"Shadow Claw, Shadow Ball, Foul Play",,,"570;571","571"
"573","Cinccino","Minccino","FALSE",,"542",,,,"12/15/15",,,,"50",,,,"2496",,,,"Charm, Aqua Tail, Thunderbolt",,,"572;573","573"
"576","Gothitelle","Gothita","FALSE",,"315",,,,"0/14/15",,,,"49.5",,,,"2499",,,,"Confusion, Rock Slide, Future Sight",,,"574;575;576","576"
"576","Gothitelle (Shadow)","Gothita","TRUE",,"447",,,,"0/14/15",,,,"49.5",,,,"2499",,,,"Confusion, Rock Slide, Future Sight",,,"574;575;576","576"
"579","Reuniclus","Solosis","FALSE",,"549",,,,"0/13/14",,,,"34.5",,,,"2500",,,,"Charm, Psyshock, Shadow Ball",,,"577;578;579","579"
"579","Reuniclus (Shadow)","Solosis","TRUE",,"581",,,,"0/13/14",,,,"34.5",,,,"2500",,,,"Charm, Psyshock, Shadow Ball",,,"577;578;579","579"
"581","Swanna","Ducklett","FALSE",,"502",,,,"15/15/15",,,,"50",,,,"2361",,,,"Water Gun, Fly, Ice Beam",,,"580;581","581"
"581","Swanna (Shadow)","Ducklett","TRUE",,"562",,,,"15/15/15",,,,"50",,,,"2361",,,,"Water Gun, Fly, Ice Beam",,,"580;581","581"
"584","Vanilluxe","Vanillite","FALSE",,"491",,,,"0/15/11",,,,"37",,,,"2496",,,,"Astonish, Avalanche, Flash Cannon",,,"582;583;584","584"
"586","Sawsbuck","Deerling","FALSE",,"498",,,,"0/15/11",,,,"49.5",,,,"2498",,,,"Feint Attack, Wild Charge, Trailblaze",,,"585;586","586"
"589","Escavalier","Karrablast","FALSE",,"304",,,,"1/15/14",,,,"34.5",,,,"2499",,,,"Bug Bite, Razor Shell, Drill Run",,,"588;589","589"
"589","Escavalier (Shadow)","Karrablast","TRUE",,"339",,,,"1/15/14",,,,"34.5",,,,"2499",,,,"Bug Bite, Drill Run, Razor Shell",,,"588;589","589"
"591","Amoonguss","Foongus","FALSE",,"95",,,,"15/15/15",,,,"50",,,,"2420",,,,"Astonish, Grass Knot, Foul Play",,,"590;591","591"
"591","Amoonguss (Shadow)","Foongus","TRUE",,"96",,,,"15/15/15",,,,"50",,,,"2420",,,,"Astonish, Grass Knot, Foul Play",,,"590;591","591"
"593","Jellicent","Frillish","FALSE",,"5",,,,"6/14/15",,,,"50",,,,"2499",,,,"Hex, Surf, Shadow Ball",,,"592;593","593"
"594","Alomomola","Alomomola","FALSE",,"455",,,,"15/15/15",,,,"50",,,,"2452",,,,"Waterfall, Hydro Pump, Blizzard",,,"594","594"
"596","Galvantula","Joltik","FALSE",,"272",,,,"15/15/15",,,,"50",,,,"2494",,,,"Volt Switch, Discharge, Cross Poison",,,"595;596","596"
"596","Galvantula (Shadow)","Joltik","TRUE",,"243",,,,"15/15/15",,,,"50",,,,"2494",,,,"Volt Switch, Discharge, Cross Poison",,,"595;596","596"
"598","Ferrothorn","Ferroseed","FALSE",,"49",,,,"7/14/15",,,,"50",,,,"2497",,,,"Bullet Seed, Power Whip, Flash Cannon",,,"597;598","598"
"598","Ferrothorn (Shadow)","Ferroseed","TRUE",,"97",,,,"7/14/15",,,,"50",,,,"2497",,,,"Bullet Seed, Power Whip, Flash Cannon",,,"597;598","598"
"600","Klang","Klink","FALSE",,"507",,,,"15/15/14",,,,"50",,,,"2088",,,,"Metal Sound, Vise Grip, Thunderbolt",,,"599;600;601","600;601"
"601","Klinklang","Klink","FALSE",,"330",,,,"0/12/15",,,,"42",,,,"2500",,,,"Metal Sound, Mirror Shot, Zap Cannon",,,"599;600;601","601"
"604","Eelektross","Tynamo","FALSE",,"395",,,,"2/15/14",,,,"38",,,,"2499",,,,"Volt Switch, Dragon Claw, Thunderbolt",,,"602;603;604","604"
"606","Beheeyem","Elgyem","FALSE",,"604",,,,"1/15/15",,,,"37.5",,,,"2498",,,,"Confusion, Rock Slide, Dark Pulse",,,"605;606","606"
"609","Chandelure","Litwick","FALSE",,"588",,,,"0/15/12",,,,"28.5",,,,"2495",,,,"Fire Spin, Shadow Ball, Flame Charge",,,"607;608;609","609"
"609","Chandelure (Shadow)","Litwick","TRUE",,"360",,,,"0/15/12",,,,"28.5",,,,"2495",,,,"Incinerate, Shadow Ball, Flame Charge",,,"607;608;609","609"
"611","Fraxure","Axew","FALSE",,"417",,,,"12/15/15",,,,"50",,,,"2496",,,,"Dragon Tail, Aqua Tail, Night Slash",,,"610;611;612","611;612"
"612","Haxorus","Axew","FALSE",,"510",,,,"1/15/15",,,,"25.5",,,,"2495",,,,"Dragon Tail, Dragon Claw, Surf",,,"610;611;612","612"
"614","Beartic","Cubchoo","FALSE",,"398",,,,"0/15/13",,,,"31.5",,,,"2497",,,,"Powder Snow, Ice Punch, Liquidation",,,"613;614","614"
"615","Cryogonal","Cryogonal","FALSE",,"365",,,,"0/15/15",,,,"37.5",,,,"2498",,,,"Ice Shard, Night Slash, Triple Axel",,,"615","615"
"617","Accelgor","Shelmet","FALSE",,"629",,,,"0/15/13",,,,"47.5",,,,"2499",,,,"Water Shuriken, Energy Ball, Bug Buzz",,,"616;617","617"
"617","Accelgor (Shadow)","Shelmet","TRUE",,"632",,,,"0/15/13",,,,"47.5",,,,"2499",,,,"Water Shuriken, Energy Ball, Bug Buzz",,,"616;617","617"
"618","Stunfisk","Stunfisk","FALSE",,"39",,,,"15/15/15",,,,"50",,,,"2445",,,,"Thunder Shock, Mud Bomb, Discharge",,,"618","618"
"618","Stunfisk (Galarian)","Stunfisk","FALSE",,"163",,,,"15/15/15",,,,"50",,,,"2445",,,,"Mud Shot, Rock Slide, Earthquake",,,"618","618"
"620","Mienshao","Mienfoo","FALSE",,"337",,,,"0/14/15",,,,"38.5",,,,"2500",,,,"Force Palm, Brutal Swing, Brick Break",,,"619;620","620"
"621","Druddigon","Druddigon","FALSE",,"203",,,,"0/15/15",,,,"38.5",,,,"2498",,,,"Dragon Tail, Night Slash, Rock Tomb",,,"621","621"
"623","Golurk","Golett","FALSE",,"189",,,,"0/13/14",,,,"36",,,,"2500",,,,"Mud Slap, Shadow Punch, Dynamic Punch",,,"622;623","623"
"623","Golurk (Shadow)","Golett","TRUE",,"172",,,,"0/13/14",,,,"36",,,,"2500",,,,"Mud Slap, Shadow Punch, Dynamic Punch",,,"622;623","623"
"625","Bisharp","Pawniard","FALSE",,"462",,,,"0/15/15",,,,"35.5",,,,"2497",,,,"Snarl, Dark Pulse, Iron Head",,,"624;625;983","625;983"
"626","Bouffalant","Bouffalant","FALSE",,"463",,,,"0/14/15",,,,"37.5",,,,"2500",,,,"Mud Shot, Stomp, Megahorn",,,"626","626"
"628","Braviary","Rufflet","FALSE",,"461",,,,"0/14/15",,,,"30.5",,,,"2500",,,,"Air Slash, Fly, Close Combat",,,"627;628","628"
"628","Braviary (Hisuian)","Rufflet","FALSE",,"607",,,,"0/14/13",,,,"37",,,,"2500",,,,"Air Slash, Brave Bird, Fly",,,"627;628","628"
"630","Mandibuzz","Vullaby","FALSE",,"38",,,,"15/15/14",,,,"50",,,,"2417",,,,"Snarl, Foul Play, Shadow Ball",,,"629;630","630"
"631","Heatmor","Heatmor","FALSE",,"410",,,,"1/15/14",,,,"49",,,,"2496",,,,"Fire Spin, Thunder Punch, Flamethrower",,,"631","631"
"632","Durant","Durant","FALSE",,"321",,,,"0/12/15",,,,"41",,,,"2500",,,,"Bug Bite, X-Scissor, Stone Edge",,,"632","632"
"634","Zweilous","Deino","FALSE",,"387",,,,"15/15/15",,,,"50",,,,"2079",,,,"Dragon Breath, Body Slam, Dark Pulse",,,"633;634;635","634;635"
"634","Zweilous (Shadow)","Deino","TRUE",,"354",,,,"15/15/15",,,,"50",,,,"2079",,,,"Dragon Breath, Body Slam, Dark Pulse",,,"633;634;635","634;635"
"635","Hydreigon","Deino","FALSE",,"80",,,,"0/15/15",,,,"25.5",,,,"2498",,,,"Dragon Breath, Brutal Swing, Dragon Pulse",,,"633;634;635","635"
"635","Hydreigon (Shadow)","Deino","TRUE",,"45",,,,"0/15/15",,,,"25.5",,,,"2498",,,,"Dragon Breath, Brutal Swing, Fly",,,"633;634;635","635"
"637","Volcarona","Larvesta","FALSE",,"642",,,,"0/15/14",,,,"25.5",,,,"2495",,,,"Fire Spin, Overheat, Bug Buzz",,,"636;637","637"
"652","Chesnaught","Chespin","FALSE",,"186",,,,"1/15/14",,,,"33.5",,,,"2500",,,,"Vine Whip, Frenzy Plant, Superpower",,,"650;651;652","652"
"655","Delphox","Fennekin","FALSE",,"324",,,,"1/15/15",,,,"30.5",,,,"2500",,,,"Fire Spin, Psyshock, Blast Burn",,,"653;654;655","655"
"658","Greninja","Froakie","FALSE",,"121",,,,"0/13/14",,,,"41",,,,"2498",,,,"Water Shuriken, Hydro Cannon, Night Slash",,,"656;657;658","658"
"663","Talonflame","Fletchling","FALSE",,"104",,,,"15/15/14",,,,"50",,,,"2493",,,,"Incinerate, Fly, Brave Bird",,,"661;662;663","663"
"663","Talonflame (Shadow)","Fletchling","TRUE",,"151",,,,"15/15/14",,,,"50",,,,"2493",,,,"Incinerate, Fly, Brave Bird",,,"661;662;663","663"
"668","Pyroar","Litleo","FALSE",,"332",,,,"0/15/12",,,,"38",,,,"2499",,,,"Incinerate, Flame Charge, Dark Pulse",,,"667;668","668"
"671","Florges","Flabebe","FALSE",,"31",,,,"0/14/15",,,,"29",,,,"2496",,,,"Fairy Wind, Chilling Water, Trailblaze",,,"669;670;671","671"
"673","Gogoat","Skiddo","FALSE",,"66",,,,"0/14/15",,,,"37.5",,,,"2496",,,,"Vine Whip, Leaf Blade, Rock Slide",,,"672;673","673"
"675","Pangoro","Pancham","FALSE",,"142",,,,"0/14/15",,,,"34.5",,,,"2493",,,,"Karate Chop, Close Combat, Night Slash",,,"674;675","675"
"676","Furfrou","Furfrou","FALSE",,"291",,,,"15/15/15",,,,"50",,,,"2387",,,,"Sucker Punch, Surf, Grass Knot",,,"676","676"
"678","Meowstic (Female)","Espurr","FALSE",,"545",,,,"15/15/15",,,,"50",,,,"2401",,,,"Confusion, Shadow Ball, Energy Ball",,,"677;678","678"
"678","Meowstic (Male)","Espurr","FALSE",,"558",,,,"15/15/15",,,,"50",,,,"2401",,,,"Confusion, Thunderbolt, Energy Ball",,,"677;678","678"
"680","Doublade","Honedge","FALSE",,"48",,,,"0/14/14",,,,"48.5",,,,"2497",,,,"Shadow Claw, Sacred Sword, Gyro Ball",,,"679;680;681","680;681"
"681","Aegislash (Shield)","Honedge","FALSE",,"334",,,,"15/15/14",,,,"50",,,,"1746",,,,"Psycho Cut, Shadow Ball, Flash Cannon",,,"679;680;681","681"
"683","Aromatisse","Spritzee","FALSE",,"208",,,,"6/15/14",,,,"49.5",,,,"2499",,,,"Charm, Psyshock, Moonblast",,,"682;683","683"
"685","Slurpuff","Swirlix","FALSE",,"255",,,,"15/15/15",,,,"50",,,,"2486",,,,"Fairy Wind, Flamethrower, Energy Ball",,,"684;685","685"
"687","Malamar","Inkay","FALSE",,"24",,,,"3/15/15",,,,"50",,,,"2500",,,,"Psywave, Foul Play, Superpower",,,"686;687","687"
"687","Malamar (Shadow)","Inkay","TRUE",,"19",,,,"3/15/15",,,,"50",,,,"2500",,,,"Psywave, Foul Play, Superpower",,,"686;687","687"
"689","Barbaracle","Binacle","FALSE",,"235",,,,"0/15/15",,,,"40.5",,,,"2499",,,,"Fury Cutter, Cross Chop, Stone Edge",,,"688;689","689"
"691","Dragalge","Skrelp","FALSE",,"92",,,,"1/15/15",,,,"50",,,,"2496",,,,"Dragon Tail, Aqua Tail, Outrage",,,"690;691","691"
"693","Clawitzer","Clauncher","FALSE",,"612",,,,"0/13/15",,,,"38",,,,"2495",,,,"Water Gun, Crabhammer, Dark Pulse",,,"692;693","693"
"695","Heliolisk","Helioptile","FALSE",,"399",,,,"0/14/14",,,,"42.5",,,,"2498",,,,"Volt Switch, Breaking Swipe, Parabolic Charge",,,"694;695","695"
"697","Tyrantrum","Tyrunt","FALSE",,"307",,,,"0/12/15",,,,"30",,,,"2499",,,,"Dragon Tail, Rock Tomb, Crunch",,,"696;697","697"
"697","Tyrantrum (Shadow)","Tyrunt","TRUE",,"471",,,,"0/12/15",,,,"30",,,,"2499",,,,"Dragon Tail, Meteor Beam, Rock Tomb",,,"696;697","697"
"699","Aurorus","Amaura","FALSE",,"58",,,,"0/15/15",,,,"37.5",,,,"2497",,,,"Powder Snow, Weather Ball (Ice), Meteor Beam",,,"698;699","699"
"699","Aurorus (Shadow)","Amaura","TRUE",,"53",,,,"0/15/15",,,,"37.5",,,,"2497",,,,"Powder Snow, Weather Ball (Ice), Meteor Beam",,,"698;699","699"
"700","Sylveon","Eevee","FALSE",,"224",,,,"0/13/15",,,,"31.5",,,,"2498",,,,"Charm, Moonblast, Psyshock",,,"133;700","700"
"701","Hawlucha","Hawlucha","FALSE",,"293",,,,"0/15/14",,,,"49",,,,"2498",,,,"Poison Jab, Flying Press, Aerial Ace",,,"701","701"
"702","Dedenne","Dedenne","FALSE",,"445",,,,"15/15/14",,,,"50",,,,"2081",,,,"Thunder Shock, Discharge, Parabolic Charge",,,"702","702"
"703","Carbink","Carbink","FALSE",,"648",,,,"15/15/15",,,,"50",,,,"1658",,,,"Rock Throw, Rock Slide, Moonblast",,,"703","703"
"705","Sliggoo","Goomy","FALSE",,"641",,,,"15/15/15",,,,"50",,,,"2303",,,,"Water Gun, Dragon Pulse, Water Pulse",,,"704;705;706","705;706"
"706","Goodra","Goomy","FALSE",,"37",,,,"0/12/12",,,,"27",,,,"2493",,,,"Dragon Breath, Aqua Tail, Power Whip",,,"704;705;706","706"
"707","Klefki","Klefki","FALSE",,"363",,,,"15/15/15",,,,"50",,,,"2204",,,,"Astonish, Foul Play, Play Rough",,,"707","707"
"709","Trevenant","Phantump","FALSE",,"70",,,,"1/15/15",,,,"43.5",,,,"2500",,,,"Shadow Claw, Shadow Ball, Seed Bomb",,,"708;709","709"
"709","Trevenant (Shadow)","Phantump","TRUE",,"57",,,,"1/15/15",,,,"43.5",,,,"2500",,,,"Shadow Claw, Shadow Ball, Seed Bomb",,,"708;709","709"
"711","Gourgeist (Average)","Pumpkaboo","FALSE",,"75",,,,"0/8/2",,,,"46",,,,"2496",,,,"Incinerate, Shadow Ball, Seed Bomb",,,"710;711","711"
"711","Gourgeist (Large)","Pumpkaboo","FALSE",,"72",,,,"0/14/14",,,,"42.5",,,,"2494",,,,"Incinerate, Shadow Ball, Seed Bomb",,,"710;711","711"
"711","Gourgeist (Small)","Pumpkaboo","FALSE",,"115",,,,"0/0/8",,,,"46.5",,,,"2499",,,,"Incinerate, Shadow Ball, Seed Bomb",,,"710;711","711"
"711","Gourgeist (Super)","Pumpkaboo","FALSE",,"59",,,,"0/14/14",,,,"42.5",,,,"2495",,,,"Incinerate, Shadow Ball, Seed Bomb",,,"710;711","711"
"713","Avalugg","Bergmite","FALSE",,"178",,,,"0/14/15",,,,"29.5",,,,"2495",,,,"Ice Fang, Icy Wind, Crunch",,,"712;713","713"
"713","Avalugg (Hisuian)","Bergmite","FALSE",,"234",,,,"1/14/15",,,,"27",,,,"2499",,,,"Powder Snow, Rock Slide, Icy Wind",,,"712;713","713"
"715","Noivern","Noibat","FALSE",,"667",,,,"0/15/14",,,,"38",,,,"2500",,,,"Air Slash, Hurricane, Boomburst",,,"714;715","715"
"723","Dartrix","Rowlet","FALSE",,"543",,,,"15/15/14",,,,"50",,,,"1950",,,,"Peck, Brave Bird, Seed Bomb",,,"722;723;724","723;724"
"724","Decidueye","Rowlet","FALSE",,"124",,,,"0/14/13",,,,"38",,,,"2500",,,,"Astonish, Frenzy Plant, Spirit Shackle",,,"722;723;724","724"
"724","Decidueye (Hisuian)","Rowlet","FALSE",,"191",,,,"0/14/14",,,,"35",,,,"2500",,,,"Psycho Cut, Aura Sphere, Trailblaze",,,"722;723;724","724"
"727","Incineroar","Litten","FALSE",,"167",,,,"0/15/15",,,,"32.5",,,,"2500",,,,"Snarl, Brutal Swing, Blast Burn",,,"725;726;727","727"
"729","Brionne","Popplio","FALSE",,"645",,,,"15/15/14",,,,"50",,,,"2131",,,,"Water Gun, Aqua Jet, Disarming Voice",,,"728;729;730","729;730"
"730","Primarina","Popplio","FALSE",,"223",,,,"2/15/13",,,,"29",,,,"2495",,,,"Charm, Disarming Voice, Hydro Cannon",,,"728;729;730","730"
"733","Toucannon","Pikipek","FALSE",,"33",,,,"2/15/14",,,,"39",,,,"2499",,,,"Peck, Beak Blast, Drill Peck",,,"731;732;733","733"
"733","Toucannon (Shadow)","Pikipek","TRUE",,"26",,,,"2/15/14",,,,"39",,,,"2499",,,,"Peck, Beak Blast, Drill Peck",,,"731;732;733","733"
"735","Gumshoos","Yungoos","FALSE",,"666",,,,"15/15/15",,,,"50",,,,"2470",,,,"Bite, Rock Tomb, Crunch",,,"734;735","735"
"738","Vikavolt","Grubbin","FALSE",,"218",,,,"2/15/15",,,,"29.5",,,,"2498",,,,"Volt Switch, X-Scissor, Fly",,,"736;737;738","738"
"738","Vikavolt (Shadow)","Grubbin","TRUE",,"148",,,,"2/15/15",,,,"29.5",,,,"2498",,,,"Volt Switch, Discharge, X-Scissor",,,"736;737;738","738"
"740","Crabominable","Crabrawler","FALSE",,"572",,,,"0/15/12",,,,"34.5",,,,"2497",,,,"Bubble, Ice Punch, Brick Break",,,"739;740","740"
"741","Oricorio (Baile)","Oricorio","FALSE",,"605",,,,"4/15/15",,,,"50",,,,"2496",,,,"Air Slash, Air Cutter, Aerial Ace",,,"741","741"
"741","Oricorio (Pa'u)","Oricorio","FALSE",,"633",,,,"4/15/15",,,,"50",,,,"2496",,,,"Air Slash, Air Cutter, Aerial Ace",,,"741","741"
"741","Oricorio (Pom-Pom)","Oricorio","FALSE",,"539",,,,"4/15/15",,,,"50",,,,"2496",,,,"Air Slash, Air Cutter, Aerial Ace",,,"741","741"
"741","Oricorio (Sensu)","Oricorio","FALSE",,"615",,,,"4/15/15",,,,"50",,,,"2496",,,,"Air Slash, Air Cutter, Aerial Ace",,,"741","741"
"743","Ribombee","Cutiefly","FALSE",,"565",,,,"15/15/14",,,,"50",,,,"2488",,,,"Fairy Wind, Dazzling Gleam, Bug Buzz",,,"742;743","743"
"745","Lycanroc (Dusk)","Rockruff","FALSE",,"574",,,,"0/15/14",,,,"39",,,,"2500",,,,"Sucker Punch, Stone Edge, Trailblaze",,,"744;745","745"
"745","Lycanroc (Midday)","Rockruff","FALSE",,"591",,,,"0/14/14",,,,"40",,,,"2500",,,,"Sucker Punch, Stone Edge, Drill Run",,,"744;745","745"
"745","Lycanroc (Midnight)","Rockruff","FALSE",,"582",,,,"1/15/14",,,,"38",,,,"2499",,,,"Counter, Psychic Fangs, Crunch",,,"744;745","745"
"748","Toxapex","Mareanie","FALSE",,"599",,,,"15/15/15",,,,"50",,,,"1905",,,,"Poison Jab, Brine, Sludge Wave",,,"747;748","748"
"749","Mudbray","Mudbray","FALSE",,"609",,,,"15/15/15",,,,"50",,,,"2139",,,,"Mud Slap, Body Slam, Earthquake",,,"749;750","749;750"
"750","Mudsdale","Mudbray","FALSE",,"215",,,,"0/15/14",,,,"31.5",,,,"2500",,,,"Mud Slap, Body Slam, Earthquake",,,"749;750","750"
"752","Araquanid","Dewpider","FALSE",,"485",,,,"15/15/15",,,,"50",,,,"2065",,,,"Bug Bite, Water Pulse, Bug Buzz",,,"751;752","752"
"754","Lurantis","Fomantis","FALSE",,"146",,,,"0/15/15",,,,"49.5",,,,"2499",,,,"Leafage, Leaf Blade, Superpower",,,"753;754","754"
"756","Shiinotic","Morelull","FALSE",,"512",,,,"15/15/14",,,,"50",,,,"2104",,,,"Astonish, Seed Bomb, Moonblast",,,"755;756","756"
"758","Salazzle","Salandit","FALSE",,"347",,,,"0/15/14",,,,"46",,,,"2500",,,,"Incinerate, Poison Fang, Dragon Pulse",,,"757;758","758"
"760","Bewear","Stufful","FALSE",,"221",,,,"0/14/15",,,,"30",,,,"2499",,,,"Shadow Claw, Superpower, Payback",,,"759;760","760"
"763","Tsareena","Bounsweet","FALSE",,"404",,,,"0/15/15",,,,"33",,,,"2497",,,,"Magical Leaf, Triple Axel, High Jump Kick",,,"761;762;763","763"
"764","Comfey","Comfey","FALSE",,"552",,,,"15/15/15",,,,"50",,,,"2392",,,,"Vine Whip, Grass Knot, Draining Kiss",,,"764","764"
"765","Oranguru","Oranguru","FALSE",,"10",,,,"0/13/15",,,,"49",,,,"2499",,,,"Confusion, Brutal Swing, Trailblaze",,,"765","765"
"766","Passimian","Passimian","FALSE",,"380",,,,"0/14/13",,,,"32",,,,"2499",,,,"Counter, Close Combat, Brick Break",,,"766","766"
"768","Golisopod","Wimpod","FALSE",,"29",,,,"1/14/15",,,,"29.5",,,,"2497",,,,"Fury Cutter, X-Scissor, Aqua Jet",,,"767;768","768"
"770","Palossand","Sandygast","FALSE",,"177",,,,"0/13/14",,,,"49",,,,"2500",,,,"Astonish, Shadow Ball, Scorching Sands",,,"769;770","770"
"775","Komala","Komala","FALSE",,"635",,,,"0/14/15",,,,"43",,,,"2499",,,,"Rollout, Payback, Bulldoze",,,"775","775"
"776","Turtonator","Turtonator","FALSE",,"23",,,,"15/14/14",,,,"50",,,,"2499",,,,"Incinerate, Brutal Swing, Dragon Claw",,,"776","776"
"777","Togedemaru","Togedemaru","FALSE",,"284",,,,"15/15/15",,,,"50",,,,"2442",,,,"Thunder Shock, Fell Stinger, Wild Charge",,,"777","777"
"779","Bruxish","Bruxish","FALSE",,"282",,,,"0/14/15",,,,"49.5",,,,"2499",,,,"Confusion, Aqua Tail, Psychic Fangs",,,"779","779"
"780","Drampa","Drampa","FALSE",,"179",,,,"0/15/14",,,,"34",,,,"2499",,,,"Dragon Breath, Swift, Dragon Pulse",,,"780","780"
"781","Dhelmise","Dhelmise","FALSE",,"144",,,,"0/15/15",,,,"33",,,,"2497",,,,"Shadow Claw, Shadow Ball, Brutal Swing",,,"781","781"
"784","Kommo-o","Jangmo-o","FALSE",,"50",,,,"0/11/14",,,,"28.5",,,,"2496",,,,"Dragon Tail, Clanging Scales, Upper Hand",,,"782;783;784","784"
"811","Thwackey","Grookey","FALSE",,"671",,,,"15/15/15",,,,"50",,,,"2121",,,,"Razor Leaf, Grass Knot, Energy Ball",,,"810;811;812","811;812"
"812","Rillaboom","Grookey","FALSE",,"606",,,,"0/14/15",,,,"28",,,,"2492",,,,"Razor Leaf, Grass Knot, Earth Power",,,"810;811;812","812"
"815","Cinderace","Scorbunny","FALSE",,"509",,,,"1/15/14",,,,"31.5",,,,"2500",,,,"Fire Spin, Flamethrower, Flame Charge",,,"813;814;815","815"
"818","Inteleon","Sobble","FALSE",,"659",,,,"1/15/13",,,,"32.5",,,,"2497",,,,"Water Gun, Surf, Shadow Ball",,,"816;817;818","818"
"820","Greedent","Skwovet","FALSE",,"171",,,,"3/15/15",,,,"50",,,,"2496",,,,"Mud Shot, Body Slam, Crunch",,,"819;820","820"
"823","Corviknight","Rookidee","FALSE",,"2",,,,"0/15/15",,,,"48.5",,,,"2497",,,,"Sand Attack, Air Cutter, Payback",,,"821;822;823","823"
"828","Thievul","Nickit","FALSE",,"161",,,,"15/15/15",,,,"50",,,,"2415",,,,"Sucker Punch, Night Slash, Play Rough",,,"827;828","828"
"830","Eldegoss","Gossifleur","FALSE",,"617",,,,"15/15/14",,,,"50",,,,"2255",,,,"Bullet Seed, Grass Knot, Energy Ball",,,"829;830","830"
"832","Dubwool","Wooloo","FALSE",,"184",,,,"15/15/15",,,,"50",,,,"2478",,,,"Double Kick, Body Slam, Payback",,,"831;832","832"
"836","Boltund","Yamper","FALSE",,"587",,,,"15/15/15",,,,"50",,,,"2460",,,,"Spark, Crunch, Thunder",,,"835;836","836"
"839","Coalossal","Rolycoly","FALSE",,"152",,,,"6/14/14",,,,"50",,,,"2496",,,,"Fire Spin, Rock Slide, Flame Charge",,,"837;838;839","839"
"841","Flapple","Applin","FALSE",,"240",,,,"0/15/14",,,,"46.5",,,,"2499",,,,"Dragon Breath, Seed Bomb, Fly",,,"840;841;842;1011;1019","841"
"842","Appletun","Applin","FALSE",,"256",,,,"0/15/15",,,,"48",,,,"2500",,,,"Astonish, Seed Bomb, Outrage",,,"840;841;842;1011;1019","842"
"849","Toxtricity","Toxel","FALSE",,"233",,,,"0/15/14",,,,"42",,,,"2499",,,,"Acid, Wild Charge, Power-Up Punch",,,"848;849","849"
"851","Centiskorch","Sizzlipede","FALSE",,"303",,,,"0/15/15",,,,"32.5",,,,"2499",,,,"Ember, Crunch, Lunge",,,"850;851","851"
"853","Grapploct","Clobbopus","FALSE",,"544",,,,"1/15/15",,,,"40",,,,"2497",,,,"Waterfall, Superpower, Ice Punch",,,"852;853","853"
"855","Polteageist","Sinistea","FALSE",,"393",,,,"1/15/14",,,,"30.5",,,,"2500",,,,"Hex, Shadow Ball, Dark Pulse",,,"854;855","855"
"858","Hatterene","Hatenna","FALSE",,"517",,,,"1/15/15",,,,"35.5",,,,"2493",,,,"Charm, Psyshock, Power Whip",,,"856;857;858","858"
"861","Grimmsnarl","Impidimp","FALSE",,"93",,,,"0/15/11",,,,"36",,,,"2498",,,,"Sucker Punch, Foul Play, Play Rough",,,"859;860;861","861"
"862","Obstagoon","Zigzagoon","FALSE",,"279",,,,"0/15/13",,,,"42",,,,"2497",,,,"Counter, Night Slash, Cross Chop",,,"263&galar;264&galar;862","862"
"862","Obstagoon (Shadow)","Zigzagoon","TRUE",,"298",,,,"0/15/13",,,,"42",,,,"2497",,,,"Counter, Cross Chop, Night Slash",,,"263&galar;264&galar;862","862"
"863","Perrserker","Meowth","FALSE",,"109",,,,"0/14/15",,,,"50",,,,"2497",,,,"Shadow Claw, Close Combat, Foul Play",,,"52&galar;863","863"
"864","Cursola","Corsola","FALSE",,"468",,,,"0/12/15",,,,"31",,,,"2495",,,,"Astonish, Night Shade, Power Gem",,,"222&galar;864","864"
"865","Sirfetch'd","Farfetchd","FALSE",,"297",,,,"0/13/15",,,,"32.5",,,,"2499",,,,"Fury Cutter, Leaf Blade, Close Combat",,,"83&galar;865","865"
"866","Mr. Rime","Mr-mime","FALSE",,"593",,,,"0/14/14",,,,"36.5",,,,"2498",,,,"Ice Shard, Icy Wind, Psychic",,,"122;439;866","439;866"
"867","Runerigus","Yamask","FALSE",,"20",,,,"10/15/15",,,,"50",,,,"2497",,,,"Shadow Claw, Rock Tomb, Shadow Ball",,,"562&galar;867","867"
"870","Falinks","Falinks","FALSE",,"473",,,,"2/15/15",,,,"50",,,,"2495",,,,"Counter, Superpower, Megahorn",,,"870","870"
"873","Frosmoth","Snom","FALSE",,"601",,,,"0/14/15",,,,"38.5",,,,"2498",,,,"Powder Snow, Ice Beam, Bug Buzz",,,"872;873","873"
"874","Stonjourner","Stonjourner","FALSE",,"561",,,,"0/15/15",,,,"29",,,,"2493",,,,"Rock Throw, Rock Slide, Stomp",,,"874","874"
"876","Indeedee (Female)","Indeedee","FALSE",,"618",,,,"0/14/15",,,,"50",,,,"2500",,,,"Extrasensory, Energy Ball, Psychic",,,"876","876"
"876","Indeedee (Male)","Indeedee","FALSE",,"644",,,,"0/14/14",,,,"48",,,,"2496",,,,"Extrasensory, Shadow Ball, Psychic",,,"876","876"
"877","Morpeko (Full Belly)","Morpeko","FALSE",,"150",,,,"15/15/15",,,,"50",,,,"2196",,,,"Thunder Shock, Aura Wheel, Psychic Fangs",,,"877","877"
"884","Duraludon","Duraludon","FALSE",,"388",,,,"0/15/15",,,,"30.5",,,,"2500",,,,"Dragon Tail, Dragon Claw, Flash Cannon",,,"884;1018","884;1018"
"887","Dragapult","Dreepy","FALSE",,"490",,,,"1/15/15",,,,"26",,,,"2498",,,,"Dragon Tail, Shadow Ball, Outrage",,,"885;886;887","887"
"899","Wyrdeer","Stantler","FALSE",,"214",,,,"0/15/13",,,,"39",,,,"2496",,,,"Confusion, Wild Charge, Stomp",,,"234;899","899"
"900","Kleavor","Kleavor","FALSE",,"442",,,,"1/15/13",,,,"29.5",,,,"2496",,,,"Fury Cutter, X-Scissor, Stone Edge",,,"123;900","900"
"901","Ursaluna","Teddiursa","FALSE",,"527",,,,"1/15/15",,,,"24",,,,"2498",,,,"Tackle, Swift, High Horsepower",,,"216;217;901","901"
"901","Ursaluna (Shadow)","Teddiursa","TRUE",,"408",,,,"1/15/15",,,,"24",,,,"2498",,,,"Tackle, Swift, Trailblaze",,,"216;217;901","901"
"903","Sneasler","Sneasel","FALSE",,"383",,,,"2/15/15",,,,"28.5",,,,"2497",,,,"Shadow Claw, Close Combat, X-Scissor",,,"215&hisui;903","903"
"903","Sneasler (Shadow)","Sneasel","TRUE",,"359",,,,"2/15/15",,,,"28.5",,,,"2497",,,,"Shadow Claw, Close Combat, X-Scissor",,,"215&hisui;903","903"
"904","Overqwil","Qwilfish","FALSE",,"204",,,,"0/14/15",,,,"33.5",,,,"2495",,,,"Poison Jab, Aqua Tail, Dark Pulse",,,"211&hisui;904","904"
"908","Meowscarada","Sprigatito","FALSE",,"195",,,,"0/15/14",,,,"36",,,,"2498",,,,"Leafage, Night Slash, Frenzy Plant",,,"906;907;908","908"
"910","Crocalor","Fuecoco","FALSE",,"516",,,,"15/15/15",,,,"50",,,,"2189",,,,"Incinerate, Crunch, Flamethrower",,,"909;910;911","910;911"
"911","Skeledirge","Fuecoco","FALSE",,"71",,,,"0/15/15",,,,"32",,,,"2500",,,,"Incinerate, Torch Song, Shadow Ball",,,"909;910;911","911"
"914","Quaquaval","Quaxly","FALSE",,"488",,,,"1/15/14",,,,"31.5",,,,"2494",,,,"Wing Attack, Close Combat, Hydro Cannon",,,"912;913;914","914"
"916","Oinkologne","Lechonk","FALSE",,"267",,,,"0/14/12",,,,"43.5",,,,"2497",,,,"Tackle, Body Slam, Trailblaze",,,"915;916","916"
"916","Oinkologne (Female)","Lechonk","FALSE",,"134",,,,"0/15/15",,,,"47",,,,"2500",,,,"Tackle, Body Slam, Trailblaze",,,"915;916","916"
"920","Lokix","Nymble","FALSE",,"137",,,,"5/15/15",,,,"50",,,,"2494",,,,"Sucker Punch, X-Scissor, Trailblaze",,,"919;920","920"
"923","Pawmot","Pawmi","FALSE",,"110",,,,"0/15/15",,,,"40.5",,,,"2500",,,,"Thunder Shock, Brick Break, Wild Charge",,,"921;922;923","923"
"925","Maushold","Tandemaus","FALSE",,"575",,,,"15/15/15",,,,"50",,,,"2244",,,,"Mud Shot, Swift, Crunch",,,"924;925","925"
"927","Dachsbun","Fidough","FALSE",,"287",,,,"15/15/15",,,,"50",,,,"2370",,,,"Charm, Psychic Fangs, Body Slam",,,"926;927","927"
"930","Arboliva","Smoliv","FALSE",,"427",,,,"0/13/15",,,,"33.5",,,,"2499",,,,"Magical Leaf, Earth Power, Trailblaze",,,"928;929;930","930"
"934","Garganacl","Nacli","FALSE",,"356",,,,"0/13/15",,,,"40.5",,,,"2496",,,,"Smack Down, Rock Tomb, Rock Blast",,,"932;933;934","934"
"936","Armarouge","Armarouge","FALSE",,"180",,,,"0/15/15",,,,"29",,,,"2492",,,,"Incinerate, Psyshock, Flame Charge",,,"935;936","936"
"937","Ceruledge","Ceruledge","FALSE",,"249",,,,"0/15/12",,,,"29.5",,,,"2500",,,,"Incinerate, Shadow Ball, Flame Charge",,,"935;937","937"
"939","Bellibolt","Tadbulb","FALSE",,"13",,,,"0/15/10",,,,"42",,,,"2497",,,,"Sucker Punch, Parabolic Charge, Zap Cannon",,,"938;939","939"
"941","Kilowattrel","Wattrel","FALSE",,"269",,,,"0/15/15",,,,"47",,,,"2494",,,,"Thunder Shock, Acrobatics, Aerial Ace",,,"940;941","941"
"945","Grafaiai","Shroodle","FALSE",,"289",,,,"10/15/15",,,,"50",,,,"2494",,,,"Mud Slap, Poison Fang, Sludge Bomb",,,"944;945","945"
"949","Toedscruel","Toedscool","FALSE",,"65",,,,"0/13/15",,,,"50",,,,"2499",,,,"Mud Slap, Seed Bomb, Wrap",,,"948;949","949"
"950","Klawf","Klawf","FALSE",,"342",,,,"0/13/15",,,,"50",,,,"2499",,,,"Mud Slap, Bulldoze, Rock Tomb",,,"950","950"
"959","Tinkaton","Tinkatink","FALSE",,"84",,,,"0/13/6",,,,"47.5",,,,"2499",,,,"Fairy Wind, Play Rough, Bulldoze",,,"957;958;959","959"
"962","Bombirdier","Bombirdier","FALSE",,"78",,,,"0/15/14",,,,"46.5",,,,"2497",,,,"Sucker Punch, Fly, Rock Tomb",,,"962","962"
"966","Revavroom","Varoom","FALSE",,"496",,,,"0/13/15",,,,"33.5",,,,"2500",,,,"Metal Sound, Gunk Shot, Gyro Ball",,,"965;966","966"
"972","Houndstone","Greavard","FALSE",,"367",,,,"0/14/15",,,,"46",,,,"2500",,,,"Lick, Shadow Ball, Psychic Fangs",,,"971;972","972"
"975","Cetitan","Cetoddle","FALSE",,"141",,,,"1/15/14",,,,"30",,,,"2494",,,,"Powder Snow, Icicle Spear, Superpower",,,"974;975","975"
"977","Dondozo","Dondozo","FALSE",,"36",,,,"0/14/15",,,,"33.5",,,,"2495",,,,"Water Gun, Surf, Outrage",,,"977","977"
"978","Tatsugiri (Curly)","Tatsugiri","FALSE",,"555",,,,"15/15/14",,,,"40.5",,,,"2500",,,,"Water Gun, Surf, Outrage",,,"978","978"
"978","Tatsugiri (Droopy)","Tatsugiri","FALSE",,"556",,,,"15/15/14",,,,"40.5",,,,"2500",,,,"Water Gun, Surf, Outrage",,,"978","978"
"978","Tatsugiri (Stretchy)","Tatsugiri","FALSE",,"557",,,,"15/15/14",,,,"40.5",,,,"2500",,,,"Water Gun, Surf, Outrage",,,"978","978"
"979","Annihilape","Mankey","FALSE",,"112",,,,"0/15/15",,,,"28.5",,,,"2497",,,,"Counter, Rage Fist, Ice Punch",,,"56;57;979","979"
"979","Annihilape (Shadow)","Mankey","TRUE",,"82",,,,"0/15/15",,,,"28.5",,,,"2497",,,,"Counter, Rage Fist, Ice Punch",,,"56;57;979","979"
"980","Clodsire","Wooper","FALSE",,"251",,,,"15/15/15",,,,"50",,,,"2207",,,,"Poison Sting, Stone Edge, Earthquake",,,"194&paldea;980","980"
"982","Dudunsparce","Dunsparce","FALSE",,"86",,,,"0/15/14",,,,"39",,,,"2499",,,,"Rollout, Body Slam, Drill Run",,,"206;982","982"
"983","Kingambit","Pawniard","FALSE",,"156",,,,"0/15/10",,,,"26",,,,"2500",,,,"Metal Sound, Foul Play, Focus Blast",,,"624;625;983","983"
"997","Arctibax","Frigibax","FALSE",,"181",,,,"15/15/15",,,,"50",,,,"2365",,,,"Dragon Breath, Avalanche, Dragon Claw",,,"996;997;998","997;998"
"998","Baxcalibur","Frigibax","FALSE",,"193",,,,"1/15/15",,,,"26",,,,"2500",,,,"Dragon Breath, Avalanche, Dragon Claw",,,"996;997;998","998"
"1000","Gholdengo","Gimmighoul","FALSE",,"166",,,,"0/15/12",,,,"26.5",,,,"2499",,,,"Hex, Shadow Ball, Power Gem",,,"999;1000","1000"
"1011","Dipplin","Applin","FALSE",,"283",,,,"2/15/15",,,,"50",,,,"2494",,,,"Dragon Tail, Seed Bomb, Outrage",,,"840;841;842;1011;1019","1011;1019"
"1013","Sinistcha","Poltchageist","FALSE",,"300",,,,"2/15/15",,,,"32.5",,,,"2497",,,,"Astonish, Shadow Ball, Energy Ball",,,"1012;1013","1013"
"1019","Hydrapple","Applin","FALSE",,"327",,,,"0/15/14",,,,"29",,,,"2500",,,,"Dragon Tail, Seed Bomb, Outrage",,,"840;841;842;1011;1019","1019"
"1111","Select a Pokemon","Select a Pokemon","FALSE","","","","","","","","","","","","","","","","","","","","","1111","1111"
"1111","Select a Pokemon","Select a Pokemon","TRUE","","","","","","","","","","","","","","","","","","","","","1111","1111"
"1112","Select a Shadow Pokemon","Select a Shadow Pokemon","FALSE","","","","","","","","","","","","","","","","","","","","","1112","1112"
"1112","Select a Shadow Pokemon","Select a Shadow Pokemon","TRUE","","","","","","","","","","","","","","","","","","","","","1112","1112"
