"ID","Pokemon","Family","Shadow","Great_Rank","Little_Rank","Ultra_Rank","Master_Rank","Great_IVs","Little_IVs","Ultra_IVs","Master_IVs","Great_Level","Little_Level","Ultra_Level","Master_Level","Great_CP","Little_CP","Ultra_CP","Master_CP","Great_MoveSet","Little_MoveSet","Ultra_MoveSet","Master_MoveSet","Evo_Fam","Evo_Next"
"1","Bulbasaur","Bulbasaur","FALSE",,"570",,,,"0/11/15",,,,"18",,,,"500",,,,"Vine Whip, Sludge Bomb, Power Whip",,,"1;2;3","1;2;3"
"1","Bulbasaur (Shadow)","Bulbasaur","TRUE",,"639",,,,"0/11/15",,,,"18",,,,"498",,,,"Vine Whip, Sludge Bomb, Power Whip",,,"1;2;3","1;2;3"
"2","Ivysaur","Bulbasaur","FALSE",,"596",,,,"0/10/15",,,,"11.5",,,,"498",,,,"Vine Whip, Sludge Bomb, Power Whip",,,"1;2;3","2;3"
"2","Ivysaur (Shadow)","Bulbasaur","TRUE",,"642",,,,"0/10/15",,,,"11.5",,,,"497",,,,"Vine Whip, Sludge Bomb, Power Whip",,,"1;2;3","2;3"
"3","Venusaur","Bulbasaur","FALSE",,"424",,,,"3/15/14",,,,"7",,,,"497",,,,"Vine Whip, Frenzy Plant, Sludge Bomb",,,"1;2;3","3"
"6","Charizard","Charmander","FALSE",,"84",,,,"6/15/14",,,,"6.5",,,,"496",,,,"Fire Spin, Blast Burn, Dragon Claw",,,"4;5;6","6"
"10","Caterpie","Caterpie","FALSE",,"529",,,,"15/15/15",,,,"50",,,,"494",,,,"Bug Bite, Return, Struggle",,,"10;11;12","10;11;12"
"10","Caterpie (Shadow)","Caterpie","TRUE",,"467",,,,"15/15/15",,,,"50",,,,"494",,,,"Bug Bite, Struggle, Frustration",,,"10;11;12","10;11;12"
"11","Metapod","Caterpie","FALSE",,"290",,,,"14/15/15",,,,"50",,,,"500",,,,"Bug Bite, Return, Struggle",,,"10;11;12","11;12"
"11","Metapod (Shadow)","Caterpie","TRUE",,"375",,,,"14/15/15",,,,"50",,,,"500",,,,"Bug Bite, Struggle, Frustration",,,"10;11;12","11;12"
"12","Butterfree","Caterpie","FALSE",,"628",,,,"0/14/14",,,,"10.5",,,,"498",,,,"Confusion, Bug Buzz, Signal Beam",,,"10;11;12","12"
"12","Butterfree (Shadow)","Caterpie","TRUE",,"572",,,,"0/14/14",,,,"10.5",,,,"498",,,,"Confusion, Bug Buzz, Signal Beam",,,"10;11;12","12"
"13","Weedle","Weedle","FALSE",,"678",,,,"13/15/15",,,,"49.5",,,,"498",,,,"Poison Sting, Return, Struggle",,,"13;14;15","13;14;15"
"13","Weedle (Shadow)","Weedle","TRUE",,"439",,,,"13/15/15",,,,"49.5",,,,"498",,,,"Bug Bite, Struggle, Frustration",,,"13;14;15","13;14;15"
"14","Kakuna","Weedle","FALSE",,"307",,,,"15/15/15",,,,"50",,,,"488",,,,"Poison Sting, Return, Struggle",,,"13;14;15","14;15"
"14","Kakuna (Shadow)","Weedle","TRUE",,"364",,,,"15/15/15",,,,"50",,,,"488",,,,"Bug Bite, Struggle, Frustration",,,"13;14;15","14;15"
"15","Beedrill","Weedle","FALSE",,"296",,,,"0/12/13",,,,"10.5",,,,"497",,,,"Poison Jab, X-Scissor, Drill Run",,,"13;14;15","15"
"15","Beedrill (Shadow)","Weedle","TRUE",,"297",,,,"0/12/13",,,,"10.5",,,,"497",,,,"Poison Jab, X-Scissor, Drill Run",,,"13;14;15","15"
"16","Pidgey","Pidgey","FALSE",,"90",,,,"0/15/15",,,,"30.5",,,,"498",,,,"Quick Attack, Aerial Ace, Return",,,"16;17;18","16;17;18"
"16","Pidgey (Shadow)","Pidgey","TRUE",,"102",,,,"0/15/15",,,,"30.5",,,,"498",,,,"Quick Attack, Aerial Ace, Twister",,,"16;17;18","16;17;18"
"17","Pidgeotto","Pidgey","FALSE",,"246",,,,"1/14/14",,,,"16.5",,,,"500",,,,"Wing Attack, Aerial Ace, Twister",,,"16;17;18","17;18"
"17","Pidgeotto (Shadow)","Pidgey","TRUE",,"280",,,,"1/14/14",,,,"16.5",,,,"500",,,,"Wing Attack, Aerial Ace, Twister",,,"16;17;18","17;18"
"18","Pidgeot","Pidgey","FALSE",,"131",,,,"1/15/13",,,,"9",,,,"500",,,,"Gust, Brave Bird, Aerial Ace",,,"16;17;18","18"
"18","Pidgeot (Shadow)","Pidgey","TRUE",,"44",,,,"1/15/13",,,,"9",,,,"500",,,,"Gust, Brave Bird, Aerial Ace",,,"16;17;18","18"
"19","Rattata","Rattata","FALSE",,"275",,,,"1/15/15",,,,"27",,,,"498",,,,"Quick Attack, Body Slam, Dig",,,"19;20","19;20"
"19","Rattata (Alolan)","Rattata","FALSE",,"497",,,,"1/15/15",,,,"27",,,,"498",,,,"Quick Attack, Crunch, Hyper Fang",,,"19;20","19;20"
"19","Rattata (Alolan) (Shadow)","Rattata","TRUE",,"580",,,,"1/15/15",,,,"27",,,,"498",,,,"Quick Attack, Crunch, Hyper Fang",,,"19;20","19;20"
"19","Rattata (Shadow)","Rattata","TRUE",,"217",,,,"1/15/15",,,,"27",,,,"498",,,,"Quick Attack, Body Slam, Dig",,,"19;20","19;20"
"20","Raticate","Rattata","FALSE",,"666",,,,"1/15/15",,,,"11",,,,"498",,,,"Quick Attack, Hyper Fang, Dig",,,"19;20","20"
"20","Raticate (Alolan)","Rattata","FALSE",,"237",,,,"0/15/12",,,,"11.5",,,,"499",,,,"Quick Attack, Crunch, Hyper Fang",,,"19;20","20"
"20","Raticate (Alolan) (Shadow)","Rattata","TRUE",,"349",,,,"0/15/12",,,,"11.5",,,,"499",,,,"Quick Attack, Crunch, Hyper Fang",,,"19;20","20"
"20","Raticate (Shadow)","Rattata","TRUE",,"681",,,,"1/15/15",,,,"11",,,,"498",,,,"Quick Attack, Hyper Fang, Dig",,,"19;20","20"
"21","Spearow","Spearow","FALSE",,"156",,,,"0/15/14",,,,"25",,,,"500",,,,"Quick Attack, Drill Peck, Aerial Ace",,,"21;22","21;22"
"22","Fearow","Spearow","FALSE",,"594",,,,"0/15/15",,,,"9.5",,,,"499",,,,"Steel Wing, Fly, Aerial Ace",,,"21;22","22"
"23","Ekans","Ekans","FALSE",,"272",,,,"0/14/15",,,,"21.5",,,,"500",,,,"Poison Sting, Poison Fang, Sludge Bomb",,,"23;24","23;24"
"23","Ekans (Shadow)","Ekans","TRUE",,"255",,,,"0/14/15",,,,"21.5",,,,"500",,,,"Poison Sting, Poison Fang, Sludge Bomb",,,"23;24","23;24"
"24","Arbok","Ekans","FALSE",,"557",,,,"0/14/14",,,,"10",,,,"499",,,,"Dragon Tail, Dark Pulse, Sludge Wave",,,"23;24","24"
"24","Arbok (Shadow)","Ekans","TRUE",,"434",,,,"0/14/14",,,,"10",,,,"499",,,,"Dragon Tail, Dark Pulse, Sludge Wave",,,"23;24","24"
"25","Pikachu","Pikachu","FALSE",,"177",,,,"1/15/15",,,,"21",,,,"498",,,,"Thunder Shock, Wild Charge, Surf",,,"25;26;172","25;26;172"
"25","Pikachu (5th Anniversary)","Pikachu","FALSE",,"178",,,,"1/15/15",,,,"21",,,,"498",,,,"Thunder Shock, Wild Charge, Fly",,,"25;26;172","25;26;172"
"25","Pikachu (Flying)","Pikachu","FALSE",,"179",,,,"1/15/15",,,,"21",,,,"498",,,,"Thunder Shock, Wild Charge, Fly",,,"25;26;172","25;26;172"
"25","Pikachu (Horizons)","Pikachu","FALSE",,"527",,,,"1/15/15",,,,"21",,,,"498",,,,"Thunder Shock, Wild Charge, Volt Tackle",,,"25;26;172","25;26;172"
"25","Pikachu (Kariyushi)","Pikachu","FALSE",,"322",,,,"1/15/15",,,,"21",,,,"498",,,,"Thunder Shock, Wild Charge, Discharge",,,"25;26;172","25;26;172"
"25","Pikachu (Libre)","Pikachu","FALSE",,"45",,,,"1/15/15",,,,"21",,,,"498",,,,"Thunder Shock, Flying Press, Thunder Punch",,,"25;26;172","25;26;172"
"25","Pikachu (Pop Star)","Pikachu","FALSE",,"345",,,,"1/15/15",,,,"21",,,,"498",,,,"Thunder Shock, Thunder Punch, Play Rough",,,"25;26;172","25;26;172"
"25","Pikachu (Rock Star)","Pikachu","FALSE",,"170",,,,"1/15/15",,,,"21",,,,"498",,,,"Thunder Shock, Thunder Punch, Meteor Mash",,,"25;26;172","25;26;172"
"25","Pikachu (Shaymin Scarf)","Pikachu","FALSE",,"180",,,,"1/15/15",,,,"21",,,,"498",,,,"Thunder Shock, Wild Charge, Surf",,,"25;26;172","25;26;172"
"26","Raichu","Pikachu","FALSE",,"380",,,,"0/11/8",,,,"9",,,,"494",,,,"Thunder Shock, Wild Charge, Thunder Punch",,,"25;26;172","26;172"
"26","Raichu (Alolan)","Pikachu","FALSE",,"489",,,,"0/9/13",,,,"8.5",,,,"499",,,,"Thunder Shock, Wild Charge, Thunder Punch",,,"25;26;172","26;172"
"27","Sandshrew","Sandshrew","FALSE",,"396",,,,"0/11/11",,,,"16",,,,"499",,,,"Sand Attack, Rock Slide, Dig",,,"27;28","27;28"
"27","Sandshrew (Shadow)","Sandshrew","TRUE",,"494",,,,"0/11/11",,,,"16",,,,"498",,,,"Sand Attack, Rock Slide, Dig",,,"27;28","27;28"
"28","Sandslash","Sandshrew","FALSE",,"281",,,,"3/14/14",,,,"8",,,,"498",,,,"Sand Attack, Night Slash, Scorching Sands",,,"27;28","28"
"28","Sandslash (Shadow)","Sandshrew","TRUE",,"271",,,,"3/14/14",,,,"8",,,,"498",,,,"Sand Attack, Night Slash, Scorching Sands",,,"27;28","28"
"29","Nidoran Female","Nidoran-f","FALSE",,"85",,,,"0/14/13",,,,"25.5",,,,"496",,,,"Poison Sting, Body Slam, Poison Fang",,,"29;30;31","29;30;31"
"29","Nidoran Female (Shadow)","Nidoran-f","TRUE",,"69",,,,"0/14/13",,,,"25.5",,,,"496",,,,"Poison Sting, Body Slam, Poison Fang",,,"29;30;31","29;30;31"
"30","Nidorina","Nidoran-f","FALSE",,"122",,,,"1/15/14",,,,"15",,,,"499",,,,"Poison Sting, Poison Fang, Sludge Bomb",,,"29;30;31","30;31"
"30","Nidorina (Shadow)","Nidoran-f","TRUE",,"176",,,,"1/15/14",,,,"15",,,,"499",,,,"Poison Sting, Poison Fang, Sludge Bomb",,,"29;30;31","30;31"
"31","Nidoqueen","Nidoran-f","FALSE",,"174",,,,"0/12/4",,,,"8",,,,"500",,,,"Poison Jab, Poison Fang, Earth Power",,,"29;30;31","31"
"32","Nidoran Male","Nidoran-m","FALSE",,"204",,,,"0/14/13",,,,"23.5",,,,"495",,,,"Poison Sting, Body Slam, Sludge Bomb",,,"32;33;34","32;33;34"
"32","Nidoran Male (Shadow)","Nidoran-m","TRUE",,"165",,,,"0/14/13",,,,"23.5",,,,"495",,,,"Poison Sting, Body Slam, Sludge Bomb",,,"32;33;34","32;33;34"
"33","Nidorino","Nidoran-m","FALSE",,"435",,,,"0/14/15",,,,"14",,,,"495",,,,"Poison Sting, Ice Beam, Sludge Bomb",,,"32;33;34","33;34"
"33","Nidorino (Shadow)","Nidoran-m","TRUE",,"504",,,,"0/14/15",,,,"14",,,,"495",,,,"Poison Sting, Ice Beam, Sludge Bomb",,,"32;33;34","33;34"
"34","Nidoking","Nidoran-m","FALSE",,"503",,,,"0/14/14",,,,"7.5",,,,"500",,,,"Poison Jab, Megahorn, Earth Power",,,"32;33;34","34"
"39","Jigglypuff","Jigglypuff","FALSE",,"155",,,,"0/14/15",,,,"29",,,,"499",,,,"Feint Attack, Swift, Disarming Voice",,,"39;40;174","39;40;174"
"40","Wigglytuff","Jigglypuff","FALSE",,"9",,,,"0/15/13",,,,"10",,,,"496",,,,"Charm, Swift, Icy Wind",,,"39;40;174","40;174"
"41","Zubat","Zubat","FALSE",,"112",,,,"0/15/15",,,,"32",,,,"498",,,,"Quick Attack, Swift, Poison Fang",,,"41;42;169","41;42;169"
"41","Zubat (Shadow)","Zubat","TRUE",,"106",,,,"0/15/15",,,,"32",,,,"498",,,,"Quick Attack, Swift, Poison Fang",,,"41;42;169","41;42;169"
"42","Golbat","Zubat","FALSE",,"203",,,,"4/15/14",,,,"9.5",,,,"499",,,,"Wing Attack, Poison Fang, Shadow Ball",,,"41;42;169","42;169"
"42","Golbat (Shadow)","Zubat","TRUE",,"226",,,,"4/15/14",,,,"9.5",,,,"499",,,,"Wing Attack, Poison Fang, Shadow Ball",,,"41;42;169","42;169"
"43","Oddish","Oddish","FALSE",,"650",,,,"0/15/13",,,,"16",,,,"500",,,,"Acid, Sludge Bomb, Seed Bomb",,,"43;44;45","43;44;45"
"43","Oddish (Shadow)","Oddish","TRUE",,"610",,,,"0/15/13",,,,"16",,,,"500",,,,"Acid, Sludge Bomb, Seed Bomb",,,"43;44;45","43;44;45"
"44","Gloom","Oddish","FALSE",,"653",,,,"0/15/13",,,,"11.5",,,,"498",,,,"Acid, Sludge Bomb, Moonblast",,,"43;44;45","44;45"
"44","Gloom (Shadow)","Oddish","TRUE",,"612",,,,"0/15/13",,,,"11.5",,,,"498",,,,"Acid, Sludge Bomb, Moonblast",,,"43;44;45","44;45"
"45","Vileplume","Oddish","FALSE",,"662",,,,"0/14/15",,,,"7.5",,,,"499",,,,"Acid, Sludge Bomb, Moonblast",,,"43;44;45","45"
"46","Paras","Paras","FALSE",,"475",,,,"0/15/13",,,,"19.5",,,,"497",,,,"Bug Bite, X-Scissor, Cross Poison",,,"46;47","46;47"
"47","Parasect","Paras","FALSE",,"326",,,,"0/9/14",,,,"10.5",,,,"500",,,,"Fury Cutter, X-Scissor, Cross Poison",,,"46;47","47"
"48","Venonat","Venonat","FALSE",,"381",,,,"0/15/15",,,,"20",,,,"497",,,,"Confusion, Poison Fang, Signal Beam",,,"48;49","48;49"
"48","Venonat (Shadow)","Venonat","TRUE",,"388",,,,"0/15/15",,,,"20",,,,"497",,,,"Confusion, Poison Fang, Signal Beam",,,"48;49","48;49"
"49","Venomoth","Venonat","FALSE",,"560",,,,"4/15/14",,,,"9",,,,"499",,,,"Infestation, Poison Fang, Silver Wind",,,"48;49","49"
"49","Venomoth (Shadow)","Venonat","TRUE",,"576",,,,"4/15/14",,,,"9",,,,"499",,,,"Infestation, Poison Fang, Silver Wind",,,"48;49","49"
"50","Diglett","Diglett","FALSE",,"359",,,,"1/15/13",,,,"29.5",,,,"499",,,,"Mud Slap, Mud Bomb, Rock Tomb",,,"50;51","50;51"
"50","Diglett (Alolan)","Diglett","FALSE",,"153",,,,"0/15/14",,,,"29",,,,"499",,,,"Mud Slap, Mud Bomb, Rock Tomb",,,"50;51","50;51"
"50","Diglett (Alolan) (Shadow)","Diglett","TRUE",,"89",,,,"0/15/14",,,,"29",,,,"499",,,,"Mud Slap, Mud Bomb, Rock Tomb",,,"50;51","50;51"
"50","Diglett (Shadow)","Diglett","TRUE",,"260",,,,"1/15/13",,,,"29.5",,,,"499",,,,"Mud Slap, Mud Bomb, Rock Tomb",,,"50;51","50;51"
"51","Dugtrio","Diglett","FALSE",,"485",,,,"0/13/12",,,,"12.5",,,,"497",,,,"Sucker Punch, Mud Bomb, Stone Edge",,,"50;51","51"
"51","Dugtrio (Alolan)","Diglett","FALSE",,"195",,,,"0/12/13",,,,"10",,,,"498",,,,"Mud Slap, Mud Bomb, Iron Head",,,"50;51","51"
"51","Dugtrio (Alolan) (Shadow)","Diglett","TRUE",,"109",,,,"0/12/13",,,,"10",,,,"498",,,,"Mud Slap, Mud Bomb, Iron Head",,,"50;51","51"
"51","Dugtrio (Shadow)","Diglett","TRUE",,"437",,,,"0/13/12",,,,"12.5",,,,"497",,,,"Sucker Punch, Mud Bomb, Stone Edge",,,"50;51","51"
"52","Meowth","Meowth","FALSE",,"214",,,,"1/15/14",,,,"27",,,,"500",,,,"Scratch, Body Slam, Night Slash",,,"52;53;863","52;53;863"
"52","Meowth (Alolan)","Meowth","FALSE",,"146",,,,"1/15/15",,,,"25",,,,"497",,,,"Bite, Night Slash, Trailblaze",,,"52;53;863","52;53;863"
"52","Meowth (Shadow)","Meowth","TRUE",,"82",,,,"1/15/14",,,,"27",,,,"500",,,,"Scratch, Body Slam, Night Slash",,,"52;53;863","52;53;863"
"53","Persian","Meowth","FALSE",,"632",,,,"0/15/12",,,,"11.5",,,,"494",,,,"Feint Attack, Night Slash, Power Gem",,,"52;53;863","53"
"53","Persian (Alolan)","Meowth","FALSE",,"624",,,,"0/15/9",,,,"11",,,,"494",,,,"Feint Attack, Foul Play, Trailblaze",,,"52;53;863","53"
"53","Persian (Shadow)","Meowth","TRUE",,"625",,,,"0/15/12",,,,"11.5",,,,"494",,,,"Feint Attack, Night Slash, Power Gem",,,"52;53;863","53"
"69","Bellsprout","Bellsprout","FALSE",,"695",,,,"0/15/11",,,,"19",,,,"500",,,,"Vine Whip, Sludge Bomb, Power Whip",,,"69;70;71","69;70;71"
"69","Bellsprout (Shadow)","Bellsprout","TRUE",,"699",,,,"0/15/11",,,,"19",,,,"498",,,,"Vine Whip, Sludge Bomb, Power Whip",,,"69;70;71","69;70;71"
"70","Weepinbell","Bellsprout","FALSE",,"696",,,,"0/13/13",,,,"12",,,,"499",,,,"Bullet Seed, Sludge Bomb, Power Whip",,,"69;70;71","70;71"
"70","Weepinbell (Shadow)","Bellsprout","TRUE",,"714",,,,"0/13/13",,,,"12",,,,"499",,,,"Bullet Seed, Sludge Bomb, Power Whip",,,"69;70;71","70;71"
"71","Victreebel","Bellsprout","FALSE",,"429",,,,"0/14/8",,,,"8",,,,"498",,,,"Magical Leaf, Leaf Blade, Sludge Bomb",,,"69;70;71","71"
"72","Tentacool","Tentacool","FALSE",,"73",,,,"0/15/14",,,,"19.5",,,,"498",,,,"Poison Sting, Water Pulse, Wrap",,,"72;73","72;73"
"72","Tentacool (Shadow)","Tentacool","TRUE",,"108",,,,"0/15/14",,,,"19.5",,,,"497",,,,"Poison Sting, Water Pulse, Wrap",,,"72;73","72;73"
"73","Tentacruel","Tentacool","FALSE",,"382",,,,"1/14/13",,,,"8",,,,"498",,,,"Poison Jab, Scald, Sludge Wave",,,"72;73","73"
"73","Tentacruel (Shadow)","Tentacool","TRUE",,"336",,,,"1/14/13",,,,"8",,,,"498",,,,"Poison Jab, Scald, Sludge Wave",,,"72;73","73"
"74","Geodude","Geodude","FALSE",,"95",,,,"1/15/14",,,,"15",,,,"500",,,,"Rock Throw, Rock Slide, Dig",,,"74;75;76","74;75;76"
"74","Geodude (Alolan)","Geodude","FALSE",,"567",,,,"1/15/14",,,,"15",,,,"500",,,,"Volt Switch, Rock Slide, Thunderbolt",,,"74;75;76","74;75;76"
"74","Geodude (Alolan) (Shadow)","Geodude","TRUE",,"609",,,,"1/15/14",,,,"15",,,,"500",,,,"Volt Switch, Rock Slide, Thunderbolt",,,"74;75;76","74;75;76"
"74","Geodude (Shadow)","Geodude","TRUE",,"23",,,,"1/15/14",,,,"15",,,,"500",,,,"Rock Throw, Rock Slide, Dig",,,"74;75;76","74;75;76"
"75","Graveler","Geodude","FALSE",,"263",,,,"1/15/15",,,,"10",,,,"497",,,,"Mud Slap, Stone Edge, Rock Slide",,,"74;75;76","75;76"
"75","Graveler (Alolan)","Geodude","FALSE",,"378",,,,"1/15/15",,,,"10",,,,"497",,,,"Volt Switch, Stone Edge, Rock Blast",,,"74;75;76","75;76"
"75","Graveler (Alolan) (Shadow)","Geodude","TRUE",,"443",,,,"1/15/15",,,,"10",,,,"500",,,,"Volt Switch, Stone Edge, Rock Blast",,,"74;75;76","75;76"
"75","Graveler (Shadow)","Geodude","TRUE",,"209",,,,"1/15/15",,,,"10",,,,"500",,,,"Mud Slap, Stone Edge, Rock Slide",,,"74;75;76","75;76"
"76","Golem","Geodude","FALSE",,"221",,,,"3/15/13",,,,"6.5",,,,"498",,,,"Mud Slap, Stone Edge, Rock Blast",,,"74;75;76","76"
"76","Golem (Alolan)","Geodude","FALSE",,"406",,,,"3/15/13",,,,"6.5",,,,"498",,,,"Rollout, Wild Charge, Stone Edge",,,"74;75;76","76"
"80","Slowbro (Galarian)","Slowpoke","FALSE",,"218",,,,"0/14/8",,,,"8",,,,"496",,,,"Poison Jab, Brutal Swing, Sludge Bomb",,,"79;80","80"
"81","Magnemite","Magnemite","FALSE",,"533",,,,"1/15/14",,,,"14",,,,"500",,,,"Volt Switch, Magnet Bomb, Discharge",,,"81;82;462","81;82;462"
"81","Magnemite (Shadow)","Magnemite","TRUE",,"537",,,,"1/15/14",,,,"14",,,,"500",,,,"Volt Switch, Magnet Bomb, Discharge",,,"81;82;462","81;82;462"
"82","Magneton","Magnemite","FALSE",,"516",,,,"5/15/15",,,,"7.5",,,,"499",,,,"Volt Switch, Magnet Bomb, Discharge",,,"81;82;462","82;462"
"83","Farfetch'd","Farfetchd","FALSE",,"48",,,,"0/15/13",,,,"16",,,,"500",,,,"Fury Cutter, Leaf Blade, Aerial Ace",,,"83;865","83;865"
"84","Doduo","Doduo","FALSE",,"393",,,,"1/15/13",,,,"16",,,,"499",,,,"Quick Attack, Brave Bird, Drill Peck",,,"84;85","84;85"
"85","Dodrio","Doduo","FALSE",,"641",,,,"2/15/13",,,,"8",,,,"498",,,,"Steel Wing, Brave Bird, Drill Peck",,,"84;85","85"
"88","Grimer","Grimer","FALSE",,"245",,,,"1/15/15",,,,"14",,,,"499",,,,"Poison Jab, Mud Bomb, Sludge Bomb",,,"88;89","88;89"
"88","Grimer (Alolan)","Grimer","FALSE",,"273",,,,"1/15/15",,,,"14",,,,"500",,,,"Poison Jab, Crunch, Sludge Bomb",,,"88;89","88;89"
"88","Grimer (Alolan) (Shadow)","Grimer","TRUE",,"293",,,,"1/15/15",,,,"14",,,,"500",,,,"Poison Jab, Crunch, Sludge Bomb",,,"88;89","88;89"
"88","Grimer (Shadow)","Grimer","TRUE",,"240",,,,"1/15/15",,,,"14",,,,"500",,,,"Poison Jab, Mud Bomb, Sludge Bomb",,,"88;89","88;89"
"89","Muk","Grimer","FALSE",,"188",,,,"1/15/14",,,,"7",,,,"498",,,,"Poison Jab, Thunder Punch, Dark Pulse",,,"88;89","89"
"89","Muk (Alolan)","Grimer","FALSE",,"432",,,,"1/15/14",,,,"7",,,,"498",,,,"Poison Jab, Dark Pulse, Sludge Wave",,,"88;89","89"
"92","Gastly","Gastly","FALSE",,"535",,,,"0/14/14",,,,"15.5",,,,"499",,,,"Sucker Punch, Night Shade, Sludge Bomb",,,"92;93;94","92;93;94"
"92","Gastly (Shadow)","Gastly","TRUE",,"407",,,,"0/14/14",,,,"15.5",,,,"499",,,,"Sucker Punch, Night Shade, Sludge Bomb",,,"92;93;94","92;93;94"
"93","Haunter","Gastly","FALSE",,"256",,,,"2/15/14",,,,"9.5",,,,"498",,,,"Shadow Claw, Ice Punch, Shadow Punch",,,"92;93;94","93;94"
"93","Haunter (Shadow)","Gastly","TRUE",,"285",,,,"2/15/14",,,,"9.5",,,,"498",,,,"Shadow Claw, Ice Punch, Shadow Punch",,,"92;93;94","93;94"
"94","Gengar","Gastly","FALSE",,"292",,,,"5/15/15",,,,"6.5",,,,"499",,,,"Shadow Claw, Shadow Punch, Sludge Bomb",,,"92;93;94","94"
"95","Onix","Onix","FALSE",,"13",,,,"0/15/11",,,,"19",,,,"499",,,,"Rock Throw, Breaking Swipe, Stone Edge",,,"95;208","95;208"
"95","Onix (Shadow)","Onix","TRUE",,"11",,,,"0/15/11",,,,"19",,,,"499",,,,"Rock Throw, Breaking Swipe, Stone Edge",,,"95;208","95;208"
"100","Voltorb","Voltorb","FALSE",,"623",,,,"0/12/14",,,,"20",,,,"498",,,,"Spark, Discharge, Signal Beam",,,"100;101","100;101"
"100","Voltorb (Hisuian)","Voltorb","FALSE",,"568",,,,"0/12/14",,,,"20",,,,"498",,,,"Tackle, Swift, Thunderbolt",,,"100;101","100;101"
"100","Voltorb (Shadow)","Voltorb","TRUE",,"657",,,,"0/12/14",,,,"20",,,,"498",,,,"Spark, Discharge, Signal Beam",,,"100;101","100;101"
"101","Electrode","Voltorb","FALSE",,"573",,,,"4/14/13",,,,"9",,,,"499",,,,"Volt Switch, Foul Play, Discharge",,,"100;101","101"
"101","Electrode (Hisuian)","Voltorb","FALSE",,"229",,,,"0/13/13",,,,"9",,,,"499",,,,"Thunder Shock, Wild Charge, Swift",,,"100;101","101"
"101","Electrode (Shadow)","Voltorb","TRUE",,"620",,,,"4/14/13",,,,"9",,,,"499",,,,"Volt Switch, Foul Play, Discharge",,,"100;101","101"
"102","Exeggcute","Exeggcute","FALSE",,"457",,,,"0/15/14",,,,"17",,,,"500",,,,"Confusion, Ancient Power, Seed Bomb",,,"102;103","102;103"
"102","Exeggcute (Shadow)","Exeggcute","TRUE",,"403",,,,"0/15/14",,,,"17",,,,"500",,,,"Confusion, Ancient Power, Seed Bomb",,,"102;103","102;103"
"103","Exeggutor","Exeggcute","FALSE",,"563",,,,"0/14/8",,,,"6.5",,,,"499",,,,"Confusion, Psychic, Seed Bomb",,,"102;103","103"
"103","Exeggutor (Alolan)","Exeggcute","FALSE",,"334",,,,"0/12/11",,,,"6.5",,,,"500",,,,"Dragon Tail, Seed Bomb, Dragon Pulse",,,"102;103","103"
"104","Cubone","Cubone","FALSE",,"7",,,,"0/15/14",,,,"20",,,,"500",,,,"Mud Slap, Bone Club, Dig",,,"104;105","104;105"
"104","Cubone (Shadow)","Cubone","TRUE",,"16",,,,"0/15/14",,,,"20",,,,"500",,,,"Mud Slap, Bone Club, Dig",,,"104;105","104;105"
"105","Marowak","Cubone","FALSE",,"47",,,,"1/15/14",,,,"10.5",,,,"500",,,,"Mud Slap, Bone Club, Rock Slide",,,"104;105","105"
"105","Marowak (Shadow)","Cubone","TRUE",,"43",,,,"1/15/14",,,,"10.5",,,,"500",,,,"Mud Slap, Bone Club, Rock Slide",,,"104;105","105"
"108","Lickitung","Lickitung","FALSE",,"158",,,,"1/15/14",,,,"14",,,,"500",,,,"Lick, Body Slam, Power Whip",,,"108;463","108;463"
"109","Koffing","Koffing","FALSE",,"545",,,,"0/15/11",,,,"16.5",,,,"497",,,,"Infestation, Sludge Bomb, Sludge",,,"109;110","109;110"
"109","Koffing (Shadow)","Koffing","TRUE",,"574",,,,"0/15/11",,,,"16.5",,,,"493",,,,"Infestation, Sludge Bomb, Sludge",,,"109;110","109;110"
"110","Weezing","Koffing","FALSE",,"702",,,,"0/15/10",,,,"8.5",,,,"498",,,,"Infestation, Sludge Bomb, Dark Pulse",,,"109;110","110"
"110","Weezing (Galarian)","Koffing","FALSE",,"77",,,,"0/15/10",,,,"8.5",,,,"500",,,,"Fairy Wind, Brutal Swing, Sludge",,,"109;110","110"
"110","Weezing (Galarian) (Shadow)","Koffing","TRUE",,"41",,,,"0/15/10",,,,"8.5",,,,"500",,,,"Fairy Wind, Brutal Swing, Sludge",,,"109;110","110"
"110","Weezing (Shadow)","Koffing","TRUE",,"720",,,,"0/15/10",,,,"8.5",,,,"500",,,,"Infestation, Sludge Bomb, Dark Pulse",,,"109;110","110"
"111","Rhyhorn","Rhyhorn","FALSE",,"171",,,,"0/13/9",,,,"12",,,,"498",,,,"Mud Slap, Stomp, Horn Attack",,,"111;112;464","111;112;464"
"111","Rhyhorn (Shadow)","Rhyhorn","TRUE",,"100",,,,"0/13/9",,,,"12",,,,"498",,,,"Mud Slap, Stomp, Horn Attack",,,"111;112;464","111;112;464"
"112","Rhydon","Rhyhorn","FALSE",,"196",,,,"4/15/14",,,,"6",,,,"498",,,,"Mud Slap, Stone Edge, Breaking Swipe",,,"111;112;464","112;464"
"113","Chansey","Chansey","FALSE",,"199",,,,"0/14/15",,,,"17.5",,,,"498",,,,"Zen Headbutt, Hyper Beam, Psychic",,,"113;242;440","113;242;440"
"114","Tangela","Tangela","FALSE",,"683",,,,"2/15/13",,,,"8.5",,,,"497",,,,"Vine Whip, Grass Knot, Sludge Bomb",,,"114;465","114;465"
"114","Tangela (Shadow)","Tangela","TRUE",,"693",,,,"2/15/13",,,,"8.5",,,,"497",,,,"Vine Whip, Grass Knot, Sludge Bomb",,,"114;465","114;465"
"115","Kangaskhan","Kangaskhan","FALSE",,"308",,,,"0/15/13",,,,"7.5",,,,"500",,,,"Mud Slap, Stomp, Crunch",,,"115","115"
"123","Scyther","Scyther","FALSE",,"352",,,,"2/15/15",,,,"7",,,,"500",,,,"Fury Cutter, Aerial Ace, X-Scissor",,,"123;212","123;212"
"125","Electabuzz","Electabuzz","FALSE",,"427",,,,"5/15/13",,,,"8",,,,"500",,,,"Thunder Shock, Thunder Punch, Thunderbolt",,,"125;239;466","125;239;466"
"125","Electabuzz (Shadow)","Electabuzz","TRUE",,"486",,,,"5/15/13",,,,"8",,,,"500",,,,"Thunder Shock, Thunder Punch, Thunderbolt",,,"125;239;466","125;239;466"
"127","Pinsir","Pinsir","FALSE",,"476",,,,"1/15/13",,,,"6.5",,,,"499",,,,"Fury Cutter, X-Scissor, Close Combat",,,"127","127"
"128","Tauros","Tauros","FALSE",,"449",,,,"0/6/15",,,,"7.5",,,,"498",,,,"Tackle, Horn Attack, Trailblaze",,,"128","128"
"130","Gyarados","Magikarp","FALSE",,"230",,,,"12/15/13",,,,"5.5",,,,"500",,,,"Dragon Breath, Aqua Tail, Crunch",,,"129;130","130"
"133","Eevee","Eevee","FALSE",,"118",,,,"0/12/14",,,,"19",,,,"499",,,,"Quick Attack, Swift, Body Slam",,,"133;134;135;136;196;197;470;471;700","133;134;135;136;196;197;470;471;700"
"135","Jolteon","Eevee","FALSE",,"690",,,,"7/15/13",,,,"6.5",,,,"500",,,,"Volt Switch, Discharge, Last Resort",,,"133;135","135"
"137","Porygon","Porygon","FALSE",,"556",,,,"3/15/14",,,,"11",,,,"499",,,,"Quick Attack, Discharge, Signal Beam",,,"137;233;474","137;233;474"
"137","Porygon (Shadow)","Porygon","TRUE",,"540",,,,"3/15/14",,,,"11",,,,"499",,,,"Tackle, Discharge, Signal Beam",,,"137;233;474","137;233;474"
"142","Aerodactyl","Aerodactyl","FALSE",,"63",,,,"0/15/8",,,,"7",,,,"500",,,,"Rock Throw, Rock Slide, Earth Power",,,"142","142"
"143","Snorlax","Snorlax","FALSE",,"318",,,,"3/15/13",,,,"6",,,,"500",,,,"Lick, Body Slam, Superpower",,,"143;446","143;446"
"149","Dragonite","Dratini","FALSE",,"70",,,,"9/15/15",,,,"5",,,,"500",,,,"Dragon Breath, Dragon Claw, Superpower",,,"147;148;149","149"
"152","Chikorita","Chikorita","FALSE",,"216",,,,"0/14/13",,,,"22",,,,"499",,,,"Vine Whip, Body Slam, Grass Knot",,,"152;153;154","152;153;154"
"152","Chikorita (Shadow)","Chikorita","TRUE",,"235",,,,"0/14/13",,,,"22",,,,"499",,,,"Vine Whip, Body Slam, Grass Knot",,,"152;153;154","152;153;154"
"153","Bayleef","Chikorita","FALSE",,"584",,,,"0/15/15",,,,"13.5",,,,"496",,,,"Magical Leaf, Ancient Power, Grass Knot",,,"152;153;154","153;154"
"153","Bayleef (Shadow)","Chikorita","TRUE",,"599",,,,"0/15/15",,,,"13.5",,,,"496",,,,"Magical Leaf, Ancient Power, Grass Knot",,,"152;153;154","153;154"
"154","Meganium","Chikorita","FALSE",,"488",,,,"1/15/13",,,,"8",,,,"499",,,,"Vine Whip, Frenzy Plant, Earthquake",,,"152;153;154","154"
"154","Meganium (Shadow)","Chikorita","TRUE",,"555",,,,"1/15/13",,,,"8",,,,"499",,,,"Vine Whip, Frenzy Plant, Earthquake",,,"152;153;154","154"
"161","Sentret","Sentret","FALSE",,"227",,,,"0/15/14",,,,"37.5",,,,"500",,,,"Quick Attack, Brick Break, Grass Knot",,,"161;162","161;162"
"162","Furret","Sentret","FALSE",,"394",,,,"0/14/15",,,,"11",,,,"496",,,,"Sucker Punch, Brick Break, Hyper Beam",,,"161;162","162"
"163","Hoothoot","Hoothoot","FALSE",,"81",,,,"0/15/14",,,,"33.5",,,,"499",,,,"Peck, Aerial Ace, Night Shade",,,"163;164","163;164"
"164","Noctowl","Hoothoot","FALSE",,"236",,,,"2/14/14",,,,"9.5",,,,"499",,,,"Wing Attack, Sky Attack, Night Shade",,,"163;164","164"
"165","Ledyba","Ledyba","FALSE",,"54",,,,"0/15/15",,,,"29",,,,"499",,,,"Bug Bite, Aerial Ace, Swift",,,"165;166","165;166"
"165","Ledyba (Shadow)","Ledyba","TRUE",,"39",,,,"0/15/15",,,,"29",,,,"497",,,,"Bug Bite, Aerial Ace, Swift",,,"165;166","165;166"
"166","Ledian","Ledyba","FALSE",,"183",,,,"0/11/15",,,,"15",,,,"499",,,,"Counter, Aerial Ace, Dynamic Punch",,,"165;166","166"
"166","Ledian (Shadow)","Ledyba","TRUE",,"160",,,,"0/11/15",,,,"15",,,,"499",,,,"Counter, Aerial Ace, Dynamic Punch",,,"165;166","166"
"167","Spinarak","Spinarak","FALSE",,"140",,,,"0/15/15",,,,"24.5",,,,"496",,,,"Poison Sting, Cross Poison, Night Slash",,,"167;168","167;168"
"168","Ariados","Spinarak","FALSE",,"141",,,,"0/13/11",,,,"11",,,,"500",,,,"Poison Sting, Cross Poison, Lunge",,,"167;168","168"
"169","Crobat","Zubat","FALSE",,"259",,,,"0/6/12",,,,"7.5",,,,"500",,,,"Air Slash, Cross Poison, Shadow Ball",,,"41;42;169","169"
"170","Chinchou","Chinchou","FALSE",,"481",,,,"0/13/15",,,,"18",,,,"500",,,,"Bubble, Thunderbolt, Water Pulse",,,"170;171","170;171"
"171","Lanturn","Chinchou","FALSE",,"228",,,,"0/10/12",,,,"9.5",,,,"499",,,,"Water Gun, Surf, Thunderbolt",,,"170;171","171"
"172","Pichu","Pikachu","FALSE",,"327",,,,"9/15/15",,,,"50",,,,"492",,,,"Thunder Shock, Thunder Punch, Disarming Voice",,,"25;26;172","172"
"174","Igglybuff","Jigglypuff","FALSE",,"190",,,,"1/15/15",,,,"49",,,,"500",,,,"Feint Attack, Swift, Wild Charge",,,"39;40;174","174"
"176","Togetic","Togepi","FALSE",,"99",,,,"0/15/11",,,,"11.5",,,,"499",,,,"Fairy Wind, Aerial Ace, Ancient Power",,,"175;176;468","176;468"
"177","Natu","Natu","FALSE",,"410",,,,"1/15/15",,,,"17.5",,,,"500",,,,"Quick Attack, Drill Peck, Psyshock",,,"177;178","177;178"
"177","Natu (Shadow)","Natu","TRUE",,"462",,,,"1/15/15",,,,"17.5",,,,"500",,,,"Quick Attack, Drill Peck, Psyshock",,,"177;178","177;178"
"178","Xatu","Natu","FALSE",,"588",,,,"0/13/5",,,,"9",,,,"500",,,,"Air Slash, Aerial Ace, Future Sight",,,"177;178","178"
"178","Xatu (Shadow)","Natu","TRUE",,"508",,,,"0/13/5",,,,"9",,,,"500",,,,"Air Slash, Aerial Ace, Future Sight",,,"177;178","178"
"179","Mareep","Mareep","FALSE",,"136",,,,"0/15/15",,,,"20",,,,"499",,,,"Thunder Shock, Body Slam, Trailblaze",,,"179;180;181","179;180;181"
"179","Mareep (Shadow)","Mareep","TRUE",,"135",,,,"0/15/15",,,,"20",,,,"499",,,,"Thunder Shock, Body Slam, Trailblaze",,,"179;180;181","179;180;181"
"180","Flaaffy","Mareep","FALSE",,"645",,,,"0/12/11",,,,"13",,,,"496",,,,"Tackle, Power Gem, Trailblaze",,,"179;180;181","180;181"
"180","Flaaffy (Shadow)","Mareep","TRUE",,"636",,,,"0/12/11",,,,"13",,,,"496",,,,"Tackle, Power Gem, Trailblaze",,,"179;180;181","180;181"
"181","Ampharos","Mareep","FALSE",,"480",,,,"0/7/8",,,,"7",,,,"499",,,,"Volt Switch, Brutal Swing, Thunder Punch",,,"179;180;181","181"
"182","Bellossom","Bellossom","FALSE",,"450",,,,"0/14/13",,,,"8.5",,,,"498",,,,"Bullet Seed, Leaf Blade, Dazzling Gleam",,,"43;44;182","182"
"182","Bellossom (Shadow)","Bellossom","TRUE",,"447",,,,"0/14/13",,,,"8.5",,,,"498",,,,"Bullet Seed, Leaf Blade, Dazzling Gleam",,,"43;44;182","182"
"187","Hoppip","Hoppip","FALSE",,"451",,,,"0/15/15",,,,"41",,,,"498",,,,"Bullet Seed, Grass Knot, Seed Bomb",,,"187;188;189","187;188;189"
"187","Hoppip (Shadow)","Hoppip","TRUE",,"515",,,,"0/15/15",,,,"41",,,,"498",,,,"Bullet Seed, Grass Knot, Seed Bomb",,,"187;188;189","187;188;189"
"188","Skiploom","Hoppip","FALSE",,"523",,,,"0/14/15",,,,"21",,,,"496",,,,"Bullet Seed, Grass Knot, Dazzling Gleam",,,"187;188;189","188;189"
"188","Skiploom (Shadow)","Hoppip","TRUE",,"598",,,,"0/14/15",,,,"21",,,,"496",,,,"Bullet Seed, Grass Knot, Dazzling Gleam",,,"187;188;189","188;189"
"189","Jumpluff","Hoppip","FALSE",,"21",,,,"1/15/14",,,,"12",,,,"496",,,,"Fairy Wind, Aerial Ace, Acrobatics",,,"187;188;189","189"
"189","Jumpluff (Shadow)","Hoppip","TRUE",,"51",,,,"1/15/14",,,,"12",,,,"496",,,,"Fairy Wind, Aerial Ace, Acrobatics",,,"187;188;189","189"
"190","Aipom","Aipom","FALSE",,"362",,,,"0/14/14",,,,"14.5",,,,"497",,,,"Astonish, Swift, Aerial Ace",,,"190;424","190;424"
"190","Aipom (Shadow)","Aipom","TRUE",,"374",,,,"0/14/14",,,,"14.5",,,,"497",,,,"Astonish, Swift, Aerial Ace",,,"190;424","190;424"
"191","Sunkern","Sunkern","FALSE",,"478",,,,"15/15/15",,,,"50",,,,"447",,,,"Razor Leaf, Grass Knot, Seed Bomb",,,"191;192","191;192"
"192","Sunflora","Sunkern","FALSE",,"717",,,,"0/14/12",,,,"9",,,,"500",,,,"Bullet Seed, Sludge Bomb, Leaf Storm",,,"191;192","192"
"193","Yanma","Yanma","FALSE",,"463",,,,"1/15/14",,,,"13",,,,"497",,,,"Wing Attack, Aerial Ace, Silver Wind",,,"193;469","193;469"
"194","Wooper","Wooper","FALSE",,"129",,,,"0/15/15",,,,"35.5",,,,"500",,,,"Mud Shot, Mud Bomb, Body Slam",,,"194;195","194;195"
"194","Wooper (Paldean)","Wooper","FALSE",,"24",,,,"0/15/15",,,,"35.5",,,,"500",,,,"Poison Jab, Body Slam, Dig",,,"194;195","194;195"
"194","Wooper (Shadow)","Wooper","TRUE",,"138",,,,"0/15/15",,,,"35.5",,,,"500",,,,"Mud Shot, Mud Bomb, Body Slam",,,"194;195","194;195"
"195","Quagsire","Wooper","FALSE",,"137",,,,"0/5/14",,,,"10",,,,"498",,,,"Mud Shot, Aqua Tail, Mud Bomb",,,"194;195","195"
"195","Quagsire (Shadow)","Wooper","TRUE",,"114",,,,"0/5/14",,,,"10",,,,"498",,,,"Mud Shot, Aqua Tail, Mud Bomb",,,"194;195","195"
"197","Umbreon","Eevee","FALSE",,"161",,,,"0/12/3",,,,"9.5",,,,"498",,,,"Snarl, Foul Play, Last Resort",,,"133;197","197"
"198","Murkrow","Murkrow","FALSE",,"611",,,,"3/15/14",,,,"12",,,,"500",,,,"Feint Attack, Drill Peck, Foul Play",,,"198;430","198;430"
"198","Murkrow (Shadow)","Murkrow","TRUE",,"530",,,,"3/15/14",,,,"12",,,,"500",,,,"Feint Attack, Drill Peck, Foul Play",,,"198;430","198;430"
"199","Slowking (Galarian)","Slowpoke","FALSE",,"420",,,,"4/14/14",,,,"7",,,,"499",,,,"Confusion, Surf, Sludge Wave",,,"79;199","199"
"203","Girafarig","Girafarig","FALSE",,"395",,,,"0/14/8",,,,"9.5",,,,"500",,,,"Confusion, Psychic Fangs, Trailblaze",,,"203;981","203;981"
"203","Girafarig (Shadow)","Girafarig","TRUE",,"305",,,,"0/14/8",,,,"9.5",,,,"500",,,,"Confusion, Psychic Fangs, Trailblaze",,,"203;981","203;981"
"204","Pineco","Pineco","FALSE",,"505",,,,"0/15/15",,,,"18",,,,"500",,,,"Bug Bite, Rock Tomb, Gyro Ball",,,"204;205","204;205"
"204","Pineco (Shadow)","Pineco","TRUE",,"459",,,,"0/15/15",,,,"18",,,,"497",,,,"Bug Bite, Rock Tomb, Gyro Ball",,,"204;205","204;205"
"205","Forretress","Pineco","FALSE",,"159",,,,"0/15/13",,,,"8.5",,,,"500",,,,"Volt Switch, Mirror Shot, Heavy Slam",,,"204;205","205"
"205","Forretress (Shadow)","Pineco","TRUE",,"239",,,,"0/15/13",,,,"8.5",,,,"500",,,,"Volt Switch, Mirror Shot, Heavy Slam",,,"204;205","205"
"206","Dunsparce","Dunsparce","FALSE",,"80",,,,"1/15/14",,,,"11.5",,,,"499",,,,"Rollout, Drill Run, Rock Slide",,,"206;982","206;982"
"208","Steelix","Onix","FALSE",,"4",,,,"2/15/14",,,,"8",,,,"497",,,,"Dragon Tail, Breaking Swipe, Psychic Fangs",,,"95;208","208"
"208","Steelix (Shadow)","Onix","TRUE",,"1",,,,"2/15/14",,,,"8",,,,"497",,,,"Dragon Tail, Breaking Swipe, Psychic Fangs",,,"95;208","208"
"211","Qwilfish","Qwilfish","FALSE",,"36",,,,"6/15/15",,,,"9",,,,"499",,,,"Poison Sting, Aqua Tail, Ice Beam",,,"211;904","211;904"
"211","Qwilfish (Hisuian)","Qwilfish","FALSE",,"152",,,,"0/12/15",,,,"9",,,,"498",,,,"Poison Sting, Aqua Tail, Sludge Bomb",,,"211;904","211;904"
"212","Scizor","Scyther","FALSE",,"105",,,,"0/11/13",,,,"6.5",,,,"499",,,,"Fury Cutter, X-Scissor, Night Slash",,,"123;212","212"
"214","Heracross","Heracross","FALSE",,"267",,,,"0/2/10",,,,"6.5",,,,"499",,,,"Counter, Close Combat, Megahorn",,,"214","214"
"215","Sneasel","Sneasel","FALSE",,"389",,,,"0/11/10",,,,"9.5",,,,"500",,,,"Ice Shard, Avalanche, Ice Punch",,,"215;461","215;461"
"215","Sneasel (Hisuian)","Sneasel","FALSE",,"408",,,,"0/11/10",,,,"9.5",,,,"500",,,,"Poison Jab, Close Combat, Aerial Ace",,,"215;461","215;461"
"215","Sneasel (Hisuian) (Shadow)","Sneasel","TRUE",,"390",,,,"0/11/10",,,,"9.5",,,,"500",,,,"Poison Jab, Close Combat, Aerial Ace",,,"215;461","215;461"
"215","Sneasel (Shadow)","Sneasel","TRUE",,"335",,,,"0/11/10",,,,"9.5",,,,"500",,,,"Ice Shard, Avalanche, Ice Punch",,,"215;461","215;461"
"216","Teddiursa","Teddiursa","FALSE",,"544",,,,"0/15/15",,,,"14.5",,,,"500",,,,"Lick, Swift, Cross Chop",,,"216;217;901","216;217;901"
"216","Teddiursa (Shadow)","Teddiursa","TRUE",,"551",,,,"0/15/15",,,,"14.5",,,,"500",,,,"Lick, Swift, Cross Chop",,,"216;217;901","216;217;901"
"217","Ursaring","Teddiursa","FALSE",,"175",,,,"1/15/14",,,,"6.5",,,,"500",,,,"Shadow Claw, Swift, Close Combat",,,"216;217;901","217;901"
"220","Swinub","Swinub","FALSE",,"12",,,,"0/15/15",,,,"27.5",,,,"499",,,,"Powder Snow, Icy Wind, Body Slam",,,"220;221;473","220;221;473"
"220","Swinub (Shadow)","Swinub","TRUE",,"30",,,,"0/15/15",,,,"27.5",,,,"499",,,,"Powder Snow, Icy Wind, Body Slam",,,"220;221;473","220;221;473"
"221","Piloswine","Swinub","FALSE",,"205",,,,"4/15/15",,,,"8",,,,"500",,,,"Powder Snow, Avalanche, Stone Edge",,,"220;221;473","221;473"
"221","Piloswine (Shadow)","Swinub","TRUE",,"323",,,,"4/15/15",,,,"8",,,,"500",,,,"Powder Snow, Avalanche, Stone Edge",,,"220;221;473","221;473"
"225","Delibird","Delibird","FALSE",,"208",,,,"0/13/15",,,,"18",,,,"496",,,,"Quick Attack, Ice Punch, Fly",,,"225","225"
"225","Delibird (Shadow)","Delibird","TRUE",,"703",,,,"0/13/15",,,,"18",,,,"496",,,,"Present, Ice Punch, Fly",,,"225","225"
"226","Mantine","Mantine","FALSE",,"134",,,,"3/15/15",,,,"9",,,,"499",,,,"Wing Attack, Aerial Ace, Ice Beam",,,"226;458","226;458"
"227","Skarmory","Skarmory","FALSE",,"88",,,,"3/15/15",,,,"9",,,,"499",,,,"Steel Wing, Brave Bird, Flash Cannon",,,"227","227"
"227","Skarmory (Shadow)","Skarmory","TRUE",,"46",,,,"3/15/15",,,,"9",,,,"499",,,,"Steel Wing, Brave Bird, Flash Cannon",,,"227","227"
"228","Houndour","Houndour","FALSE",,"210",,,,"0/15/15",,,,"15.5",,,,"499",,,,"Ember, Crunch, Flamethrower",,,"228;229","228;229"
"228","Houndour (Shadow)","Houndour","TRUE",,"96",,,,"0/15/15",,,,"15.5",,,,"499",,,,"Ember, Crunch, Flamethrower",,,"228;229","228;229"
"229","Houndoom","Houndour","FALSE",,"50",,,,"0/10/7",,,,"7.5",,,,"496",,,,"Fire Fang, Crunch, Flamethrower",,,"228;229","229"
"231","Phanpy","Phanpy","FALSE",,"315",,,,"0/15/15",,,,"16.5",,,,"500",,,,"Tackle, Body Slam, Rock Slide",,,"231;232","231;232"
"231","Phanpy (Shadow)","Phanpy","TRUE",,"358",,,,"0/15/15",,,,"16.5",,,,"500",,,,"Tackle, Body Slam, Rock Slide",,,"231;232","231;232"
"232","Donphan","Phanpy","FALSE",,"163",,,,"0/13/11",,,,"6.5",,,,"499",,,,"Mud Slap, Body Slam, Trailblaze",,,"231;232","232"
"233","Porygon2","Porygon","FALSE",,"674",,,,"4/15/14",,,,"7",,,,"498",,,,"Lock On, Tri Attack, Hyper Beam",,,"137;233;474","233;474"
"234","Stantler","Stantler","FALSE",,"607",,,,"0/11/11",,,,"9",,,,"498",,,,"Tackle, Wild Charge, Stomp",,,"234;899","234;899"
"234","Stantler (Shadow)","Stantler","TRUE",,"531",,,,"0/11/11",,,,"9",,,,"499",,,,"Tackle, Wild Charge, Stomp",,,"234;899","234;899"
"239","Elekid","Electabuzz","FALSE",,"303",,,,"1/15/15",,,,"16",,,,"498",,,,"Thunder Shock, Thunder Punch, Brick Break",,,"125;239;466","239"
"241","Miltank","Miltank","FALSE",,"6",,,,"0/10/6",,,,"8.5",,,,"498",,,,"Rollout, Body Slam, Ice Beam",,,"241","241"
"242","Blissey","Chansey","FALSE",,"613",,,,"0/4/9",,,,"7.5",,,,"500",,,,"Zen Headbutt, Wild Charge, Psychic",,,"113;242;440","242;440"
"246","Larvitar","Larvitar","FALSE",,"416",,,,"0/15/15",,,,"19",,,,"500",,,,"Bite, Ancient Power, Crunch",,,"246;247;248","246;247;248"
"246","Larvitar (Shadow)","Larvitar","TRUE",,"264",,,,"0/15/15",,,,"19",,,,"500",,,,"Bite, Ancient Power, Crunch",,,"246;247;248","246;247;248"
"247","Pupitar","Larvitar","FALSE",,"419",,,,"0/15/11",,,,"11",,,,"500",,,,"Bite, Ancient Power, Crunch",,,"246;247;248","247;248"
"247","Pupitar (Shadow)","Larvitar","TRUE",,"274",,,,"0/15/11",,,,"11",,,,"500",,,,"Bite, Ancient Power, Crunch",,,"246;247;248","247;248"
"248","Tyranitar","Larvitar","FALSE",,"284",,,,"7/15/13",,,,"5",,,,"496",,,,"Smack Down, Brutal Swing, Stone Edge",,,"246;247;248","248"
"252","Treecko","Treecko","FALSE",,"651",,,,"1/15/15",,,,"18.5",,,,"498",,,,"Bullet Seed, Aerial Ace, Grass Knot",,,"252;253;254","252;253;254"
"252","Treecko (Shadow)","Treecko","TRUE",,"670",,,,"1/15/15",,,,"18.5",,,,"498",,,,"Bullet Seed, Aerial Ace, Grass Knot",,,"252;253;254","252;253;254"
"253","Grovyle","Treecko","FALSE",,"319",,,,"0/15/11",,,,"11.5",,,,"500",,,,"Quick Attack, Leaf Blade, Aerial Ace",,,"252;253;254","253;254"
"253","Grovyle (Shadow)","Treecko","TRUE",,"369",,,,"0/15/11",,,,"11.5",,,,"500",,,,"Quick Attack, Leaf Blade, Aerial Ace",,,"252;253;254","253;254"
"254","Sceptile","Treecko","FALSE",,"579",,,,"0/15/12",,,,"7",,,,"498",,,,"Bullet Seed, Leaf Blade, Breaking Swipe",,,"252;253;254","254"
"259","Marshtomp","Mudkip","FALSE",,"287",,,,"0/13/11",,,,"11",,,,"500",,,,"Mud Shot, Surf, Mud Bomb",,,"258;259;260","259;260"
"259","Marshtomp (Shadow)","Mudkip","TRUE",,"288",,,,"0/13/11",,,,"11",,,,"500",,,,"Mud Shot, Surf, Mud Bomb",,,"258;259;260","259;260"
"260","Swampert","Mudkip","FALSE",,"262",,,,"0/15/14",,,,"6.5",,,,"500",,,,"Mud Shot, Hydro Cannon, Muddy Water",,,"258;259;260","260"
"261","Poochyena","Poochyena","FALSE",,"559",,,,"0/15/14",,,,"30",,,,"500",,,,"Snarl, Crunch, Poison Fang",,,"261;262","261;262"
"261","Poochyena (Shadow)","Poochyena","TRUE",,"626",,,,"0/15/14",,,,"30",,,,"500",,,,"Snarl, Crunch, Poison Fang",,,"261;262","261;262"
"262","Mightyena","Poochyena","FALSE",,"224",,,,"0/12/15",,,,"10",,,,"496",,,,"Ice Fang, Crunch, Poison Fang",,,"261;262","262"
"262","Mightyena (Shadow)","Poochyena","TRUE",,"121",,,,"0/12/15",,,,"10",,,,"496",,,,"Ice Fang, Crunch, Poison Fang",,,"261;262","262"
"263","Zigzagoon","Zigzagoon","FALSE",,"142",,,,"5/15/15",,,,"50",,,,"497",,,,"Sand Attack, Grass Knot, Thunderbolt",,,"263;264;862","263;264;862"
"263","Zigzagoon (Galarian)","Zigzagoon","FALSE",,"15",,,,"5/15/15",,,,"50",,,,"497",,,,"Tackle, Swift, Dig",,,"263;264;862","263;264;862"
"263","Zigzagoon (Galarian) (Shadow)","Zigzagoon","TRUE",,"55",,,,"5/15/15",,,,"50",,,,"497",,,,"Tackle, Swift, Dig",,,"263;264;862","263;264;862"
"264","Linoone","Zigzagoon","FALSE",,"631",,,,"1/15/15",,,,"11.5",,,,"497",,,,"Shadow Claw, Grass Knot, Dig",,,"263;264;862","264;862"
"264","Linoone (Galarian)","Zigzagoon","FALSE",,"409",,,,"1/15/15",,,,"11.5",,,,"497",,,,"Snarl, Body Slam, Dig",,,"263;264;862","264;862"
"264","Linoone (Galarian) (Shadow)","Zigzagoon","TRUE",,"373",,,,"1/15/15",,,,"11.5",,,,"497",,,,"Snarl, Body Slam, Dig",,,"263;264;862","264;862"
"265","Wurmple","Wurmple","FALSE",,"582",,,,"1/15/15",,,,"42",,,,"499",,,,"Bug Bite, Struggle, NA",,,"265;266;267","265;266;267"
"266","Silcoon","Wurmple","FALSE",,"460",,,,"2/15/15",,,,"47",,,,"500",,,,"Bug Bite, Struggle, NA",,,"265;266;267","266;267"
"267","Beautifly","Wurmple","FALSE",,"705",,,,"4/15/14",,,,"10.5",,,,"498",,,,"Infestation, Silver Wind, Bug Buzz",,,"265;266;267","267"
"268","Cascoon","Cascoon","FALSE",,"456",,,,"2/15/15",,,,"47",,,,"500",,,,"Bug Bite, Struggle, NA",,,"265;268;269","268;269"
"269","Dustox","Cascoon","FALSE",,"298",,,,"0/15/15",,,,"16.5",,,,"499",,,,"Confusion, Sludge Bomb, Silver Wind",,,"265;268;269","269"
"270","Lotad","Lotad","FALSE",,"330",,,,"0/15/15",,,,"41",,,,"500",,,,"Water Gun, Scald, Energy Ball",,,"270;271;272","270;271;272"
"271","Lombre","Lotad","FALSE",,"635",,,,"1/14/15",,,,"16.5",,,,"497",,,,"Bubble, Scald, Ice Beam",,,"270;271;272","271;272"
"272","Ludicolo","Lotad","FALSE",,"659",,,,"0/6/14",,,,"8.5",,,,"499",,,,"Bubble, Scald, Ice Beam",,,"270;271;272","272"
"273","Seedot","Seedot","FALSE",,"347",,,,"0/15/15",,,,"41",,,,"500",,,,"Quick Attack, Grass Knot, Foul Play",,,"273;274;275","273;274;275"
"273","Seedot (Shadow)","Seedot","TRUE",,"446",,,,"0/15/15",,,,"41",,,,"500",,,,"Quick Attack, Foul Play, Grass Knot",,,"273;274;275","273;274;275"
"274","Nuzleaf","Seedot","FALSE",,"461",,,,"0/15/12",,,,"16",,,,"499",,,,"Feint Attack, Leaf Blade, Foul Play",,,"273;274;275","274;275"
"274","Nuzleaf (Shadow)","Seedot","TRUE",,"473",,,,"0/15/12",,,,"16",,,,"499",,,,"Feint Attack, Leaf Blade, Foul Play",,,"273;274;275","274;275"
"275","Shiftry","Seedot","FALSE",,"357",,,,"4/15/15",,,,"8",,,,"496",,,,"Snarl, Leaf Blade, Foul Play",,,"273;274;275","275"
"275","Shiftry (Shadow)","Seedot","TRUE",,"324",,,,"4/15/15",,,,"8",,,,"496",,,,"Snarl, Leaf Blade, Foul Play",,,"273;274;275","275"
"276","Taillow","Taillow","FALSE",,"283",,,,"0/15/11",,,,"26.5",,,,"496",,,,"Quick Attack, Aerial Ace, Return",,,"276;277","276;277"
"276","Taillow (Shadow)","Taillow","TRUE",,"268",,,,"0/15/11",,,,"26.5",,,,"499",,,,"Quick Attack, Aerial Ace, Frustration",,,"276;277","276;277"
"277","Swellow","Taillow","FALSE",,"499",,,,"0/14/11",,,,"10",,,,"496",,,,"Wing Attack, Brave Bird, Aerial Ace",,,"276;277","277"
"277","Swellow (Shadow)","Taillow","TRUE",,"522",,,,"0/14/11",,,,"10",,,,"496",,,,"Wing Attack, Brave Bird, Aerial Ace",,,"276;277","277"
"278","Wingull","Wingull","FALSE",,"679",,,,"0/15/11",,,,"26.5",,,,"499",,,,"Quick Attack, Ice Beam, Water Pulse",,,"278;279","278;279"
"279","Pelipper","Wingull","FALSE",,"148",,,,"1/15/13",,,,"9",,,,"500",,,,"Wing Attack, Weather Ball (Water), Hurricane",,,"278;279","279"
"283","Surskit","Surskit","FALSE",,"583",,,,"1/14/15",,,,"25.5",,,,"499",,,,"Bubble, Signal Beam, Aqua Jet",,,"283;284","283;284"
"284","Masquerain","Surskit","FALSE",,"510",,,,"0/12/14",,,,"8.5",,,,"498",,,,"Air Slash, Lunge, Air Cutter",,,"283;284","284"
"285","Shroomish","Shroomish","FALSE",,"365",,,,"0/15/14",,,,"26",,,,"499",,,,"Bullet Seed, Grass Knot, Seed Bomb",,,"285;286","285;286"
"286","Breloom","Shroomish","FALSE",,"238",,,,"9/15/14",,,,"7",,,,"500",,,,"Force Palm, Dynamic Punch, Grass Knot",,,"285;286","286"
"287","Slakoth","Slakoth","FALSE",,"726",,,,"0/15/15",,,,"20",,,,"498",,,,"Yawn, Body Slam, Night Slash",,,"287;288;289","287;288;289"
"288","Vigoroth","Slakoth","FALSE",,"232",,,,"0/13/7",,,,"10",,,,"498",,,,"Counter, Body Slam, Rock Slide",,,"287;288;289","288;289"
"289","Slaking","Slakoth","FALSE",,"727",,,,"0/13/13",,,,"4.5",,,,"500",,,,"Yawn, Body Slam, Earthquake",,,"287;288;289","289"
"290","Nincada","Nincada","FALSE",,"125",,,,"0/15/15",,,,"27",,,,"498",,,,"Bug Bite, Night Slash, Aerial Ace",,,"290;291","290;291"
"291","Ninjask","Nincada","FALSE",,"517",,,,"2/15/15",,,,"9.5",,,,"498",,,,"Fury Cutter, Aerial Ace, Bug Buzz",,,"290;291","291"
"293","Whismur","Whismur","FALSE",,"455",,,,"0/15/13",,,,"31",,,,"498",,,,"Astonish, Stomp, Flamethrower",,,"293;294;295","293;294;295"
"293","Whismur (Shadow)","Whismur","TRUE",,"474",,,,"0/15/13",,,,"31",,,,"498",,,,"Astonish, Stomp, Flamethrower",,,"293;294;295","293;294;295"
"294","Loudred","Whismur","FALSE",,"444",,,,"0/15/6",,,,"15",,,,"497",,,,"Bite, Stomp, Flamethrower",,,"293;294;295","294;295"
"294","Loudred (Shadow)","Whismur","TRUE",,"321",,,,"0/15/6",,,,"15",,,,"497",,,,"Bite, Stomp, Flamethrower",,,"293;294;295","294;295"
"295","Exploud","Whismur","FALSE",,"614",,,,"5/15/14",,,,"8",,,,"498",,,,"Astonish, Crunch, Disarming Voice",,,"293;294;295","295"
"295","Exploud (Shadow)","Whismur","TRUE",,"606",,,,"5/15/14",,,,"8",,,,"498",,,,"Astonish, Crunch, Disarming Voice",,,"293;294;295","295"
"298","Azurill","Marill","FALSE",,"127",,,,"15/15/15",,,,"50",,,,"411",,,,"Bubble, Body Slam, Ice Beam",,,"183;184;298","298"
"300","Skitty","Skitty","FALSE",,"411",,,,"0/15/13",,,,"28",,,,"500",,,,"Tackle, Wild Charge, Disarming Voice",,,"300;301","300;301"
"301","Delcatty","Skitty","FALSE",,"660",,,,"0/15/15",,,,"13",,,,"496",,,,"Feint Attack, Wild Charge, Disarming Voice",,,"300;301","301"
"302","Sableye","Sableye","FALSE",,"243",,,,"2/14/15",,,,"13",,,,"499",,,,"Shadow Claw, Foul Play, Power Gem",,,"302","302"
"302","Sableye (Shadow)","Sableye","TRUE",,"310",,,,"2/14/15",,,,"13",,,,"499",,,,"Shadow Claw, Foul Play, Power Gem",,,"302","302"
"309","Electrike","Electrike","FALSE",,"414",,,,"0/14/14",,,,"20.5",,,,"496",,,,"Quick Attack, Swift, Discharge",,,"309;310","309;310"
"309","Electrike (Shadow)","Electrike","TRUE",,"355",,,,"0/14/14",,,,"20.5",,,,"497",,,,"Quick Attack, Swift, Discharge",,,"309;310","309;310"
"310","Manectric","Electrike","FALSE",,"643",,,,"3/15/15",,,,"8",,,,"496",,,,"Snarl, Wild Charge, Psychic Fangs",,,"309;310","310"
"310","Manectric (Shadow)","Electrike","TRUE",,"648",,,,"3/15/15",,,,"8",,,,"496",,,,"Snarl, Wild Charge, Psychic Fangs",,,"309;310","310"
"311","Plusle","Plusle","FALSE",,"418",,,,"0/14/8",,,,"11",,,,"500",,,,"Quick Attack, Swift, Discharge",,,"311","311"
"312","Minun","Minun","FALSE",,"299",,,,"0/12/15",,,,"11.5",,,,"498",,,,"Quick Attack, Swift, Discharge",,,"312","312"
"313","Volbeat","Volbeat","FALSE",,"689",,,,"0/13/14",,,,"11",,,,"497",,,,"Tackle, Bug Buzz, Signal Beam",,,"313","313"
"314","Illumise","Illumise","FALSE",,"661",,,,"0/13/14",,,,"11",,,,"497",,,,"Tackle, Silver Wind, Bug Buzz",,,"314","314"
"315","Roselia","Roselia","FALSE",,"586",,,,"2/15/15",,,,"10",,,,"499",,,,"Poison Jab, Sludge Bomb, Petal Blizzard",,,"315;406;407","315;406;407"
"316","Gulpin","Gulpin","FALSE",,"548",,,,"0/15/15",,,,"24",,,,"499",,,,"Rock Smash, Ice Beam, Sludge",,,"316;317","316;317"
"317","Swalot","Gulpin","FALSE",,"366",,,,"0/14/7",,,,"10",,,,"500",,,,"Mud Shot, Ice Beam, Sludge Bomb",,,"316;317","317"
"318","Carvanha","Carvanha","FALSE",,"719",,,,"1/15/15",,,,"18.5",,,,"499",,,,"Snarl, Crunch, Poison Fang",,,"318;319","318;319"
"318","Carvanha (Shadow)","Carvanha","TRUE",,"722",,,,"1/15/15",,,,"18.5",,,,"499",,,,"Snarl, Crunch, Poison Fang",,,"318;319","318;319"
"319","Sharpedo","Carvanha","FALSE",,"317",,,,"4/15/14",,,,"8.5",,,,"499",,,,"Waterfall, Crunch, Poison Fang",,,"318;319","319"
"319","Sharpedo (Shadow)","Carvanha","TRUE",,"206",,,,"4/15/14",,,,"8.5",,,,"499",,,,"Waterfall, Crunch, Poison Fang",,,"318;319","319"
"322","Numel","Numel","FALSE",,"147",,,,"1/15/14",,,,"18.5",,,,"500",,,,"Ember, Stomp, Bulldoze",,,"322;323","322;323"
"322","Numel (Shadow)","Numel","TRUE",,"40",,,,"1/15/14",,,,"18.5",,,,"500",,,,"Ember, Stomp, Bulldoze",,,"322;323","322;323"
"323","Camerupt","Numel","FALSE",,"202",,,,"4/15/14",,,,"8.5",,,,"500",,,,"Incinerate, Overheat, Earth Power",,,"322;323","323"
"323","Camerupt (Shadow)","Numel","TRUE",,"94",,,,"4/15/14",,,,"8.5",,,,"500",,,,"Incinerate, Overheat, Earth Power",,,"322;323","323"
"327","Spinda","Spinda","FALSE",,"126",,,,"0/12/13",,,,"16.5",,,,"500",,,,"Sucker Punch, Icy Wind, Dig",,,"327","327"
"328","Trapinch","Trapinch","FALSE",,"672",,,,"0/15/14",,,,"15",,,,"500",,,,"Sand Attack, Crunch, Scorching Sands",,,"328;329;330","328;329;330"
"328","Trapinch (Shadow)","Trapinch","TRUE",,"676",,,,"0/15/14",,,,"15",,,,"500",,,,"Sand Attack, Crunch, Scorching Sands",,,"328;329;330","328;329;330"
"329","Vibrava","Trapinch","FALSE",,"181",,,,"0/15/13",,,,"16",,,,"498",,,,"Dragon Breath, Scorching Sands, Bug Buzz",,,"328;329;330","329;330"
"329","Vibrava (Shadow)","Trapinch","TRUE",,"56",,,,"0/15/13",,,,"16",,,,"498",,,,"Dragon Breath, Scorching Sands, Bug Buzz",,,"328;329;330","329;330"
"330","Flygon","Trapinch","FALSE",,"167",,,,"0/8/6",,,,"7.5",,,,"498",,,,"Dragon Tail, Dragon Claw, Scorching Sands",,,"328;329;330","330"
"331","Cacnea","Cacnea","FALSE",,"591",,,,"0/15/14",,,,"15.5",,,,"499",,,,"Sucker Punch, Trailblaze, Payback",,,"331;332","331;332"
"331","Cacnea (Shadow)","Cacnea","TRUE",,"513",,,,"0/15/14",,,,"15.5",,,,"499",,,,"Sucker Punch, Trailblaze, Payback",,,"331;332","331;332"
"332","Cacturne","Cacnea","FALSE",,"333",,,,"7/15/15",,,,"8",,,,"496",,,,"Sucker Punch, Trailblaze, Dark Pulse",,,"331;332","332"
"332","Cacturne (Shadow)","Cacnea","TRUE",,"198",,,,"7/15/15",,,,"8",,,,"496",,,,"Sucker Punch, Trailblaze, Dark Pulse",,,"331;332","332"
"333","Swablu","Swablu","FALSE",,"27",,,,"0/14/15",,,,"25.5",,,,"499",,,,"Astonish, Aerial Ace, Ice Beam",,,"333;334","333;334"
"334","Altaria","Swablu","FALSE",,"53",,,,"3/15/14",,,,"9.5",,,,"500",,,,"Dragon Breath, Sky Attack, Moonblast",,,"333;334","334"
"335","Zangoose","Zangoose","FALSE",,"426",,,,"0/15/7",,,,"8",,,,"500",,,,"Shadow Claw, Close Combat, Night Slash",,,"335","335"
"336","Seviper","Seviper","FALSE",,"363",,,,"0/15/14",,,,"9",,,,"500",,,,"Poison Jab, Poison Fang, Crunch",,,"336","336"
"339","Barboach","Barboach","FALSE",,"120",,,,"0/15/13",,,,"25",,,,"499",,,,"Mud Shot, Aqua Tail, Mud Bomb",,,"339;340","339;340"
"339","Barboach (Shadow)","Barboach","TRUE",,"115",,,,"0/15/13",,,,"25",,,,"499",,,,"Mud Shot, Aqua Tail, Mud Bomb",,,"339;340","339;340"
"340","Whiscash","Barboach","FALSE",,"144",,,,"0/11/11",,,,"9.5",,,,"498",,,,"Mud Shot, Mud Bomb, Scald",,,"339;340","340"
"340","Whiscash (Shadow)","Barboach","TRUE",,"162",,,,"0/11/11",,,,"9.5",,,,"498",,,,"Mud Shot, Mud Bomb, Scald",,,"339;340","340"
"342","Crawdaunt","Corphish","FALSE",,"468",,,,"6/15/14",,,,"7.5",,,,"497",,,,"Snarl, Night Slash, Scald",,,"341;342","342"
"343","Baltoy","Baltoy","FALSE",,"392",,,,"0/12/14",,,,"27",,,,"497",,,,"Confusion, Dig, Psybeam",,,"343;344","343;344"
"344","Claydol","Baltoy","FALSE",,"337",,,,"0/13/11",,,,"10",,,,"495",,,,"Mud Slap, Scorching Sands, Ice Beam",,,"343;344","344"
"345","Lileep","Lileep","FALSE",,"213",,,,"0/15/14",,,,"15.5",,,,"500",,,,"Bullet Seed, Ancient Power, Grass Knot",,,"345;346","345;346"
"345","Lileep (Shadow)","Lileep","TRUE",,"248",,,,"0/15/14",,,,"15.5",,,,"500",,,,"Bullet Seed, Ancient Power, Grass Knot",,,"345;346","345;346"
"346","Cradily","Lileep","FALSE",,"182",,,,"0/6/13",,,,"9",,,,"499",,,,"Bullet Seed, Stone Edge, Rock Slide",,,"345;346","346"
"346","Cradily (Shadow)","Lileep","TRUE",,"354",,,,"0/6/13",,,,"9",,,,"499",,,,"Bullet Seed, Stone Edge, Rock Slide",,,"345;346","346"
"347","Anorith","Anorith","FALSE",,"673",,,,"0/14/14",,,,"12.5",,,,"499",,,,"Struggle Bug, Ancient Power, Cross Poison",,,"347;348","347;348"
"347","Anorith (Shadow)","Anorith","TRUE",,"637",,,,"0/14/14",,,,"12.5",,,,"499",,,,"Struggle Bug, Ancient Power, Cross Poison",,,"347;348","347;348"
"348","Armaldo","Anorith","FALSE",,"302",,,,"0/7/8",,,,"7",,,,"498",,,,"Fury Cutter, Cross Poison, Rock Blast",,,"347;348","348"
"352","Kecleon","Kecleon","FALSE",,"309",,,,"0/15/11",,,,"9.5",,,,"498",,,,"Sucker Punch, Aerial Ace, Ice Beam",,,"352","352"
"357","Tropius","Tropius","FALSE",,"119",,,,"1/14/14",,,,"10",,,,"499",,,,"Air Slash, Leaf Blade, Aerial Ace",,,"357","357"
"359","Absol","Absol","FALSE",,"718",,,,"0/15/14",,,,"7.5",,,,"498",,,,"Snarl, Dark Pulse, Megahorn",,,"359","359"
"373","Salamence","Bagon","FALSE",,"231",,,,"12/15/15",,,,"5",,,,"498",,,,"Dragon Tail, Fly, Outrage",,,"371;372;373","373"
"387","Turtwig","Turtwig","FALSE",,"564",,,,"0/10/14",,,,"17",,,,"500",,,,"Tackle, Body Slam, Seed Bomb",,,"387;388;389","387;388;389"
"387","Turtwig (Shadow)","Turtwig","TRUE",,"589",,,,"0/10/14",,,,"17",,,,"500",,,,"Tackle, Body Slam, Seed Bomb",,,"387;388;389","387;388;389"
"388","Grotle","Turtwig","FALSE",,"361",,,,"4/15/11",,,,"10",,,,"500",,,,"Razor Leaf, Body Slam, Energy Ball",,,"387;388;389","388;389"
"388","Grotle (Shadow)","Turtwig","TRUE",,"241",,,,"4/15/11",,,,"10",,,,"500",,,,"Razor Leaf, Body Slam, Energy Ball",,,"387;388;389","388;389"
"389","Torterra","Turtwig","FALSE",,"339",,,,"4/15/14",,,,"6.5",,,,"498",,,,"Razor Leaf, Frenzy Plant, Stone Edge",,,"387;388;389","389"
"396","Starly","Starly","FALSE",,"311",,,,"0/14/12",,,,"28.5",,,,"497",,,,"Quick Attack, Brave Bird, Fly",,,"396;397;398","396;397;398"
"396","Starly (Shadow)","Starly","TRUE",,"477",,,,"0/14/12",,,,"28.5",,,,"497",,,,"Quick Attack, Brave Bird, Fly",,,"396;397;398","396;397;398"
"397","Staravia","Starly","FALSE",,"385",,,,"0/15/13",,,,"15",,,,"497",,,,"Quick Attack, Brave Bird, Fly",,,"396;397;398","397;398"
"397","Staravia (Shadow)","Starly","TRUE",,"520",,,,"0/15/13",,,,"15",,,,"497",,,,"Quick Attack, Brave Bird, Fly",,,"396;397;398","397;398"
"398","Staraptor","Starly","FALSE",,"686",,,,"0/5/14",,,,"7",,,,"498",,,,"Quick Attack, Brave Bird, Close Combat",,,"396;397;398","398"
"399","Bidoof","Bidoof","FALSE",,"332",,,,"0/15/13",,,,"29",,,,"499",,,,"Tackle, Superpower, Ice Beam",,,"399;400","399;400"
"399","Bidoof (Shadow)","Bidoof","TRUE",,"412",,,,"0/15/13",,,,"29",,,,"499",,,,"Tackle, Superpower, Ice Beam",,,"399;400","399;400"
"400","Bibarel","Bidoof","FALSE",,"219",,,,"0/15/13",,,,"10.5",,,,"500",,,,"Rollout, Surf, Hyper Fang",,,"399;400","400"
"400","Bibarel (Shadow)","Bidoof","TRUE",,"343",,,,"0/15/13",,,,"10.5",,,,"500",,,,"Rollout, Surf, Hyper Fang",,,"399;400","400"
"401","Kricketot","Kricketot","FALSE",,"600",,,,"15/15/15",,,,"50",,,,"453",,,,"Bug Bite, Struggle, NA",,,"401;402","401;402"
"402","Kricketune","Kricketot","FALSE",,"325",,,,"1/15/15",,,,"11.5",,,,"499",,,,"Fury Cutter, X-Scissor, Aerial Ace",,,"401;402","402"
"403","Shinx","Shinx","FALSE",,"519",,,,"0/15/15",,,,"22.5",,,,"498",,,,"Spark, Swift, Discharge",,,"403;404;405","403;404;405"
"403","Shinx (Shadow)","Shinx","TRUE",,"498",,,,"0/15/15",,,,"22.5",,,,"498",,,,"Spark, Swift, Discharge",,,"403;404;405","403;404;405"
"404","Luxio","Shinx","FALSE",,"687",,,,"0/14/14",,,,"13",,,,"500",,,,"Spark, Wild Charge, Crunch",,,"403;404;405","404;405"
"404","Luxio (Shadow)","Shinx","TRUE",,"688",,,,"0/14/14",,,,"13",,,,"498",,,,"Spark, Wild Charge, Crunch",,,"403;404;405","404;405"
"405","Luxray","Shinx","FALSE",,"633",,,,"6/15/13",,,,"6.5",,,,"499",,,,"Snarl, Wild Charge, Psychic Fangs",,,"403;404;405","405"
"406","Budew","Roselia","FALSE",,"601",,,,"0/15/13",,,,"24",,,,"500",,,,"Hidden Power (Ice), Grass Knot, Energy Ball",,,"315;406;407","406"
"407","Roserade","Roselia","FALSE",,"331",,,,"0/12/15",,,,"6.5",,,,"500",,,,"Poison Jab, Weather Ball (Fire), Sludge Bomb",,,"315;406;407","406;407"
"412","Burmy (Plant)","Burmy","FALSE",,"464",,,,"9/15/15",,,,"49.5",,,,"500",,,,"Bug Bite, Struggle, NA",,,"412;413","412;413"
"412","Burmy (Sandy)","Burmy","FALSE",,"465",,,,"9/15/15",,,,"49.5",,,,"500",,,,"Bug Bite, Struggle, NA",,,"412;413","412;413"
"412","Burmy (Trash)","Burmy","FALSE",,"466",,,,"9/15/15",,,,"49.5",,,,"500",,,,"Bug Bite, Struggle, NA",,,"412;413","412;413"
"413","Wormadam (Plant)","Burmy","FALSE",,"587",,,,"0/12/15",,,,"11",,,,"500",,,,"Bug Bite, Bug Buzz, Energy Ball",,,"412;413","413"
"413","Wormadam (Sandy)","Burmy","FALSE",,"534",,,,"0/12/15",,,,"11",,,,"500",,,,"Bug Bite, Bug Buzz, Bulldoze",,,"412;413","413"
"413","Wormadam (Trash)","Burmy","FALSE",,"191",,,,"0/12/15",,,,"11",,,,"497",,,,"Bug Bite, Bug Buzz, Iron Head",,,"412;413","413"
"414","Mothim","Mothim","FALSE",,"552",,,,"0/14/13",,,,"10.5",,,,"498",,,,"Air Slash, Aerial Ace, Bug Buzz",,,"412;414","414"
"415","Combee","Combee","FALSE",,"413",,,,"7/15/15",,,,"50",,,,"498",,,,"Bug Bite, Bug Buzz, NA",,,"415;416","415;416"
"416","Vespiquen","Combee","FALSE",,"87",,,,"3/15/13",,,,"9.5",,,,"500",,,,"Poison Sting, X-Scissor, Power Gem",,,"415;416","416"
"417","Pachirisu","Pachirisu","FALSE",,"52",,,,"0/10/14",,,,"17",,,,"500",,,,"Volt Switch, Thunder Punch, Thunderbolt",,,"417","417"
"420","Cherubi","Cherubi","FALSE",,"671",,,,"0/15/15",,,,"21",,,,"499",,,,"Bullet Seed, Seed Bomb, Dazzling Gleam",,,"420;421","420;421"
"421","Cherrim (Overcast)","Cherubi","FALSE",,"724",,,,"0/11/13",,,,"9.5",,,,"499",,,,"Bullet Seed, Solar Beam, Hyper Beam",,,"420;421","421"
"421","Cherrim (Sunshine)","Cherubi","FALSE",,"604",,,,"0/11/13",,,,"9.5",,,,"499",,,,"Bullet Seed, Weather Ball (Fire), Solar Beam",,,"420;421","421"
"423","Gastrodon","Shellos","FALSE",,"71",,,,"0/14/4",,,,"8.5",,,,"499",,,,"Mud Slap, Body Slam, Earth Power",,,"422;423","423"
"424","Ambipom","Aipom","FALSE",,"592",,,,"0/11/14",,,,"8",,,,"500",,,,"Astonish, Aerial Ace, Low Sweep",,,"190;424","424"
"424","Ambipom (Shadow)","Aipom","TRUE",,"581",,,,"0/11/14",,,,"8",,,,"500",,,,"Astonish, Aerial Ace, Low Sweep",,,"190;424","424"
"425","Drifloon","Drifloon","FALSE",,"61",,,,"0/15/15",,,,"16.5",,,,"500",,,,"Astonish, Icy Wind, Shadow Ball",,,"425;426","425;426"
"425","Drifloon (Shadow)","Drifloon","TRUE",,"79",,,,"0/15/15",,,,"16.5",,,,"500",,,,"Astonish, Icy Wind, Shadow Ball",,,"425;426","425;426"
"426","Drifblim","Drifloon","FALSE",,"78",,,,"2/15/14",,,,"8",,,,"499",,,,"Astonish, Icy Wind, Mystical Fire",,,"425;426","426"
"426","Drifblim (Shadow)","Drifloon","TRUE",,"68",,,,"2/15/14",,,,"8",,,,"499",,,,"Astonish, Icy Wind, Mystical Fire",,,"425;426","426"
"427","Buneary","Buneary","FALSE",,"75",,,,"0/15/14",,,,"15.5",,,,"498",,,,"Quick Attack, Swift, Fire Punch",,,"427;428","427;428"
"428","Lopunny","Buneary","FALSE",,"265",,,,"0/14/10",,,,"9.5",,,,"494",,,,"Double Kick, Triple Axel, Fire Punch",,,"427;428","428"
"430","Honchkrow","Murkrow","FALSE",,"691",,,,"2/15/13",,,,"7",,,,"500",,,,"Snarl, Brave Bird, Dark Pulse",,,"198;430","430"
"431","Glameow","Glameow","FALSE",,"251",,,,"0/14/14",,,,"21.5",,,,"497",,,,"Quick Attack, Aerial Ace, Thunderbolt",,,"431;432","431;432"
"431","Glameow (Shadow)","Glameow","TRUE",,"341",,,,"0/14/14",,,,"21.5",,,,"497",,,,"Quick Attack, Aerial Ace, Thunderbolt",,,"431;432","431;432"
"432","Purugly","Glameow","FALSE",,"546",,,,"0/9/13",,,,"10",,,,"499",,,,"Shadow Claw, Aerial Ace, Thunder",,,"431;432","432"
"432","Purugly (Shadow)","Glameow","TRUE",,"507",,,,"0/9/13",,,,"10",,,,"499",,,,"Shadow Claw, Aerial Ace, Thunder",,,"431;432","432"
"434","Stunky","Stunky","FALSE",,"107",,,,"0/11/14",,,,"17.5",,,,"500",,,,"Bite, Crunch, Sludge Bomb",,,"434;435","434;435"
"434","Stunky (Shadow)","Stunky","TRUE",,"26",,,,"0/11/14",,,,"17.5",,,,"500",,,,"Bite, Crunch, Sludge Bomb",,,"434;435","434;435"
"435","Skuntank","Stunky","FALSE",,"300",,,,"4/15/13",,,,"8",,,,"499",,,,"Poison Jab, Crunch, Sludge Bomb",,,"434;435","435"
"435","Skuntank (Shadow)","Stunky","TRUE",,"306",,,,"4/15/13",,,,"8",,,,"499",,,,"Poison Jab, Crunch, Sludge Bomb",,,"434;435","435"
"440","Happiny","Chansey","FALSE",,"665",,,,"15/15/15",,,,"50",,,,"419",,,,"Zen Headbutt, Psychic, NA",,,"113;242;440","440"
"441","Chatot","Chatot","FALSE",,"629",,,,"1/15/14",,,,"10.5",,,,"499",,,,"Steel Wing, Sky Attack, Night Shade",,,"441","441"
"442","Spiritomb","Spiritomb","FALSE",,"215",,,,"0/11/9",,,,"9.5",,,,"496",,,,"Sucker Punch, Shadow Ball, Rock Tomb",,,"442","442"
"443","Gible","Gible","FALSE",,"438",,,,"0/11/15",,,,"18",,,,"495",,,,"Mud Shot, Body Slam, Dig",,,"443;444;445","443;444;445"
"443","Gible (Shadow)","Gible","TRUE",,"404",,,,"0/11/15",,,,"18",,,,"495",,,,"Mud Shot, Body Slam, Dig",,,"443;444;445","443;444;445"
"444","Gabite","Gible","FALSE",,"664",,,,"3/15/14",,,,"10",,,,"499",,,,"Mud Shot, Flamethrower, Dig",,,"443;444;445","444;445"
"444","Gabite (Shadow)","Gible","TRUE",,"692",,,,"3/15/14",,,,"10",,,,"499",,,,"Mud Shot, Flamethrower, Dig",,,"443;444;445","444;445"
"445","Garchomp","Gible","FALSE",,"289",,,,"0/13/13",,,,"5",,,,"499",,,,"Dragon Tail, Outrage, Earth Power",,,"443;444;445","445"
"446","Munchlax","Snorlax","FALSE",,"124",,,,"0/11/10",,,,"10.5",,,,"500",,,,"Tackle, Body Slam, Bulldoze",,,"143;446","446"
"449","Hippopotas","Hippopotas","FALSE",,"212",,,,"0/15/14",,,,"14.5",,,,"499",,,,"Sand Attack, Body Slam, Dig",,,"449;450","449;450"
"449","Hippopotas (Shadow)","Hippopotas","TRUE",,"192",,,,"0/15/14",,,,"14.5",,,,"499",,,,"Sand Attack, Body Slam, Dig",,,"449;450","449;450"
"450","Hippowdon","Hippopotas","FALSE",,"101",,,,"0/2/15",,,,"6.5",,,,"500",,,,"Sand Attack, Weather Ball (Rock), Scorching Sands",,,"449;450","450"
"451","Skorupi","Skorupi","FALSE",,"5",,,,"1/15/14",,,,"20",,,,"499",,,,"Poison Sting, Cross Poison, Aqua Tail",,,"451;452","451;452"
"451","Skorupi (Shadow)","Skorupi","TRUE",,"2",,,,"1/15/14",,,,"20",,,,"499",,,,"Poison Sting, Cross Poison, Aqua Tail",,,"451;452","451;452"
"452","Drapion","Skorupi","FALSE",,"22",,,,"0/10/12",,,,"8",,,,"500",,,,"Poison Sting, Aqua Tail, Crunch",,,"451;452","452"
"453","Croagunk","Croagunk","FALSE",,"254",,,,"0/13/15",,,,"21",,,,"499",,,,"Poison Sting, Sludge Bomb, Brick Break",,,"453;454","453;454"
"453","Croagunk (Shadow)","Croagunk","TRUE",,"258",,,,"0/13/15",,,,"21",,,,"499",,,,"Poison Sting, Sludge Bomb, Brick Break",,,"453;454","453;454"
"454","Toxicroak","Croagunk","FALSE",,"502",,,,"5/15/15",,,,"7.5",,,,"496",,,,"Poison Jab, Dynamic Punch, Sludge Bomb",,,"453;454","454"
"455","Carnivine","Carnivine","FALSE",,"652",,,,"0/13/9",,,,"9",,,,"500",,,,"Vine Whip, Crunch, Power Whip",,,"455","455"
"458","Mantyke","Mantine","FALSE",,"58",,,,"0/15/15",,,,"16",,,,"500",,,,"Bubble, Aerial Ace, Ice Beam",,,"226;458","458"
"459","Snover","Snover","FALSE",,"184",,,,"1/14/14",,,,"17",,,,"496",,,,"Powder Snow, Ice Beam, Stomp",,,"459;460","459;460"
"459","Snover (Shadow)","Snover","TRUE",,"197",,,,"1/14/14",,,,"17",,,,"496",,,,"Powder Snow, Ice Beam, Stomp",,,"459;460","459;460"
"460","Abomasnow","Snover","FALSE",,"35",,,,"3/15/15",,,,"8",,,,"500",,,,"Powder Snow, Weather Ball (Ice), Energy Ball",,,"459;460","460"
"460","Abomasnow (Shadow)","Snover","TRUE",,"37",,,,"3/15/15",,,,"8",,,,"500",,,,"Powder Snow, Weather Ball (Ice), Energy Ball",,,"459;460","460"
"461","Weavile","Sneasel","FALSE",,"640",,,,"0/13/10",,,,"6.5",,,,"500",,,,"Snarl, Avalanche, Foul Play",,,"215;461","461"
"462","Magnezone","Magnemite","FALSE",,"277",,,,"1/15/15",,,,"6",,,,"498",,,,"Volt Switch, Wild Charge, Mirror Shot",,,"81;82;462","462"
"463","Lickilicky","Lickitung","FALSE",,"29",,,,"0/9/14",,,,"8",,,,"500",,,,"Rollout, Body Slam, Shadow Ball",,,"108;463","463"
"464","Rhyperior","Rhyhorn","FALSE",,"261",,,,"0/3/4",,,,"5.5",,,,"500",,,,"Mud Slap, Rock Wrecker, Superpower",,,"111;112;464","464"
"465","Tangrowth","Tangela","FALSE",,"608",,,,"0/12/11",,,,"6.5",,,,"499",,,,"Vine Whip, Power Whip, Rock Slide",,,"114;465","465"
"466","Electivire","Electabuzz","FALSE",,"338",,,,"0/7/7",,,,"6.5",,,,"498",,,,"Thunder Shock, Wild Charge, Ice Punch",,,"125;239;466","239;466"
"468","Togekiss","Togepi","FALSE",,"17",,,,"0/3/14",,,,"6",,,,"496",,,,"Charm, Aerial Ace, Aura Sphere",,,"175;176;468","468"
"469","Yanmega","Yanma","FALSE",,"561",,,,"1/15/15",,,,"6.5",,,,"500",,,,"Wing Attack, Aerial Ace, Bug Buzz",,,"193;469","469"
"470","Leafeon","Leafeon","FALSE",,"320",,,,"3/15/13",,,,"6.5",,,,"499",,,,"Quick Attack, Leaf Blade, Last Resort",,,"133;470","470"
"472","Gliscor","Gligar","FALSE",,"62",,,,"6/15/14",,,,"7",,,,"500",,,,"Sand Attack, Aerial Ace, Night Slash",,,"207;472","472"
"473","Mamoswine","Swinub","FALSE",,"458",,,,"0/13/1",,,,"6",,,,"495",,,,"Powder Snow, Avalanche, Stone Edge",,,"220;221;473","473"
"474","Porygon-Z","Porygon","FALSE",,"701",,,,"0/12/11",,,,"6",,,,"498",,,,"Lock On, Tri Attack, Blizzard",,,"137;233;474","474"
"479","Rotom","Rotom","FALSE",,"549",,,,"0/15/12",,,,"7.5",,,,"499",,,,"Thunder Shock, Thunderbolt, Ominous Wind",,,"479","479"
"479","Rotom (Frost)","Rotom","FALSE",,"715",,,,"0/15/12",,,,"7.5",,,,"500",,,,"Thunder Shock, Blizzard, Thunderbolt",,,"479","479"
"479","Rotom (Heat)","Rotom","FALSE",,"682",,,,"0/15/12",,,,"7.5",,,,"500",,,,"Thunder Shock, Overheat, Thunderbolt",,,"479","479"
"479","Rotom (Mow)","Rotom","FALSE",,"675",,,,"0/15/12",,,,"7.5",,,,"500",,,,"Thunder Shock, Thunderbolt, Ominous Wind",,,"479","479"
"479","Rotom (Wash)","Rotom","FALSE",,"709",,,,"0/15/12",,,,"7.5",,,,"500",,,,"Thunder Shock, Thunderbolt, Hydro Pump",,,"479","479"
"491","Darkrai","Darkrai","FALSE",,"716",,,,"12/15/15",,,,"5",,,,"493",,,,"Snarl, Dark Pulse, Sludge Bomb",,,"491","491"
"492","Shaymin (Land)","Shaymin","FALSE",,"644",,,,"0/13/15",,,,"6",,,,"500",,,,"Magical Leaf, Grass Knot, Energy Ball",,,"492","492"
"492","Shaymin (Sky)","Shaymin","FALSE",,"656",,,,"0/15/7",,,,"5.5",,,,"500",,,,"Magical Leaf, Grass Knot, Energy Ball",,,"492","492"
"495","Snivy","Snivy","FALSE",,"454",,,,"0/13/13",,,,"24.5",,,,"500",,,,"Vine Whip, Seed Bomb, Wrap",,,"495;496;497","495;496;497"
"495","Snivy (Shadow)","Snivy","TRUE",,"543",,,,"0/13/13",,,,"24.5",,,,"500",,,,"Vine Whip, Seed Bomb, Wrap",,,"495;496;497","495;496;497"
"496","Servine","Snivy","FALSE",,"482",,,,"1/15/15",,,,"13.5",,,,"499",,,,"Vine Whip, Grass Knot, Leaf Tornado",,,"495;496;497","496;497"
"496","Servine (Shadow)","Snivy","TRUE",,"511",,,,"1/15/15",,,,"13.5",,,,"499",,,,"Vine Whip, Grass Knot, Leaf Tornado",,,"495;496;497","496;497"
"497","Serperior","Snivy","FALSE",,"295",,,,"1/14/13",,,,"8.5",,,,"500",,,,"Vine Whip, Frenzy Plant, Aerial Ace",,,"495;496;497","497"
"497","Serperior (Shadow)","Snivy","TRUE",,"353",,,,"1/14/13",,,,"8.5",,,,"500",,,,"Vine Whip, Frenzy Plant, Aerial Ace",,,"495;496;497","497"
"503","Samurott (Hisuian)","Oshawott","FALSE",,"518",,,,"0/13/8",,,,"7",,,,"499",,,,"Snarl, Icy Wind, X-Scissor",,,"501;502;503","503"
"504","Patrat","Patrat","FALSE",,"593",,,,"0/15/15",,,,"25.5",,,,"500",,,,"Tackle, Hyper Fang, Grass Knot",,,"504;505","504;505"
"504","Patrat (Shadow)","Patrat","TRUE",,"525",,,,"0/15/15",,,,"25.5",,,,"500",,,,"Tackle, Hyper Fang, Grass Knot",,,"504;505","504;505"
"505","Watchog","Patrat","FALSE",,"479",,,,"0/15/14",,,,"10.5",,,,"497",,,,"Bite, Hyper Fang, Crunch",,,"504;505","505"
"505","Watchog (Shadow)","Patrat","TRUE",,"371",,,,"0/15/14",,,,"10.5",,,,"497",,,,"Bite, Hyper Fang, Crunch",,,"504;505","505"
"506","Lillipup","Lillipup","FALSE",,"638",,,,"0/13/15",,,,"22",,,,"497",,,,"Sand Attack, Dig, Rock Tomb",,,"506;507;508","506;507;508"
"507","Herdier","Lillipup","FALSE",,"647",,,,"0/10/13",,,,"12.5",,,,"496",,,,"Sand Attack, Dig, Thunderbolt",,,"506;507;508","507;508"
"508","Stoutland","Lillipup","FALSE",,"253",,,,"0/5/14",,,,"7",,,,"495",,,,"Ice Fang, Wild Charge, Crunch",,,"506;507;508","508"
"509","Purrloin","Purrloin","FALSE",,"33",,,,"0/14/13",,,,"26.5",,,,"499",,,,"Sucker Punch, Night Slash, Play Rough",,,"509;510","509;510"
"509","Purrloin (Shadow)","Purrloin","TRUE",,"25",,,,"0/14/13",,,,"26.5",,,,"499",,,,"Sucker Punch, Night Slash, Play Rough",,,"509;510","509;510"
"510","Liepard","Purrloin","FALSE",,"697",,,,"0/10/14",,,,"10.5",,,,"498",,,,"Snarl, Dark Pulse, Play Rough",,,"509;510","510"
"510","Liepard (Shadow)","Purrloin","TRUE",,"710",,,,"0/10/14",,,,"10.5",,,,"498",,,,"Snarl, Dark Pulse, Play Rough",,,"509;510","510"
"511","Pansage","Pansage","FALSE",,"569",,,,"0/14/15",,,,"21",,,,"499",,,,"Vine Whip, Crunch, Seed Bomb",,,"511;512","511;512"
"512","Simisage","Pansage","FALSE",,"669",,,,"3/15/14",,,,"8",,,,"498",,,,"Vine Whip, Crunch, Grass Knot",,,"511;512","512"
"519","Pidove","Pidove","FALSE",,"103",,,,"0/15/12",,,,"24",,,,"499",,,,"Quick Attack, Aerial Ace, Return",,,"519;520;521","519;520;521"
"519","Pidove (Shadow)","Pidove","TRUE",,"116",,,,"0/15/12",,,,"24",,,,"499",,,,"Quick Attack, Aerial Ace, Heat Wave",,,"519;520;521","519;520;521"
"520","Tranquill","Pidove","FALSE",,"433",,,,"0/14/14",,,,"13.5",,,,"497",,,,"Air Slash, Aerial Ace, Sky Attack",,,"519;520;521","520;521"
"520","Tranquill (Shadow)","Pidove","TRUE",,"387",,,,"0/14/14",,,,"13.5",,,,"497",,,,"Air Slash, Aerial Ace, Sky Attack",,,"519;520;521","520;521"
"521","Unfezant","Pidove","FALSE",,"577",,,,"0/15/14",,,,"7",,,,"499",,,,"Air Slash, Sky Attack, Hyper Beam",,,"519;520;521","521"
"522","Blitzle","Blitzle","FALSE",,"618",,,,"0/15/13",,,,"22.5",,,,"498",,,,"Quick Attack, Flame Charge, Discharge",,,"522;523","522;523"
"522","Blitzle (Shadow)","Blitzle","TRUE",,"667",,,,"0/15/13",,,,"22.5",,,,"498",,,,"Quick Attack, Flame Charge, Discharge",,,"522;523","522;523"
"523","Zebstrika","Blitzle","FALSE",,"706",,,,"0/12/11",,,,"8",,,,"499",,,,"Spark, Wild Charge, Flame Charge",,,"522;523","523"
"527","Woobat","Woobat","FALSE",,"340",,,,"0/15/15",,,,"19.5",,,,"496",,,,"Confusion, Aerial Ace, Psyshock",,,"527;528","527;528"
"528","Swoobat","Woobat","FALSE",,"350",,,,"2/15/14",,,,"11",,,,"500",,,,"Confusion, Fly, Psychic Fangs",,,"527;528","528"
"529","Drilbur","Drilbur","FALSE",,"360",,,,"0/15/14",,,,"14",,,,"500",,,,"Mud Slap, Drill Run, Rock Tomb",,,"529;530","529;530"
"529","Drilbur (Shadow)","Drilbur","TRUE",,"244",,,,"0/15/14",,,,"14",,,,"500",,,,"Mud Slap, Drill Run, Rock Tomb",,,"529;530","529;530"
"530","Excadrill","Drilbur","FALSE",,"164",,,,"0/14/11",,,,"6",,,,"500",,,,"Mud Slap, Drill Run, Rock Slide",,,"529;530","530"
"531","Audino","Audino","FALSE",,"712",,,,"0/12/10",,,,"12",,,,"498",,,,"Zen Headbutt, Disarming Voice, Hyper Beam",,,"531","531"
"536","Palpitoad","Tympole","FALSE",,"538",,,,"0/12/8",,,,"14.5",,,,"499",,,,"Bubble, Earth Power, Water Pulse",,,"535;536;537","536;537"
"537","Seismitoad","Tympole","FALSE",,"436",,,,"1/15/13",,,,"7.5",,,,"500",,,,"Bubble, Muddy Water, Earth Power",,,"535;536;537","537"
"540","Sewaddle","Sewaddle","FALSE",,"484",,,,"0/15/11",,,,"21",,,,"497",,,,"Bug Bite, Silver Wind, Seed Bomb",,,"540;541;542","540;541;542"
"541","Swadloon","Sewaddle","FALSE",,"521",,,,"0/15/14",,,,"14.5",,,,"498",,,,"Bug Bite, Silver Wind, Bug Buzz",,,"540;541;542","541;542"
"542","Leavanny","Sewaddle","FALSE",,"257",,,,"0/11/15",,,,"7.5",,,,"500",,,,"Shadow Claw, Leaf Blade, X-Scissor",,,"540;541;542","542"
"543","Venipede","Venipede","FALSE",,"391",,,,"0/14/14",,,,"29.5",,,,"497",,,,"Poison Sting, Sludge Bomb, Signal Beam",,,"543;544;545","543;544;545"
"543","Venipede (Shadow)","Venipede","TRUE",,"500",,,,"0/14/14",,,,"29.5",,,,"499",,,,"Poison Sting, Sludge Bomb, Signal Beam",,,"543;544;545","543;544;545"
"544","Whirlipede","Venipede","FALSE",,"304",,,,"0/15/9",,,,"18",,,,"498",,,,"Poison Sting, Sludge Bomb, Signal Beam",,,"543;544;545","544;545"
"544","Whirlipede (Shadow)","Venipede","TRUE",,"423",,,,"0/15/9",,,,"18",,,,"500",,,,"Poison Sting, Sludge Bomb, Signal Beam",,,"543;544;545","544;545"
"545","Scolipede","Venipede","FALSE",,"399",,,,"0/10/11",,,,"8",,,,"500",,,,"Poison Jab, X-Scissor, Sludge Bomb",,,"543;544;545","545"
"546","Cottonee","Cottonee","FALSE",,"14",,,,"0/15/15",,,,"30.5",,,,"495",,,,"Charm, Grass Knot, Seed Bomb",,,"546;547","546;547"
"547","Whimsicott","Cottonee","FALSE",,"49",,,,"1/15/13",,,,"9.5",,,,"500",,,,"Charm, Moonblast, Seed Bomb",,,"546;547","547"
"548","Petilil","Petilil","FALSE",,"654",,,,"1/15/15",,,,"19",,,,"499",,,,"Hidden Power (Ice), Seed Bomb, Energy Ball",,,"548;549","548;549"
"549","Lilligant","Petilil","FALSE",,"680",,,,"1/15/13",,,,"7.5",,,,"499",,,,"Magical Leaf, Petal Blizzard, Hyper Beam",,,"548;549","549"
"551","Sandile","Sandile","FALSE",,"346",,,,"0/15/11",,,,"19",,,,"500",,,,"Mud Slap, Crunch, Dig",,,"551;552;553","551;552;553"
"552","Krokorok","Sandile","FALSE",,"356",,,,"0/15/15",,,,"13.5",,,,"498",,,,"Mud Slap, Crunch, Earthquake",,,"551;552;553","552;553"
"553","Krookodile","Sandile","FALSE",,"247",,,,"0/13/5",,,,"6.5",,,,"497",,,,"Mud Slap, Crunch, Brick Break",,,"551;552;553","553"
"556","Maractus","Maractus","FALSE",,"658",,,,"0/14/10",,,,"8.5",,,,"498",,,,"Poison Jab, Aerial Ace, Petal Blizzard",,,"556","556"
"557","Dwebble","Dwebble","FALSE",,"222",,,,"1/15/15",,,,"16",,,,"496",,,,"Smack Down, X-Scissor, Rock Blast",,,"557;558","557;558"
"557","Dwebble (Shadow)","Dwebble","TRUE",,"166",,,,"1/15/15",,,,"16",,,,"498",,,,"Smack Down, X-Scissor, Rock Blast",,,"557;558","557;558"
"558","Crustle","Dwebble","FALSE",,"207",,,,"3/15/13",,,,"7.5",,,,"499",,,,"Fury Cutter, X-Scissor, Rock Slide",,,"557;558","558"
"559","Scraggy","Scraggy","FALSE",,"550",,,,"0/15/9",,,,"14.5",,,,"499",,,,"Feint Attack, Foul Play, Brick Break",,,"559;560","559;560"
"560","Scrafty","Scraggy","FALSE",,"189",,,,"0/15/13",,,,"8.5",,,,"500",,,,"Counter, Foul Play, Thunder Punch",,,"559;560","560"
"561","Sigilyph","Sigilyph","FALSE",,"603",,,,"0/15/15",,,,"7.5",,,,"498",,,,"Air Slash, Ancient Power, Signal Beam",,,"561","561"
"562","Yamask (Galarian)","Yamask","FALSE",,"173",,,,"0/10/15",,,,"21",,,,"498",,,,"Astonish, Night Shade, Rock Tomb",,,"562;563;867","562;563;867"
"566","Archen","Archen","FALSE",,"440",,,,"3/15/15",,,,"10",,,,"497",,,,"Wing Attack, Ancient Power, Dragon Claw",,,"566;567","566;567"
"566","Archen (Shadow)","Archen","TRUE",,"430",,,,"3/15/15",,,,"10",,,,"497",,,,"Wing Attack, Ancient Power, Dragon Claw",,,"566;567","566;567"
"567","Archeops","Archen","FALSE",,"490",,,,"0/9/6",,,,"6",,,,"496",,,,"Wing Attack, Ancient Power, Dragon Claw",,,"566;567","567"
"568","Trubbish","Trubbish","FALSE",,"723",,,,"0/14/12",,,,"20.5",,,,"499",,,,"Take Down, Gunk Shot, Seed Bomb",,,"568;569","568;569"
"568","Trubbish (Shadow)","Trubbish","TRUE",,"725",,,,"0/14/12",,,,"20.5",,,,"500",,,,"Take Down, Gunk Shot, Seed Bomb",,,"568;569","568;569"
"569","Garbodor","Trubbish","FALSE",,"558",,,,"0/2/14",,,,"8.5",,,,"498",,,,"Infestation, Body Slam, Seed Bomb",,,"568;569","569"
"569","Garbodor (Shadow)","Trubbish","TRUE",,"487",,,,"0/2/14",,,,"8.5",,,,"498",,,,"Infestation, Body Slam, Seed Bomb",,,"568;569","569"
"570","Zorua","Zorua","FALSE",,"655",,,,"1/15/11",,,,"16.5",,,,"495",,,,"Feint Attack, Foul Play, Aerial Ace",,,"570;571","570;571"
"571","Zoroark","Zorua","FALSE",,"698",,,,"0/13/11",,,,"7.5",,,,"500",,,,"Shadow Claw, Foul Play, Flamethrower",,,"570;571","571"
"572","Minccino","Minccino","FALSE",,"279",,,,"0/15/10",,,,"23.5",,,,"497",,,,"Charm, Swift, Aqua Tail",,,"572;573","572;573"
"573","Cinccino","Minccino","FALSE",,"372",,,,"0/15/13",,,,"8.5",,,,"498",,,,"Charm, Aqua Tail, Thunderbolt",,,"572;573","573"
"580","Ducklett","Ducklett","FALSE",,"28",,,,"0/15/15",,,,"24",,,,"500",,,,"Wing Attack, Brave Bird, Aerial Ace",,,"580;581","580;581"
"580","Ducklett (Shadow)","Ducklett","TRUE",,"98",,,,"0/15/15",,,,"24",,,,"500",,,,"Wing Attack, Brave Bird, Aerial Ace",,,"580;581","580;581"
"581","Swanna","Ducklett","FALSE",,"492",,,,"2/15/15",,,,"9",,,,"496",,,,"Air Slash, Fly, Ice Beam",,,"580;581","581"
"581","Swanna (Shadow)","Ducklett","TRUE",,"422",,,,"2/15/15",,,,"9",,,,"496",,,,"Air Slash, Fly, Ice Beam",,,"580;581","581"
"585","Deerling","Deerling","FALSE",,"491",,,,"0/14/15",,,,"17.5",,,,"500",,,,"Tackle, Wild Charge, Trailblaze",,,"585;586","585;586"
"586","Sawsbuck","Deerling","FALSE",,"707",,,,"0/13/13",,,,"8",,,,"500",,,,"Feint Attack, Wild Charge, Trailblaze",,,"585;586","586"
"587","Emolga","Emolga","FALSE",,"132",,,,"0/15/8",,,,"12",,,,"497",,,,"Thunder Shock, Aerial Ace, Acrobatics",,,"587","587"
"588","Karrablast","Karrablast","FALSE",,"351",,,,"0/14/15",,,,"16.5",,,,"499",,,,"Fury Cutter, X-Scissor, Aerial Ace",,,"588;589","588;589"
"588","Karrablast (Shadow)","Karrablast","TRUE",,"401",,,,"0/14/15",,,,"16.5",,,,"499",,,,"Fury Cutter, X-Scissor, Aerial Ace",,,"588;589","588;589"
"589","Escavalier","Karrablast","FALSE",,"383",,,,"7/15/13",,,,"6.5",,,,"500",,,,"Bug Bite, Megahorn, Aerial Ace",,,"588;589","589"
"590","Foongus","Foongus","FALSE",,"169",,,,"1/15/14",,,,"20.5",,,,"499",,,,"Astonish, Body Slam, Grass Knot",,,"590;591","590;591"
"590","Foongus (Shadow)","Foongus","TRUE",,"186",,,,"1/15/14",,,,"20.5",,,,"499",,,,"Astonish, Body Slam, Grass Knot",,,"590;591","590;591"
"591","Amoonguss","Foongus","FALSE",,"496",,,,"0/15/14",,,,"9",,,,"499",,,,"Astonish, Sludge Bomb, Grass Knot",,,"590;591","591"
"591","Amoonguss (Shadow)","Foongus","TRUE",,"536",,,,"0/15/14",,,,"9",,,,"499",,,,"Astonish, Sludge Bomb, Grass Knot",,,"590;591","591"
"595","Joltik","Joltik","FALSE",,"66",,,,"0/15/14",,,,"19.5",,,,"500",,,,"Sucker Punch, Cross Poison, Discharge",,,"595;596","595;596"
"595","Joltik (Shadow)","Joltik","TRUE",,"110",,,,"0/15/14",,,,"19.5",,,,"500",,,,"Sucker Punch, Cross Poison, Discharge",,,"595;596","595;596"
"596","Galvantula","Joltik","FALSE",,"506",,,,"3/15/14",,,,"8.5",,,,"498",,,,"Volt Switch, Lunge, Cross Poison",,,"595;596","596"
"596","Galvantula (Shadow)","Joltik","TRUE",,"509",,,,"3/15/14",,,,"8.5",,,,"498",,,,"Volt Switch, Lunge, Cross Poison",,,"595;596","596"
"597","Ferroseed","Ferroseed","FALSE",,"42",,,,"1/15/12",,,,"22",,,,"496",,,,"Metal Claw, Iron Head, Flash Cannon",,,"597;598","597;598"
"597","Ferroseed (Shadow)","Ferroseed","TRUE",,"133",,,,"1/15/12",,,,"22",,,,"496",,,,"Metal Claw, Iron Head, Flash Cannon",,,"597;598","597;598"
"598","Ferrothorn","Ferroseed","FALSE",,"123",,,,"0/10/12",,,,"8.5",,,,"497",,,,"Metal Claw, Power Whip, Mirror Shot",,,"597;598","598"
"598","Ferrothorn (Shadow)","Ferroseed","TRUE",,"286",,,,"0/10/12",,,,"8.5",,,,"497",,,,"Bullet Seed, Power Whip, Mirror Shot",,,"597;598","598"
"602","Tynamo","Tynamo","FALSE",,"694",,,,"0/15/15",,,,"24.5",,,,"498",,,,"Tackle, Struggle, NA",,,"602;603;604","602;603;604"
"603","Eelektrik","Tynamo","FALSE",,"646",,,,"0/8/14",,,,"11.5",,,,"500",,,,"Spark, Crunch, Discharge",,,"602;603;604","603;604"
"604","Eelektross","Tynamo","FALSE",,"472",,,,"1/15/14",,,,"7",,,,"498",,,,"Volt Switch, Dragon Claw, Liquidation",,,"602;603;604","604"
"616","Shelmet","Shelmet","FALSE",,"74",,,,"0/15/13",,,,"25.5",,,,"496",,,,"Infestation, Body Slam, Bug Buzz",,,"616;617","616;617"
"616","Shelmet (Shadow)","Shelmet","TRUE",,"104",,,,"0/15/13",,,,"25.5",,,,"496",,,,"Infestation, Body Slam, Bug Buzz",,,"616;617","616;617"
"617","Accelgor","Shelmet","FALSE",,"711",,,,"0/14/5",,,,"8",,,,"493",,,,"Water Shuriken, Bug Buzz, Signal Beam",,,"616;617","617"
"618","Stunfisk","Stunfisk","FALSE",,"59",,,,"1/14/13",,,,"9",,,,"500",,,,"Thunder Shock, Mud Bomb, Discharge",,,"618","618"
"622","Golett","Golett","FALSE",,"32",,,,"0/14/15",,,,"16.5",,,,"499",,,,"Mud Slap, Shadow Punch, Brick Break",,,"622;623","622;623"
"622","Golett (Shadow)","Golett","TRUE",,"31",,,,"0/14/15",,,,"16.5",,,,"499",,,,"Mud Slap, Shadow Punch, Brick Break",,,"622;623","622;623"
"623","Golurk","Golett","FALSE",,"130",,,,"0/3/13",,,,"7",,,,"500",,,,"Mud Slap, Shadow Punch, Dynamic Punch",,,"622;623","623"
"624","Pawniard","Pawniard","FALSE",,"128",,,,"0/15/13",,,,"13.5",,,,"500",,,,"Fury Cutter, Night Slash, X-Scissor",,,"624;625;983","624;625;983"
"625","Bisharp","Pawniard","FALSE",,"397",,,,"0/6/9",,,,"7",,,,"496",,,,"Snarl, X-Scissor, Dark Pulse",,,"624;625;983","625;983"
"626","Bouffalant","Bouffalant","FALSE",,"532",,,,"0/13/11",,,,"7",,,,"498",,,,"Mud Shot, Stomp, Megahorn",,,"626","626"
"627","Rufflet","Rufflet","FALSE",,"501",,,,"0/15/13",,,,"13",,,,"499",,,,"Wing Attack, Brave Bird, Fly",,,"627;628","627;628"
"628","Braviary","Rufflet","FALSE",,"562",,,,"0/6/8",,,,"6.5",,,,"499",,,,"Air Slash, Brave Bird, Close Combat",,,"627;628","628"
"629","Vullaby","Vullaby","FALSE",,"250",,,,"0/11/14",,,,"16",,,,"498",,,,"Air Slash, Brave Bird, Foul Play",,,"629;630","629;630"
"630","Mandibuzz","Vullaby","FALSE",,"76",,,,"3/15/14",,,,"9",,,,"499",,,,"Snarl, Aerial Ace, Foul Play",,,"629;630","630"
"632","Durant","Durant","FALSE",,"400",,,,"0/15/1",,,,"7.5",,,,"500",,,,"Metal Claw, X-Scissor, Stone Edge",,,"632","632"
"633","Deino","Deino","FALSE",,"65",,,,"1/15/14",,,,"18.5",,,,"499",,,,"Dragon Breath, Crunch, Body Slam",,,"633;634;635","633;634;635"
"634","Zweilous","Deino","FALSE",,"93",,,,"0/15/12",,,,"10.5",,,,"500",,,,"Dragon Breath, Body Slam, Dark Pulse",,,"633;634;635","634;635"
"635","Hydreigon","Deino","FALSE",,"113",,,,"0/11/8",,,,"5.5",,,,"498",,,,"Dragon Breath, Brutal Swing, Dragon Pulse",,,"633;634;635","635"
"636","Larvesta","Larvesta","FALSE",,"150",,,,"0/14/12",,,,"13",,,,"500",,,,"Ember, Flame Charge, Bug Buzz",,,"636;637","636;637"
"637","Volcarona","Larvesta","FALSE",,"249",,,,"0/10/8",,,,"5.5",,,,"499",,,,"Fire Spin, Overheat, Bug Buzz",,,"636;637","637"
"650","Chespin","Chespin","FALSE",,"377",,,,"1/15/15",,,,"18",,,,"499",,,,"Vine Whip, Body Slam, Seed Bomb",,,"650;651;652","650;651;652"
"651","Quilladin","Chespin","FALSE",,"431",,,,"0/8/14",,,,"11.5",,,,"499",,,,"Vine Whip, Body Slam, Energy Ball",,,"650;651;652","651;652"
"652","Chesnaught","Chespin","FALSE",,"402",,,,"3/14/14",,,,"6.5",,,,"500",,,,"Vine Whip, Superpower, Frenzy Plant",,,"650;651;652","652"
"658","Greninja","Froakie","FALSE",,"20",,,,"8/15/13",,,,"7",,,,"499",,,,"Water Shuriken, Hydro Cannon, Night Slash",,,"656;657;658","658"
"659","Bunnelby","Bunnelby","FALSE",,"344",,,,"1/15/14",,,,"47",,,,"498",,,,"Quick Attack, Return, Dig",,,"659;660","659;660"
"659","Bunnelby (Shadow)","Bunnelby","TRUE",,"421",,,,"1/15/14",,,,"47",,,,"498",,,,"Quick Attack, Dig, Bulldoze",,,"659;660","659;660"
"660","Diggersby","Bunnelby","FALSE",,"10",,,,"2/14/14",,,,"13",,,,"498",,,,"Quick Attack, Fire Punch, Scorching Sands",,,"659;660","660"
"660","Diggersby (Shadow)","Bunnelby","TRUE",,"18",,,,"2/14/14",,,,"13",,,,"498",,,,"Quick Attack, Fire Punch, Scorching Sands",,,"659;660","660"
"661","Fletchling","Fletchling","FALSE",,"3",,,,"0/15/13",,,,"25.5",,,,"495",,,,"Quick Attack, Swift, Fly",,,"661;662;663","661;662;663"
"662","Fletchinder","Fletchling","FALSE",,"60",,,,"1/15/15",,,,"13",,,,"500",,,,"Ember, Fly, Flame Charge",,,"661;662;663","662;663"
"663","Talonflame","Fletchling","FALSE",,"72",,,,"0/14/2",,,,"9",,,,"499",,,,"Incinerate, Brave Bird, Fly",,,"661;662;663","663"
"664","Scatterbug","Scatterbug","FALSE",,"547",,,,"7/15/15",,,,"50",,,,"498",,,,"Bug Bite, Struggle, NA",,,"664;665;666","664;665;666"
"666","Vivillon","Scatterbug","FALSE",,"211",,,,"0/14/7",,,,"10.5",,,,"497",,,,"Gust, Aerial Ace, Bug Buzz",,,"664;665;666","666"
"667","Litleo","Litleo","FALSE",,"111",,,,"1/15/14",,,,"13.5",,,,"495",,,,"Incinerate, Flame Charge, Crunch",,,"667;668","667;668"
"668","Pyroar","Litleo","FALSE",,"157",,,,"0/14/12",,,,"7",,,,"500",,,,"Incinerate, Flame Charge, Overheat",,,"667;668","668"
"672","Skiddo","Skiddo","FALSE",,"708",,,,"0/11/15",,,,"16",,,,"500",,,,"Rock Smash, Rock Slide, Seed Bomb",,,"672;673","672;673"
"673","Gogoat","Skiddo","FALSE",,"220",,,,"0/12/13",,,,"7",,,,"499",,,,"Vine Whip, Leaf Blade, Brick Break",,,"672;673","673"
"675","Pangoro","Pancham","FALSE",,"19",,,,"5/15/14",,,,"6.5",,,,"499",,,,"Karate Chop, Close Combat, Night Slash",,,"674;675","675"
"676","Furfrou","Furfrou","FALSE",,"428",,,,"2/15/15",,,,"9",,,,"500",,,,"Sucker Punch, Surf, Dark Pulse",,,"676","676"
"686","Inkay","Inkay","FALSE",,"8",,,,"0/13/15",,,,"22",,,,"500",,,,"Psywave, Night Slash, Psybeam",,,"686;687","686;687"
"687","Malamar","Inkay","FALSE",,"139",,,,"4/15/14",,,,"8",,,,"500",,,,"Psywave, Superpower, Foul Play",,,"686;687","687"
"690","Skrelp","Skrelp","FALSE",,"38",,,,"0/15/11",,,,"19",,,,"495",,,,"Water Gun, Aqua Tail, Sludge Bomb",,,"690;691","690;691"
"691","Dragalge","Skrelp","FALSE",,"97",,,,"3/15/13",,,,"8",,,,"499",,,,"Dragon Tail, Aqua Tail, Outrage",,,"690;691","691"
"694","Helioptile","Helioptile","FALSE",,"539",,,,"0/13/14",,,,"21.5",,,,"500",,,,"Quick Attack, Parabolic Charge, Bulldoze",,,"694;695","694;695"
"695","Heliolisk","Helioptile","FALSE",,"619",,,,"0/14/8",,,,"7.5",,,,"499",,,,"Volt Switch, Breaking Swipe, Parabolic Charge",,,"694;695","695"
"701","Hawlucha","Hawlucha","FALSE",,"314",,,,"0/13/14",,,,"8",,,,"499",,,,"Poison Jab, Flying Press, Aerial Ace",,,"701","701"
"702","Dedenne","Dedenne","FALSE",,"514",,,,"0/15/11",,,,"10.5",,,,"500",,,,"Thunder Shock, Parabolic Charge, Discharge",,,"702","702"
"708","Phantump","Phantump","FALSE",,"445",,,,"0/14/15",,,,"17.5",,,,"499",,,,"Astonish, Shadow Ball, Foul Play",,,"708;709","708;709"
"709","Trevenant","Phantump","FALSE",,"512",,,,"0/14/15",,,,"7.5",,,,"500",,,,"Shadow Claw, Shadow Ball, Foul Play",,,"708;709","709"
"710","Pumpkaboo (Average)","Pumpkaboo","FALSE",,"379",,,,"0/14/12",,,,"16",,,,"500",,,,"Astonish, Grass Knot, Foul Play",,,"710;711","710;711"
"710","Pumpkaboo (Large)","Pumpkaboo","FALSE",,"368",,,,"0/14/12",,,,"16",,,,"500",,,,"Astonish, Grass Knot, Foul Play",,,"710;711","710;711"
"710","Pumpkaboo (Small)","Pumpkaboo","FALSE",,"386",,,,"0/14/12",,,,"16",,,,"500",,,,"Astonish, Grass Knot, Foul Play",,,"710;711","710;711"
"710","Pumpkaboo (Super)","Pumpkaboo","FALSE",,"328",,,,"0/14/12",,,,"16",,,,"500",,,,"Astonish, Grass Knot, Foul Play",,,"710;711","710;711"
"711","Gourgeist (Average)","Pumpkaboo","FALSE",,"615",,,,"0/12/9",,,,"7.5",,,,"499",,,,"Hex, Seed Bomb, Shadow Ball",,,"710;711","711"
"711","Gourgeist (Large)","Pumpkaboo","FALSE",,"602",,,,"0/12/9",,,,"7.5",,,,"498",,,,"Hex, Seed Bomb, Shadow Ball",,,"710;711","711"
"711","Gourgeist (Small)","Pumpkaboo","FALSE",,"630",,,,"0/12/9",,,,"7.5",,,,"500",,,,"Hex, Seed Bomb, Shadow Ball",,,"710;711","711"
"711","Gourgeist (Super)","Pumpkaboo","FALSE",,"597",,,,"0/12/9",,,,"7.5",,,,"497",,,,"Hex, Seed Bomb, Shadow Ball",,,"710;711","711"
"714","Noibat","Noibat","FALSE",,"528",,,,"0/15/15",,,,"32",,,,"498",,,,"Wing Attack, Dragon Pulse, Air Cutter",,,"714;715","714;715"
"715","Noivern","Noibat","FALSE",,"575",,,,"0/14/14",,,,"7",,,,"498",,,,"Air Slash, Hurricane, Boomburst",,,"714;715","715"
"722","Rowlet","Rowlet","FALSE",,"542",,,,"0/15/15",,,,"19",,,,"500",,,,"Leafage, Seed Bomb, Energy Ball",,,"722;723;724","722;723;724"
"723","Dartrix","Rowlet","FALSE",,"571",,,,"3/15/15",,,,"11",,,,"499",,,,"Leafage, Brave Bird, Seed Bomb",,,"722;723;724","723;724"
"724","Decidueye","Rowlet","FALSE",,"442",,,,"0/14/12",,,,"7",,,,"499",,,,"Astonish, Brave Bird, Frenzy Plant",,,"722;723;724","724"
"724","Decidueye (Hisuian)","Rowlet","FALSE",,"566",,,,"6/15/14",,,,"6.5",,,,"498",,,,"Psycho Cut, Aerial Ace, Aura Sphere",,,"722;723;724","724"
"727","Incineroar","Litten","FALSE",,"57",,,,"0/13/14",,,,"6.5",,,,"500",,,,"Fire Fang, Blast Burn, Blaze Kick",,,"725;726;727","727"
"731","Pikipek","Pikipek","FALSE",,"470",,,,"0/14/15",,,,"21.5",,,,"497",,,,"Peck, Drill Peck, Aerial Ace",,,"731;732;733","731;732;733"
"732","Trumbeak","Pikipek","FALSE",,"471",,,,"0/15/14",,,,"13",,,,"500",,,,"Peck, Drill Peck, Rock Blast",,,"731;732;733","732;733"
"733","Toucannon","Pikipek","FALSE",,"663",,,,"4/15/14",,,,"7",,,,"500",,,,"Bullet Seed, Drill Peck, Rock Blast",,,"731;732;733","733"
"734","Yungoos","Yungoos","FALSE",,"622",,,,"0/15/13",,,,"22.5",,,,"500",,,,"Tackle, Hyper Fang, Crunch",,,"734;735","734;735"
"735","Gumshoos","Yungoos","FALSE",,"469",,,,"0/7/14",,,,"9",,,,"497",,,,"Bite, Hyper Fang, Crunch",,,"734;735","735"
"736","Grubbin","Grubbin","FALSE",,"526",,,,"1/15/14",,,,"20",,,,"499",,,,"Bug Bite, X-Scissor, Crunch",,,"736;737;738","736;737;738"
"737","Charjabug","Grubbin","FALSE",,"194",,,,"0/11/15",,,,"11.5",,,,"499",,,,"Volt Switch, X-Scissor, Crunch",,,"736;737;738","737;738"
"738","Vikavolt","Grubbin","FALSE",,"565",,,,"9/15/13",,,,"6",,,,"500",,,,"Volt Switch, X-Scissor, Fly",,,"736;737;738","738"
"741","Oricorio (Baile)","Oricorio","FALSE",,"453",,,,"5/15/14",,,,"8",,,,"497",,,,"Air Slash, Aerial Ace, Hurricane",,,"741","741"
"741","Oricorio (Pa'u)","Oricorio","FALSE",,"578",,,,"5/15/14",,,,"8",,,,"497",,,,"Air Slash, Aerial Ace, Hurricane",,,"741","741"
"741","Oricorio (Pom-Pom)","Oricorio","FALSE",,"495",,,,"5/15/14",,,,"8",,,,"497",,,,"Air Slash, Aerial Ace, Hurricane",,,"741","741"
"741","Oricorio (Sensu)","Oricorio","FALSE",,"367",,,,"5/15/14",,,,"8",,,,"497",,,,"Air Slash, Aerial Ace, Hurricane",,,"741","741"
"742","Cutiefly","Cutiefly","FALSE",,"704",,,,"0/14/15",,,,"22.5",,,,"500",,,,"Fairy Wind, Bug Buzz, Dazzling Gleam",,,"742;743","742;743"
"743","Ribombee","Cutiefly","FALSE",,"721",,,,"4/15/13",,,,"8.5",,,,"499",,,,"Fairy Wind, Bug Buzz, Dazzling Gleam",,,"742;743","743"
"747","Mareanie","Mareanie","FALSE",,"278",,,,"0/12/15",,,,"21",,,,"500",,,,"Poison Sting, Brine, Sludge Wave",,,"747;748","747;748"
"748","Toxapex","Mareanie","FALSE",,"172",,,,"0/13/10",,,,"12",,,,"497",,,,"Poison Jab, Brine, Sludge Wave",,,"747;748","748"
"751","Dewpider","Dewpider","FALSE",,"143",,,,"0/15/15",,,,"29.5",,,,"499",,,,"Bug Bite, Water Pulse, Bubble Beam",,,"751;752","751;752"
"752","Araquanid","Dewpider","FALSE",,"605",,,,"0/5/14",,,,"11",,,,"499",,,,"Infestation, Bug Buzz, Water Pulse",,,"751;752","752"
"753","Fomantis","Fomantis","FALSE",,"168",,,,"1/15/14",,,,"27",,,,"497",,,,"Fury Cutter, Leaf Blade, Trailblaze",,,"753;754","753;754"
"754","Lurantis","Fomantis","FALSE",,"193",,,,"0/14/15",,,,"8",,,,"500",,,,"Fury Cutter, Leaf Blade, Superpower",,,"753;754","754"
"755","Morelull","Morelull","FALSE",,"590",,,,"0/13/14",,,,"19.5",,,,"500",,,,"Astonish, Seed Bomb, Dazzling Gleam",,,"755;756","755;756"
"756","Shiinotic","Morelull","FALSE",,"621",,,,"0/10/14",,,,"10.5",,,,"500",,,,"Astonish, Moonblast, Seed Bomb",,,"755;756","756"
"757","Salandit","Salandit","FALSE",,"291",,,,"0/13/15",,,,"17.5",,,,"500",,,,"Poison Jab, Flamethrower, Poison Fang",,,"757;758","757;758"
"758","Salazzle","Salandit","FALSE",,"92",,,,"6/15/14",,,,"7.5",,,,"500",,,,"Incinerate, Poison Fang, Fire Blast",,,"757;758","758"
"759","Stufful","Stufful","FALSE",,"541",,,,"0/13/15",,,,"14.5",,,,"497",,,,"Tackle, Superpower, Stomp",,,"759;760","759;760"
"760","Bewear","Stufful","FALSE",,"269",,,,"8/15/15",,,,"6",,,,"498",,,,"Shadow Claw, Superpower, Stomp",,,"759;760","760"
"761","Bounsweet","Bounsweet","FALSE",,"233",,,,"11/15/14",,,,"50",,,,"496",,,,"Charm, Energy Ball, Draining Kiss",,,"761;762;763","761;762;763"
"762","Steenee","Bounsweet","FALSE",,"223",,,,"0/15/15",,,,"27.5",,,,"499",,,,"Charm, Triple Axel, Grass Knot",,,"761;762;763","762;763"
"763","Tsareena","Bounsweet","FALSE",,"634",,,,"0/15/15",,,,"6.5",,,,"500",,,,"Magical Leaf, Triple Axel, Grass Knot",,,"761;762;763","763"
"765","Oranguru","Oranguru","FALSE",,"294",,,,"0/15/9",,,,"8",,,,"499",,,,"Confusion, Brutal Swing, Trailblaze",,,"765","765"
"767","Wimpod","Wimpod","FALSE",,"668",,,,"6/15/13",,,,"50",,,,"495",,,,"Struggle Bug, Bug Buzz, NA",,,"767;768","767;768"
"768","Golisopod","Wimpod","FALSE",,"282",,,,"7/14/13",,,,"6",,,,"499",,,,"Fury Cutter, X-Scissor, Liquidation",,,"767;768","768"
"769","Sandygast","Sandygast","FALSE",,"398",,,,"0/14/15",,,,"16",,,,"500",,,,"Astonish, Scorching Sands, Shadow Ball",,,"769;770","769;770"
"770","Palossand","Sandygast","FALSE",,"415",,,,"0/14/10",,,,"8",,,,"500",,,,"Astonish, Scorching Sands, Shadow Ball",,,"769;770","770"
"775","Komala","Komala","FALSE",,"713",,,,"0/14/11",,,,"7.5",,,,"499",,,,"Rollout, Payback, Play Rough",,,"775","775"
"777","Togedemaru","Togedemaru","FALSE",,"154",,,,"0/8/15",,,,"9",,,,"499",,,,"Thunder Shock, Wild Charge, Gyro Ball",,,"777","777"
"780","Drampa","Drampa","FALSE",,"185",,,,"4/15/14",,,,"6.5",,,,"500",,,,"Dragon Breath, Fly, Outrage",,,"780","780"
"794","Buzzwole","Buzzwole","FALSE",,"234",,,,"7/15/13",,,,"5.5",,,,"499",,,,"Counter, Superpower, Lunge",,,"794","794"
"795","Pheromosa","Pheromosa","FALSE",,"595",,,,"8/15/14",,,,"6.5",,,,"497",,,,"Bug Bite, Close Combat, Lunge",,,"795","795"
"796","Xurkitree","Xurkitree","FALSE",,"684",,,,"0/15/9",,,,"5",,,,"498",,,,"Thunder Shock, Discharge, Power Whip",,,"796","796"
"797","Celesteela","Celesteela","FALSE",,"91",,,,"0/2/11",,,,"6.5",,,,"500",,,,"Air Slash, Body Slam, Heavy Slam",,,"797","797"
"798","Kartana","Kartana","FALSE",,"616",,,,"0/8/5",,,,"5.5",,,,"491",,,,"Air Slash, Leaf Blade, Night Slash",,,"798","798"
"803","Poipole","Poipole","FALSE",,"348",,,,"0/13/11",,,,"12",,,,"499",,,,"Poison Jab, Sludge Bomb, Fell Stinger",,,"803;804","803;804"
"804","Naganadel","Poipole","FALSE",,"252",,,,"4/15/13",,,,"6",,,,"500",,,,"Poison Jab, Dragon Claw, Sludge Bomb",,,"803;804","804"
"810","Grookey","Grookey","FALSE",,"329",,,,"0/15/15",,,,"18",,,,"498",,,,"Razor Leaf, Grass Knot, Energy Ball",,,"810;811;812","810;811;812"
"811","Thwackey","Grookey","FALSE",,"342",,,,"3/15/15",,,,"10",,,,"500",,,,"Razor Leaf, Grass Knot, Energy Ball",,,"810;811;812","811;812"
"812","Rillaboom","Grookey","FALSE",,"376",,,,"0/4/15",,,,"6",,,,"494",,,,"Razor Leaf, Grass Knot, Earth Power",,,"810;811;812","812"
"819","Skwovet","Skwovet","FALSE",,"145",,,,"0/15/14",,,,"21.5",,,,"497",,,,"Tackle, Body Slam, Crunch",,,"819;820","819;820"
"820","Greedent","Skwovet","FALSE",,"187",,,,"4/15/15",,,,"8",,,,"499",,,,"Tackle, Body Slam, Crunch",,,"819;820","820"
"821","Rookidee","Rookidee","FALSE",,"553",,,,,,,,,,,,"500",,,,"Sand Attack, Sky Attack, Payback",,,"821;822;823","821;822;823"
"822","Corvisquire","Rookidee","FALSE",,"554",,,,"0/13/14",,,,"14.5",,,,"500",,,,"Sand Attack, Sky Attack, Payback",,,"821;822;823","822;823"
"823","Corviknight","Rookidee","FALSE",,"34",,,,"0/13/11",,,,"8",,,,"499",,,,"Sand Attack, Sky Attack, Iron Head",,,"821;822;823","823"
"831","Wooloo","Wooloo","FALSE",,"149",,,,"0/15/15",,,,"29.5",,,,"500",,,,"Tackle, Wild Charge, Stomp",,,"831;832","831;832"
"832","Dubwool","Wooloo","FALSE",,"117",,,,"0/9/12",,,,"9",,,,"496",,,,"Double Kick, Body Slam, Wild Charge",,,"831;832","832"
"848","Toxel","Toxel","FALSE",,"493",,,,"0/15/13",,,,"28",,,,"500",,,,"Acid, Power-Up Punch, NA",,,"848;849","848;849"
"849","Toxtricity","Toxel","FALSE",,"370",,,,"0/14/7",,,,"7.5",,,,"497",,,,"Poison Jab, Wild Charge, Power-Up Punch",,,"848;849","849"
"862","Obstagoon","Zigzagoon","FALSE",,"200",,,,"0/9/9",,,,"7.5",,,,"500",,,,"Counter, Night Slash, Cross Chop",,,"263&galar;264&galar;862","862"
"867","Runerigus","Yamask","FALSE",,"86",,,,"0/15/15",,,,"8.5",,,,"497",,,,"Shadow Claw, Brutal Swing, Shadow Ball",,,"562&galar;867","867"
"877","Morpeko (Full Belly)","Morpeko","FALSE",,"83",,,,"5/15/15",,,,"9.5",,,,"498",,,,"Thunder Shock, Aura Wheel, Psychic Fangs",,,"877","877"
"899","Wyrdeer","Stantler","FALSE",,"483",,,,"1/15/14",,,,"7",,,,"500",,,,"Confusion, Wild Charge, Stomp",,,"234;899","899"
"901","Ursaluna","Teddiursa","FALSE",,"301",,,,"6/15/13",,,,"5",,,,"498",,,,"Tackle, Swift, Ice Punch",,,"216;217;901","901"
"903","Sneasler","Sneasel","FALSE",,"448",,,,"0/15/13",,,,"6",,,,"499",,,,"Poison Jab, Close Combat, Aerial Ace",,,"215&hisui;903","903"
"904","Overqwil","Qwilfish","FALSE",,"151",,,,"2/15/14",,,,"6.5",,,,"500",,,,"Poison Sting, Aqua Tail, Sludge Bomb",,,"211&hisui;904","904"
"906","Sprigatito","Sprigatito","FALSE",,"677",,,,"0/15/14",,,,"19.5",,,,"499",,,,"Leafage, Grass Knot, Play Rough",,,"906;907;908","906;907;908"
"907","Floragato","Sprigatito","FALSE",,"685",,,,"0/14/14",,,,"11.5",,,,"499",,,,"Leafage, Grass Knot, Play Rough",,,"906;907;908","907;908"
"908","Meowscarada","Sprigatito","FALSE",,"452",,,,"0/4/15",,,,"7",,,,"499",,,,"Leafage, Night Slash, Frenzy Plant",,,"906;907;908","908"
"915","Lechonk","Lechonk","FALSE",,"67",,,,"0/14/15",,,,"28.5",,,,"495",,,,"Tackle, Body Slam, Trailblaze",,,"915;916","915;916"
"916","Oinkologne","Lechonk","FALSE",,"270",,,,"0/12/12",,,,"7.5",,,,"498",,,,"Tackle, Body Slam, Trailblaze",,,"915;916","916"
"916","Oinkologne (Female)","Lechonk","FALSE",,"201",,,,"0/11/5",,,,"8",,,,"495",,,,"Tackle, Body Slam, Trailblaze",,,"915;916","916"
"919","Nymble","Nymble","FALSE",,"384",,,,"1/15/14",,,,"39.5",,,,"498",,,,"Bug Bite, X-Scissor, Trailblaze",,,"919;920","919;920"
"920","Lokix","Nymble","FALSE",,"242",,,,"0/11/7",,,,"8.5",,,,"495",,,,"Sucker Punch, X-Scissor, Dark Pulse",,,"919;920","920"
"921","Pawmi","Pawmi","FALSE",,"649",,,,"0/15/14",,,,"34",,,,"498",,,,"Spark, Wild Charge, Discharge",,,"921;922;923","921;922;923"
"922","Pawmo","Pawmi","FALSE",,"617",,,,"0/15/12",,,,"15",,,,"500",,,,"Spark, Wild Charge, Thunder Punch",,,"921;922;923","922;923"
"923","Pawmot","Pawmi","FALSE",,"700",,,,"0/5/13",,,,"7.5",,,,"493",,,,"Spark, Close Combat, Wild Charge",,,"921;922;923","923"
"924","Tandemaus","Tandemaus","FALSE",,"312",,,,"0/12/15",,,,"23",,,,"497",,,,"Mud Shot, Swift, Crunch",,,"924;925","924;925"
"925","Maushold","Tandemaus","FALSE",,"417",,,,"0/5/13",,,,"10",,,,"499",,,,"Mud Shot, Swift, Crunch",,,"924;925","925"
"928","Smoliv","Smoliv","FALSE",,"524",,,,"0/15/15",,,,"23.5",,,,"499",,,,"Tackle, Trailblaze, Earth Power",,,"928;929;930","928;929;930"
"929","Dolliv","Smoliv","FALSE",,"585",,,,"1/15/14",,,,"13.5",,,,"500",,,,"Magical Leaf, Trailblaze, Earth Power",,,"928;929;930","929;930"
"930","Arboliva","Smoliv","FALSE",,"627",,,,"1/15/14",,,,"6.5",,,,"498",,,,"Magical Leaf, Trailblaze, Earth Power",,,"928;929;930","930"
"938","Tadbulb","Tadbulb","FALSE",,"425",,,,"0/15/15",,,,"22",,,,"498",,,,"Thunder Shock, Discharge, Parabolic Charge",,,"938;939","938;939"
"939","Bellibolt","Tadbulb","FALSE",,"441",,,,"0/4/14",,,,"7.5",,,,"497",,,,"Thunder Shock, Discharge, Parabolic Charge",,,"938;939","939"
"944","Shroodle","Shroodle","FALSE",,"276",,,,"1/15/14",,,,"21",,,,"499",,,,"Poison Jab, Poison Fang, Sludge Bomb",,,"944;945","944;945"
"945","Grafaiai","Shroodle","FALSE",,"313",,,,"0/13/13",,,,"8.5",,,,"500",,,,"Poison Jab, Poison Fang, Sludge Bomb",,,"944;945","945"
"962","Bombirdier","Bombirdier","FALSE",,"405",,,,"7/15/13",,,,"7.5",,,,"498",,,,"Wing Attack, Fly, Aerial Ace",,,"962","962"
"965","Varoom","Varoom","FALSE",,"266",,,,"0/14/12",,,,"17.5",,,,"499",,,,"Poison Jab, Gyro Ball, Gunk Shot",,,"965;966","965;966"
"966","Revavroom","Varoom","FALSE",,"316",,,,"2/15/13",,,,"6.5",,,,"499",,,,"Poison Jab, Overheat, Gyro Ball",,,"965;966","966"
"980","Clodsire","Wooper","FALSE",,"64",,,,"0/15/15",,,,"10",,,,"500",,,,"Poison Sting, Stone Edge, Sludge Bomb",,,"194&paldea;980","980"
"1111","Select a Pokemon","Select a Pokemon","FALSE","","","","","","","","","","","","","","","","","","","","","1111","1111"
"1111","Select a Pokemon","Select a Pokemon","TRUE","","","","","","","","","","","","","","","","","","","","","1111","1111"
"1112","Select a Shadow Pokemon","Select a Shadow Pokemon","FALSE","","","","","","","","","","","","","","","","","","","","","1112","1112"
"1112","Select a Shadow Pokemon","Select a Shadow Pokemon","TRUE","","","","","","","","","","","","","","","","","","","","","1112","1112"
