"ID","Pokemon","Family","Shadow","Little_Rank","Great_Rank","Ultra_Rank","Master_Rank","Little_IVs","Great_IVs","Ultra_IVs","Master_IVs","Little_Level","Great_Level","Ultra_Level","Master_Level","Little_CP","Great_CP","Ultra_CP","Master_CP","Little_MoveSet","Great_MoveSet","Ultra_MoveSet","Master_MoveSet","Evo_Fam","Evo_Next"
"1","Bulbasaur","Bulbasaur","FALSE",,"127",,,,"15/15/15",,,,"50",,,,"1260",,,,"Vine Whip, Power Whip, Sludge Bomb",,,"1;2;3","1;2;3"
"1","Bulbasaur (Shadow)","Bulbasaur","TRUE",,"143",,,,"15/15/15",,,,"50",,,,"1260",,,,"Vine Whip, Power Whip, Sludge Bomb",,,"1;2;3","1;2;3"
"2","Ivysaur","Bulbasaur","FALSE",,"41",,,,"0/13/14",,,,"38.5",,,,"1493",,,,"Vine Whip, Power Whip, Sludge Bomb",,,"1;2;3","2;3"
"2","Ivysaur (Shadow)","Bulbasaur","TRUE",,"38",,,,"0/13/14",,,,"38.5",,,,"1497",,,,"Vine Whip, Power Whip, Sludge Bomb",,,"1;2;3","2;3"
"3","Venusaur","Bulbasaur","FALSE",,"12",,,,"0/14/11",,,,"21",,,,"1496",,,,"Vine Whip, Frenzy Plant, Sludge Bomb",,,"1;2;3","3"
"3","Venusaur (Shadow)","Bulbasaur","TRUE",,"8",,,,"0/14/11",,,,"21",,,,"1496",,,,"Vine Whip, Frenzy Plant, Sludge Bomb",,,"1;2;3","3"
"8","Wartortle","Squirtle","FALSE",,"187",,,,"0/14/15",,,,"50",,,,"1496",,,,"Water Gun, Aqua Jet, Ice Beam",,,"7;8;9","8;9"
"8","Wartortle (Shadow)","Squirtle","TRUE",,"209",,,,"0/14/15",,,,"50",,,,"1496",,,,"Water Gun, Aqua Jet, Ice Beam",,,"7;8;9","8;9"
"9","Blastoise","Squirtle","FALSE",,"85",,,,"1/15/15",,,,"23",,,,"1492",,,,"Rollout, Hydro Cannon, Skull Bash",,,"7;8;9","9"
"9","Blastoise (Shadow)","Squirtle","TRUE",,"98",,,,"1/15/15",,,,"23",,,,"1492",,,,"Rollout, Hydro Cannon, Skull Bash",,,"7;8;9","9"
"35","Clefairy","Clefairy","FALSE",,"300",,,,"15/15/15",,,,"50",,,,"1306",,,,"Zen Headbutt, Disarming Voice, Swift",,,"35;36;173","35;36;173"
"36","Clefable","Clefairy","FALSE",,"66",,,,"0/13/15",,,,"23.5",,,,"1499",,,,"Fairy Wind, Moonblast, Swift",,,"35;36;173","36;173"
"38","Ninetales (Alolan)","Vulpix","FALSE",,"52",,,,"0/14/12",,,,"25",,,,"1498",,,,"Powder Snow, Weather Ball (Ice), Dazzling Gleam",,,"37;38","38"
"38","Ninetales (Alolan) (Shadow)","Vulpix","TRUE",,"39",,,,"0/14/12",,,,"25",,,,"1498",,,,"Powder Snow, Weather Ball (Ice), Dazzling Gleam",,,"37;38","38"
"40","Wigglytuff","Jigglypuff","FALSE",,"69",,,,"0/15/12",,,,"30",,,,"1495",,,,"Charm, Icy Wind, Swift",,,"39;40;174","40;174"
"43","Oddish","Oddish","FALSE",,"206",,,,"15/15/15",,,,"50",,,,"1389",,,,"Razor Leaf, Seed Bomb, Sludge Bomb",,,"43;44;45","43;44;45"
"43","Oddish (Shadow)","Oddish","TRUE",,"201",,,,"15/15/15",,,,"50",,,,"1389",,,,"Razor Leaf, Seed Bomb, Sludge Bomb",,,"43;44;45","43;44;45"
"44","Gloom","Oddish","FALSE",,"162",,,,"0/12/14",,,,"39.5",,,,"1500",,,,"Razor Leaf, Sludge Bomb, Moonblast",,,"43;44;45","44;45"
"44","Gloom (Shadow)","Oddish","TRUE",,"137",,,,"0/12/14",,,,"39.5",,,,"1500",,,,"Razor Leaf, Sludge Bomb, Moonblast",,,"43;44;45","44;45"
"45","Vileplume","Oddish","FALSE",,"189",,,,"0/15/14",,,,"22",,,,"1498",,,,"Razor Leaf, Sludge Bomb, Petal Blizzard",,,"43;44;45","45"
"45","Vileplume (Shadow)","Oddish","TRUE",,"150",,,,"0/15/14",,,,"22",,,,"1498",,,,"Razor Leaf, Sludge Bomb, Moonblast",,,"43;44;45","45"
"47","Parasect","Paras","FALSE",,"73",,,,"0/13/15",,,,"32",,,,"1495",,,,"Fury Cutter, X-Scissor, Cross Poison",,,"46;47","47"
"55","Golduck","Psyduck","FALSE",,"175",,,,"0/10/14",,,,"23.5",,,,"1499",,,,"Confusion, Cross Chop, Ice Beam",,,"54;55","55"
"55","Golduck (Shadow)","Psyduck","TRUE",,"182",,,,"0/10/14",,,,"23.5",,,,"1499",,,,"Confusion, Cross Chop, Ice Beam",,,"54;55","55"
"61","Poliwhirl","Poliwag","FALSE",,"247",,,,"6/15/15",,,,"49.5",,,,"1500",,,,"Bubble, Scald, Mud Bomb",,,"60;61;62","61;62"
"61","Poliwhirl (Shadow)","Poliwag","TRUE",,"246",,,,"6/15/15",,,,"49.5",,,,"1500",,,,"Bubble, Scald, Mud Bomb",,,"60;61;62","61;62"
"62","Poliwrath","Poliwag","FALSE",,"110",,,,"0/14/15",,,,"22",,,,"1500",,,,"Counter, Scald, Icy Wind",,,"60;61;62","62"
"62","Poliwrath (Shadow)","Poliwag","TRUE",,"131",,,,"0/14/15",,,,"22",,,,"1500",,,,"Counter, Scald, Icy Wind",,,"60;61;62","62"
"70","Weepinbell","Bellsprout","FALSE",,"56",,,,"1/15/15",,,,"40.5",,,,"1493",,,,"Bullet Seed, Power Whip, Sludge Bomb",,,"69;70;71","70;71"
"70","Weepinbell (Shadow)","Bellsprout","TRUE",,"54",,,,"1/15/15",,,,"40.5",,,,"1497",,,,"Bullet Seed, Power Whip, Sludge Bomb",,,"69;70;71","70;71"
"71","Victreebel","Bellsprout","FALSE",,"37",,,,"1/15/15",,,,"23",,,,"1500",,,,"Magical Leaf, Leaf Blade, Sludge Bomb",,,"69;70;71","71"
"71","Victreebel (Shadow)","Bellsprout","TRUE",,"71",,,,"1/15/15",,,,"23",,,,"1500",,,,"Magical Leaf, Leaf Blade, Acid Spray",,,"69;70;71","71"
"72","Tentacool","Tentacool","FALSE",,"239",,,,"15/15/15",,,,"50",,,,"1176",,,,"Poison Sting, Water Pulse, Wrap",,,"72;73","72;73"
"72","Tentacool (Shadow)","Tentacool","TRUE",,"237",,,,"15/15/15",,,,"50",,,,"1176",,,,"Poison Sting, Water Pulse, Wrap",,,"72;73","72;73"
"73","Tentacruel","Tentacool","FALSE",,"16",,,,"1/15/14",,,,"23.5",,,,"1496",,,,"Poison Jab, Acid Spray, Sludge Wave",,,"72;73","73"
"73","Tentacruel (Shadow)","Tentacool","TRUE",,"27",,,,"1/15/14",,,,"23.5",,,,"1496",,,,"Poison Jab, Acid Spray, Sludge Wave",,,"72;73","73"
"78","Rapidash (Galarian)","Ponyta","FALSE",,"99",,,,"0/13/15",,,,"23",,,,"1498",,,,"Fairy Wind, Body Slam, Wild Charge",,,"77;78","78"
"79","Slowpoke","Slowpoke","FALSE",,"165",,,,"15/15/15",,,,"50",,,,"1386",,,,"Confusion, Psyshock, Water Pulse",,,"79;80;199","79;80;199"
"79","Slowpoke (Shadow)","Slowpoke","TRUE",,"180",,,,"15/15/15",,,,"50",,,,"1386",,,,"Confusion, Psyshock, Water Pulse",,,"79;80;199","79;80;199"
"80","Slowbro","Slowpoke","FALSE",,"250",,,,"0/13/15",,,,"22.5",,,,"1493",,,,"Water Gun, Surf, Ice Beam",,,"79;80","80"
"80","Slowbro (Shadow)","Slowpoke","TRUE",,"273",,,,"0/13/15",,,,"22.5",,,,"1493",,,,"Water Gun, Surf, Ice Beam",,,"79;80","80"
"86","Seel","Seel","FALSE",,"275",,,,"15/15/15",,,,"50",,,,"1098",,,,"Water Gun, Aqua Tail, Icy Wind",,,"86;87","86;87"
"87","Dewgong","Seel","FALSE",,"48",,,,"0/12/15",,,,"29.5",,,,"1500",,,,"Ice Shard, Icy Wind, Drill Run",,,"86;87","87"
"91","Cloyster","Shellder","FALSE",,"153",,,,"0/13/13",,,,"22.5",,,,"1499",,,,"Ice Shard, Icy Wind, Liquidation",,,"90;91","91"
"91","Cloyster (Shadow)","Shellder","TRUE",,"171",,,,"0/13/13",,,,"22.5",,,,"1499",,,,"Ice Shard, Icy Wind, Liquidation",,,"90;91","91"
"98","Krabby","Krabby","FALSE",,"296",,,,"0/15/15",,,,"43",,,,"1499",,,,"Bubble, Razor Shell, Water Pulse",,,"98;99","98;99"
"99","Kingler","Krabby","FALSE",,"269",,,,"0/9/15",,,,"20",,,,"1495",,,,"Bubble, Crabhammer, X-Scissor",,,"98;99","99"
"101","Electrode (Hisuian)","Voltorb","FALSE",,"23",,,,"1/14/14",,,,"26.5",,,,"1495",,,,"Thunder Shock, Wild Charge, Swift",,,"100;101","101"
"102","Exeggcute","Exeggcute","FALSE",,"262",,,,"15/15/14",,,,"50",,,,"1328",,,,"Bullet Seed, Seed Bomb, Ancient Power",,,"102;103","102;103"
"102","Exeggcute (Shadow)","Exeggcute","TRUE",,"258",,,,"15/15/14",,,,"50",,,,"1328",,,,"Bullet Seed, Seed Bomb, Ancient Power",,,"102;103","102;103"
"103","Exeggutor","Exeggcute","FALSE",,"223",,,,"1/15/14",,,,"18.5",,,,"1497",,,,"Bullet Seed, Seed Bomb, Psychic",,,"102;103","103"
"103","Exeggutor (Alolan)","Exeggcute","FALSE",,"159",,,,"1/15/14",,,,"18.5",,,,"1493",,,,"Dragon Tail, Seed Bomb, Draco Meteor",,,"102;103","103"
"103","Exeggutor (Alolan) (Shadow)","Exeggcute","TRUE",,"167",,,,"1/15/14",,,,"18.5",,,,"1493",,,,"Dragon Tail, Seed Bomb, Draco Meteor",,,"102;103","103"
"103","Exeggutor (Shadow)","Exeggcute","TRUE",,"196",,,,"1/15/14",,,,"18.5",,,,"1497",,,,"Bullet Seed, Seed Bomb, Psychic",,,"102;103","103"
"110","Weezing (Galarian)","Koffing","FALSE",,"2",,,,"0/14/14",,,,"25",,,,"1495",,,,"Fairy Wind, Sludge, Overheat",,,"109;110","110"
"110","Weezing (Galarian) (Shadow)","Koffing","TRUE",,"1",,,,"0/14/14",,,,"25",,,,"1495",,,,"Fairy Wind, Sludge, Overheat",,,"109;110","110"
"114","Tangela","Tangela","FALSE",,"130",,,,"0/13/15",,,,"25.5",,,,"1491",,,,"Vine Whip, Grass Knot, Sludge Bomb",,,"114;465","114;465"
"114","Tangela (Shadow)","Tangela","TRUE",,"140",,,,"0/13/15",,,,"25.5",,,,"1491",,,,"Vine Whip, Grass Knot, Sludge Bomb",,,"114;465","114;465"
"117","Seadra","Horsea","FALSE",,"281",,,,"1/15/14",,,,"27",,,,"1499",,,,"Dragon Breath, Hydro Pump, Blizzard",,,"116;117;230","117;230"
"117","Seadra (Shadow)","Horsea","TRUE",,"274",,,,"1/15/14",,,,"27",,,,"1499",,,,"Dragon Breath, Hydro Pump, Blizzard",,,"116;117;230","117;230"
"118","Goldeen","Goldeen","FALSE",,"292",,,,"15/15/15",,,,"50",,,,"1302",,,,"Mud Shot, Aqua Tail, Horn Attack",,,"118;119","118;119"
"119","Seaking","Goldeen","FALSE",,"62",,,,"0/14/14",,,,"26.5",,,,"1500",,,,"Poison Jab, Drill Run, Icy Wind",,,"118;119","119"
"121","Starmie","Staryu","FALSE",,"76",,,,"0/15/11",,,,"22",,,,"1488",,,,"Psywave, Surf, Power Gem",,,"120;121","121"
"122","Mr. Mime","Mr-mime","FALSE",,"126",,,,"0/13/15",,,,"25.5",,,,"1500",,,,"Psywave, Shadow Ball, Psychic",,,"122;439;866","122;439;866"
"128","Tauros (Aqua)","Tauros","FALSE",,"181",,,,"0/11/15",,,,"20",,,,"1494",,,,"Double Kick, Aqua Jet, Trailblaze",,,"128","128"
"130","Gyarados","Magikarp","FALSE",,"227",,,,"0/14/15",,,,"16.5",,,,"1498",,,,"Waterfall, Aqua Tail, Crunch",,,"129;130","130"
"130","Gyarados (Shadow)","Magikarp","TRUE",,"236",,,,"0/14/15",,,,"16.5",,,,"1498",,,,"Waterfall, Aqua Tail, Crunch",,,"129;130","130"
"131","Lapras","Lapras","FALSE",,"3",,,,"0/10/14",,,,"22",,,,"1497",,,,"Psywave, Sparkling Aria, Ice Beam",,,"131","131"
"131","Lapras (Shadow)","Lapras","TRUE",,"20",,,,"0/10/14",,,,"22",,,,"1497",,,,"Psywave, Sparkling Aria, Ice Beam",,,"131","131"
"134","Vaporeon","Eevee","FALSE",,"216",,,,"1/15/15",,,,"18",,,,"1499",,,,"Water Gun, Aqua Tail, Last Resort",,,"133;134","134"
"138","Omanyte","Omanyte","FALSE",,"174",,,,"0/13/15",,,,"45.5",,,,"1500",,,,"Mud Shot, Rock Tomb, Rock Blast",,,"138;139","138;139"
"138","Omanyte (Shadow)","Omanyte","TRUE",,"173",,,,"0/13/15",,,,"45.5",,,,"1500",,,,"Mud Shot, Rock Tomb, Rock Blast",,,"138;139","138;139"
"139","Omastar","Omanyte","FALSE",,"243",,,,"0/9/15",,,,"20.5",,,,"1493",,,,"Mud Shot, Rock Slide, Hydro Pump",,,"138;139","139"
"139","Omastar (Shadow)","Omanyte","TRUE",,"242",,,,"0/9/15",,,,"20.5",,,,"1493",,,,"Mud Shot, Rock Slide, Hydro Pump",,,"138;139","139"
"140","Kabuto","Kabuto","FALSE",,"191",,,,"10/15/15",,,,"49.5",,,,"1498",,,,"Mud Shot, Aqua Jet, Rock Tomb",,,"140;141","140;141"
"141","Kabutops","Kabuto","FALSE",,"212",,,,"0/14/10",,,,"21",,,,"1493",,,,"Fury Cutter, Stone Edge, Ancient Power",,,"140;141","141"
"153","Bayleef","Chikorita","FALSE",,"121",,,,"3/15/14",,,,"50",,,,"1494",,,,"Magical Leaf, Ancient Power, Energy Ball",,,"152;153;154","153;154"
"153","Bayleef (Shadow)","Chikorita","TRUE",,"147",,,,"3/15/14",,,,"50",,,,"1494",,,,"Magical Leaf, Ancient Power, Energy Ball",,,"152;153;154","153;154"
"154","Meganium","Chikorita","FALSE",,"46",,,,"0/10/15",,,,"24",,,,"1499",,,,"Vine Whip, Frenzy Plant, Earthquake",,,"152;153;154","154"
"154","Meganium (Shadow)","Chikorita","TRUE",,"50",,,,"0/10/15",,,,"24",,,,"1499",,,,"Vine Whip, Frenzy Plant, Earthquake",,,"152;153;154","154"
"158","Totodile","Totodile","FALSE",,"280",,,,"15/15/15",,,,"50",,,,"1279",,,,"Water Gun, Aqua Jet, Crunch",,,"158;159;160","158;159;160"
"158","Totodile (Shadow)","Totodile","TRUE",,"289",,,,"15/15/15",,,,"50",,,,"1279",,,,"Water Gun, Aqua Jet, Crunch",,,"158;159;160","158;159;160"
"159","Croconaw","Totodile","FALSE",,"224",,,,"0/13/15",,,,"37.5",,,,"1499",,,,"Water Gun, Ice Punch, Crunch",,,"158;159;160","159;160"
"159","Croconaw (Shadow)","Totodile","TRUE",,"234",,,,"0/13/15",,,,"37.5",,,,"1499",,,,"Water Gun, Ice Punch, Crunch",,,"158;159;160","159;160"
"160","Feraligatr","Totodile","FALSE",,"59",,,,"0/11/13",,,,"20",,,,"1493",,,,"Shadow Claw, Hydro Cannon, Ice Beam",,,"158;159;160","160"
"160","Feraligatr (Shadow)","Totodile","TRUE",,"63",,,,"0/11/13",,,,"20",,,,"1493",,,,"Shadow Claw, Hydro Cannon, Ice Beam",,,"158;159;160","160"
"170","Chinchou","Chinchou","FALSE",,"271",,,,"15/15/15",,,,"50",,,,"1265",,,,"Bubble, Thunderbolt, Water Pulse",,,"170;171","170;171"
"171","Lanturn","Chinchou","FALSE",,"90",,,,"0/13/14",,,,"28",,,,"1496",,,,"Spark, Surf, Thunderbolt",,,"170;171","171"
"176","Togetic","Togepi","FALSE",,"29",,,,"0/14/14",,,,"38.5",,,,"1496",,,,"Fairy Wind, Psyshock, Dazzling Gleam",,,"175;176;468","176;468"
"182","Bellossom","Bellossom","FALSE",,"95",,,,"1/14/14",,,,"25",,,,"1499",,,,"Bullet Seed, Leaf Blade, Dazzling Gleam",,,"43;44;182","182"
"182","Bellossom (Shadow)","Bellossom","TRUE",,"91",,,,"1/14/14",,,,"25",,,,"1499",,,,"Bullet Seed, Leaf Blade, Dazzling Gleam",,,"43;44;182","182"
"184","Azumarill","Marill","FALSE",,"135",,,,"0/15/15",,,,"45.5",,,,"1498",,,,"Bubble, Ice Beam, Play Rough",,,"183;184;298","184;298"
"186","Politoed","Politoed","FALSE",,"183",,,,"0/15/11",,,,"23.5",,,,"1498",,,,"Mud Shot, Weather Ball (Water), Earthquake",,,"60;61;186","186"
"186","Politoed (Shadow)","Politoed","TRUE",,"199",,,,"0/15/11",,,,"23.5",,,,"1498",,,,"Mud Shot, Weather Ball (Water), Earthquake",,,"60;61;186","186"
"192","Sunflora","Sunkern","FALSE",,"168",,,,"0/15/14",,,,"26.5",,,,"1492",,,,"Bullet Seed, Leaf Storm, Sludge Bomb",,,"191;192","192"
"195","Quagsire","Wooper","FALSE",,"152",,,,"0/15/14",,,,"29",,,,"1494",,,,"Mud Shot, Aqua Tail, Stone Edge",,,"194;195","195"
"195","Quagsire (Shadow)","Wooper","TRUE",,"123",,,,"0/15/14",,,,"29",,,,"1494",,,,"Mud Shot, Aqua Tail, Stone Edge",,,"194;195","195"
"199","Slowking","Slowpoke","FALSE",,"252",,,,"0/13/15",,,,"22.5",,,,"1493",,,,"Water Gun, Surf, Psychic",,,"79;199","199"
"199","Slowking (Shadow)","Slowpoke","TRUE",,"270",,,,"0/13/15",,,,"22.5",,,,"1493",,,,"Water Gun, Surf, Psychic",,,"79;199","199"
"209","Snubbull","Snubbull","FALSE",,"282",,,,"15/15/14",,,,"50",,,,"1399",,,,"Tackle, Crunch, Dazzling Gleam",,,"209;210","209;210"
"209","Snubbull (Shadow)","Snubbull","TRUE",,"290",,,,"15/15/14",,,,"50",,,,"1399",,,,"Tackle, Crunch, Dazzling Gleam",,,"209;210","209;210"
"210","Granbull","Snubbull","FALSE",,"194",,,,"0/15/15",,,,"22",,,,"1494",,,,"Charm, Close Combat, Crunch",,,"209;210","210"
"210","Granbull (Shadow)","Snubbull","TRUE",,"160",,,,"0/15/15",,,,"22",,,,"1494",,,,"Charm, Close Combat, Crunch",,,"209;210","210"
"211","Qwilfish","Qwilfish","FALSE",,"22",,,,"0/12/14",,,,"28",,,,"1490",,,,"Poison Sting, Aqua Tail, Ice Beam",,,"211;904","211;904"
"222","Corsola","Corsola","FALSE",,"195",,,,"10/15/15",,,,"50",,,,"1500",,,,"Bubble, Power Gem, Rock Blast",,,"222","222"
"224","Octillery","Remoraid","FALSE",,"272",,,,"0/15/13",,,,"24.5",,,,"1500",,,,"Lock On, Octazooka, Gunk Shot",,,"223;224","224"
"226","Mantine","Mantine","FALSE",,"28",,,,"0/15/13",,,,"27.5",,,,"1499",,,,"Wing Attack, Aerial Ace, Ice Beam",,,"226;458","226;458"
"230","Kingdra","Horsea","FALSE",,"128",,,,"0/15/13",,,,"21.5",,,,"1498",,,,"Dragon Breath, Outrage, Octazooka",,,"116;117;230","230"
"230","Kingdra (Shadow)","Horsea","TRUE",,"172",,,,"0/15/13",,,,"21.5",,,,"1498",,,,"Dragon Breath, Outrage, Octazooka",,,"116;117;230","230"
"245","Suicune","Suicune","FALSE",,"163",,,,"1/15/14",,,,"19",,,,"1499",,,,"Ice Fang, Bubble Beam, Scald",,,"245","245"
"245","Suicune (Shadow)","Suicune","TRUE",,"148",,,,"1/15/14",,,,"19",,,,"1491",,,,"Ice Fang, Bubble Beam, Scald",,,"245","245"
"251","Celebi","Celebi","FALSE",,"208",,,,"0/10/13",,,,"17.5",,,,"1498",,,,"Magical Leaf, Seed Bomb, Leaf Storm",,,"251","251"
"253","Grovyle","Treecko","FALSE",,"65",,,,"0/15/14",,,,"38.5",,,,"1499",,,,"Quick Attack, Leaf Blade, Aerial Ace",,,"252;253;254","253;254"
"253","Grovyle (Shadow)","Treecko","TRUE",,"78",,,,"0/15/14",,,,"38.5",,,,"1499",,,,"Bullet Seed, Leaf Blade, Aerial Ace",,,"252;253;254","253;254"
"254","Sceptile","Treecko","FALSE",,"105",,,,"0/12/15",,,,"20.5",,,,"1497",,,,"Bullet Seed, Leaf Blade, Earthquake",,,"252;253;254","254"
"254","Sceptile (Shadow)","Treecko","TRUE",,"101",,,,"0/12/15",,,,"20.5",,,,"1497",,,,"Bullet Seed, Leaf Blade, Earthquake",,,"252;253;254","254"
"259","Marshtomp","Mudkip","FALSE",,"188",,,,"0/14/15",,,,"35",,,,"1498",,,,"Mud Shot, Mud Bomb, Surf",,,"258;259;260","259;260"
"259","Marshtomp (Shadow)","Mudkip","TRUE",,"192",,,,"0/14/15",,,,"35",,,,"1499",,,,"Mud Shot, Mud Bomb, Surf",,,"258;259;260","259;260"
"260","Swampert","Mudkip","FALSE",,"139",,,,"0/14/14",,,,"19",,,,"1498",,,,"Mud Shot, Hydro Cannon, Sludge",,,"258;259;260","260"
"260","Swampert (Shadow)","Mudkip","TRUE",,"129",,,,"0/14/14",,,,"19",,,,"1498",,,,"Mud Shot, Hydro Cannon, Sludge",,,"258;259;260","260"
"271","Lombre","Lotad","FALSE",,"257",,,,"15/15/14",,,,"50",,,,"1353",,,,"Bubble, Scald, Grass Knot",,,"270;271;272","271;272"
"272","Ludicolo","Lotad","FALSE",,"179",,,,"0/15/15",,,,"24.5",,,,"1497",,,,"Bubble, Scald, Leaf Storm",,,"270;271;272","272"
"274","Nuzleaf","Seedot","FALSE",,"132",,,,"15/15/15",,,,"50",,,,"1387",,,,"Feint Attack, Leaf Blade, Foul Play",,,"273;274;275","274;275"
"274","Nuzleaf (Shadow)","Seedot","TRUE",,"94",,,,"15/15/15",,,,"50",,,,"1387",,,,"Feint Attack, Leaf Blade, Foul Play",,,"273;274;275","274;275"
"275","Shiftry","Seedot","FALSE",,"81",,,,"0/14/11",,,,"24.5",,,,"1497",,,,"Snarl, Leaf Blade, Foul Play",,,"273;274;275","275"
"275","Shiftry (Shadow)","Seedot","TRUE",,"58",,,,"0/14/11",,,,"24.5",,,,"1497",,,,"Snarl, Leaf Blade, Foul Play",,,"273;274;275","275"
"279","Pelipper","Wingull","FALSE",,"57",,,,"0/12/15",,,,"27",,,,"1496",,,,"Wing Attack, Weather Ball (Water), Hurricane",,,"278;279","279"
"282","Gardevoir","Ralts","FALSE",,"210",,,,"0/15/15",,,,"18",,,,"1498",,,,"Charm, Triple Axel, Shadow Ball",,,"280;281;282","282"
"282","Gardevoir (Shadow)","Ralts","TRUE",,"190",,,,"0/15/15",,,,"18",,,,"1498",,,,"Charm, Triple Axel, Shadow Ball",,,"280;281;282","282"
"286","Breloom","Shroomish","FALSE",,"133",,,,"2/15/15",,,,"21",,,,"1493",,,,"Force Palm, Dynamic Punch, Grass Knot",,,"285;286","286"
"303","Mawile","Mawile","FALSE",,"21",,,,"1/15/15",,,,"40",,,,"1500",,,,"Fire Fang, Power-Up Punch, Play Rough",,,"303","303"
"303","Mawile (Shadow)","Mawile","TRUE",,"18",,,,"1/15/15",,,,"40",,,,"1500",,,,"Fire Fang, Power-Up Punch, Play Rough",,,"303","303"
"315","Roselia","Roselia","FALSE",,"125",,,,"0/13/15",,,,"31",,,,"1497",,,,"Poison Jab, Sludge Bomb, Petal Blizzard",,,"315;406;407","315;406;407"
"319","Sharpedo","Carvanha","FALSE",,"277",,,,"0/15/15",,,,"25.5",,,,"1493",,,,"Waterfall, Crunch, Poison Fang",,,"318;319","319"
"320","Wailmer","Wailmer","FALSE",,"164",,,,"0/15/15",,,,"50",,,,"1500",,,,"Rollout, Scald, Body Slam",,,"320;321","320;321"
"320","Wailmer (Shadow)","Wailmer","TRUE",,"136",,,,"0/15/15",,,,"50",,,,"1500",,,,"Rollout, Scald, Body Slam",,,"320;321","320;321"
"321","Wailord","Wailmer","FALSE",,"146",,,,"0/15/14",,,,"25",,,,"1500",,,,"Rollout, Surf, Return",,,"320;321","321"
"321","Wailord (Shadow)","Wailmer","TRUE",,"166",,,,"0/15/14",,,,"25",,,,"1500",,,,"Rollout, Surf, Hyper Beam",,,"320;321","321"
"332","Cacturne","Cacnea","FALSE",,"47",,,,"0/14/15",,,,"24.5",,,,"1498",,,,"Sucker Punch, Trailblaze, Dynamic Punch",,,"331;332","332"
"332","Cacturne (Shadow)","Cacnea","TRUE",,"45",,,,"0/14/15",,,,"24.5",,,,"1498",,,,"Sucker Punch, Trailblaze, Dynamic Punch",,,"331;332","332"
"340","Whiscash","Barboach","FALSE",,"177",,,,"0/14/13",,,,"28",,,,"1490",,,,"Mud Shot, Mud Bomb, Scald",,,"339;340","340"
"340","Whiscash (Shadow)","Barboach","TRUE",,"141",,,,"0/14/13",,,,"28",,,,"1490",,,,"Mud Shot, Mud Bomb, Scald",,,"339;340","340"
"341","Corphish","Corphish","FALSE",,"294",,,,"15/15/15",,,,"50",,,,"1391",,,,"Bubble, Aqua Jet, Razor Shell",,,"341;342","341;342"
"341","Corphish (Shadow)","Corphish","TRUE",,"284",,,,"15/15/15",,,,"50",,,,"1391",,,,"Bubble, Aqua Jet, Razor Shell",,,"341;342","341;342"
"342","Crawdaunt","Corphish","FALSE",,"218",,,,"2/15/14",,,,"22.5",,,,"1497",,,,"Snarl, Night Slash, Scald",,,"341;342","342"
"342","Crawdaunt (Shadow)","Corphish","TRUE",,"184",,,,"2/15/14",,,,"22.5",,,,"1497",,,,"Snarl, Night Slash, Scald",,,"341;342","342"
"345","Lileep","Lileep","FALSE",,"103",,,,"15/15/15",,,,"50",,,,"1460",,,,"Bullet Seed, Grass Knot, Ancient Power",,,"345;346","345;346"
"345","Lileep (Shadow)","Lileep","TRUE",,"124",,,,"15/15/15",,,,"50",,,,"1460",,,,"Bullet Seed, Grass Knot, Ancient Power",,,"345;346","345;346"
"346","Cradily","Lileep","FALSE",,"9",,,,"0/15/15",,,,"26",,,,"1498",,,,"Bullet Seed, Rock Tomb, Grass Knot",,,"345;346","346"
"346","Cradily (Shadow)","Lileep","TRUE",,"24",,,,"0/15/15",,,,"26",,,,"1498",,,,"Bullet Seed, Rock Tomb, Grass Knot",,,"345;346","346"
"350","Milotic","Feebas","FALSE",,"226",,,,"0/15/11",,,,"19",,,,"1495",,,,"Dragon Tail, Surf, Blizzard",,,"349;350","350"
"357","Tropius","Tropius","FALSE",,"17",,,,"0/15/15",,,,"30",,,,"1494",,,,"Air Slash, Leaf Blade, Aerial Ace",,,"357","357"
"364","Sealeo","Spheal","FALSE",,"116",,,,"0/15/14",,,,"38",,,,"1497",,,,"Powder Snow, Water Pulse, Body Slam",,,"363;364;365","364;365"
"364","Sealeo (Shadow)","Spheal","TRUE",,"86",,,,"0/15/14",,,,"38",,,,"1497",,,,"Powder Snow, Water Pulse, Body Slam",,,"363;364;365","364;365"
"365","Walrein","Spheal","FALSE",,"25",,,,"0/12/15",,,,"21",,,,"1495",,,,"Powder Snow, Icicle Spear, Earthquake",,,"363;364;365","365"
"365","Walrein (Shadow)","Spheal","TRUE",,"33",,,,"0/12/15",,,,"21",,,,"1495",,,,"Powder Snow, Icicle Spear, Earthquake",,,"363;364;365","365"
"366","Clamperl","Clamperl","FALSE",,"276",,,,"15/15/14",,,,"50",,,,"1436",,,,"Water Gun, Body Slam, Water Pulse",,,"366;367","366;367"
"367","Huntail","Clamperl","FALSE",,"255",,,,"1/15/15",,,,"24",,,,"1498",,,,"Water Gun, Aqua Tail, Crunch",,,"366;367","367"
"368","Gorebyss","Gorebyss","FALSE",,"298",,,,"0/15/15",,,,"22.5",,,,"1500",,,,"Water Gun, Water Pulse, Psychic",,,"366;368","368"
"369","Relicanth","Relicanth","FALSE",,"198",,,,"1/15/15",,,,"22.5",,,,"1498",,,,"Water Gun, Aqua Tail, Ancient Power",,,"369","369"
"382","Kyogre (Shadow)","Kyogre","TRUE",,"293",,,,"0/15/13",,,,"13.5",,,,"1499",,,,"Waterfall, Surf, Origin Pulse",,,"382","382"
"387","Turtwig","Turtwig","FALSE",,"253",,,,"15/15/15",,,,"50",,,,"1342",,,,"Tackle, Body Slam, Seed Bomb",,,"387;388;389","387;388;389"
"387","Turtwig (Shadow)","Turtwig","TRUE",,"244",,,,"15/15/15",,,,"50",,,,"1342",,,,"Tackle, Body Slam, Seed Bomb",,,"387;388;389","387;388;389"
"388","Grotle","Turtwig","FALSE",,"203",,,,"0/15/11",,,,"31.5",,,,"1497",,,,"Razor Leaf, Body Slam, Energy Ball",,,"387;388;389","388;389"
"388","Grotle (Shadow)","Turtwig","TRUE",,"170",,,,"0/15/11",,,,"31.5",,,,"1497",,,,"Razor Leaf, Body Slam, Energy Ball",,,"387;388;389","388;389"
"389","Torterra","Turtwig","FALSE",,"231",,,,"0/11/13",,,,"19.5",,,,"1496",,,,"Razor Leaf, Frenzy Plant, Stone Edge",,,"387;388;389","389"
"389","Torterra (Shadow)","Turtwig","TRUE",,"207",,,,"0/11/13",,,,"19.5",,,,"1496",,,,"Razor Leaf, Frenzy Plant, Stone Edge",,,"387;388;389","389"
"393","Piplup","Piplup","FALSE",,"288",,,,"15/15/14",,,,"50",,,,"1215",,,,"Bubble, Drill Peck, Icy Wind",,,"393;394;395","393;394;395"
"393","Piplup (Shadow)","Piplup","TRUE",,"286",,,,"15/15/14",,,,"50",,,,"1215",,,,"Bubble, Drill Peck, Icy Wind",,,"393;394;395","393;394;395"
"394","Prinplup","Piplup","FALSE",,"233",,,,"0/15/14",,,,"38",,,,"1500",,,,"Bubble, Icy Wind, Hydro Pump",,,"393;394;395","394;395"
"394","Prinplup (Shadow)","Piplup","TRUE",,"260",,,,"0/15/14",,,,"38",,,,"1500",,,,"Bubble, Icy Wind, Hydro Pump",,,"393;394;395","394;395"
"395","Empoleon","Piplup","FALSE",,"35",,,,"0/13/15",,,,"19.5",,,,"1500",,,,"Metal Claw, Hydro Cannon, Drill Peck",,,"393;394;395","395"
"395","Empoleon (Shadow)","Piplup","TRUE",,"31",,,,"0/13/15",,,,"19.5",,,,"1500",,,,"Metal Claw, Hydro Cannon, Drill Peck",,,"393;394;395","395"
"400","Bibarel","Bidoof","FALSE",,"156",,,,"0/14/13",,,,"33.5",,,,"1499",,,,"Rollout, Surf, Hyper Fang",,,"399;400","400"
"400","Bibarel (Shadow)","Bidoof","TRUE",,"104",,,,"0/14/13",,,,"33.5",,,,"1499",,,,"Rollout, Surf, Hyper Fang",,,"399;400","400"
"413","Wormadam (Plant)","Burmy","FALSE",,"155",,,,"0/15/14",,,,"35.5",,,,"1497",,,,"Confusion, Energy Ball, Bug Buzz",,,"412;413","413"
"419","Floatzel","Buizel","FALSE",,"264",,,,"0/15/13",,,,"23",,,,"1494",,,,"Water Gun, Aqua Jet, Swift",,,"418;419","419"
"421","Cherrim (Overcast)","Cherubi","FALSE",,"267",,,,"0/13/15",,,,"28",,,,"1498",,,,"Bullet Seed, Dazzling Gleam, Solar Beam",,,"420;421","421"
"421","Cherrim (Sunshine)","Cherubi","FALSE",,"77",,,,"0/13/15",,,,"28",,,,"1498",,,,"Bullet Seed, Weather Ball (Fire), Solar Beam",,,"420;421","421"
"422","Shellos","Shellos","FALSE",,"220",,,,"15/15/15",,,,"50",,,,"1284",,,,"Mud Slap, Mud Bomb, Body Slam",,,"422;423","422;423"
"423","Gastrodon","Shellos","FALSE",,"83",,,,"1/15/14",,,,"24.5",,,,"1497",,,,"Mud Slap, Body Slam, Earth Power",,,"422;423","423"
"455","Carnivine","Carnivine","FALSE",,"122",,,,"0/14/13",,,,"26.5",,,,"1498",,,,"Vine Whip, Power Whip, Crunch",,,"455","455"
"457","Lumineon","Finneon","FALSE",,"245",,,,"0/15/12",,,,"34.5",,,,"1497",,,,"Water Gun, Water Pulse, Silver Wind",,,"456;457","457"
"458","Mantyke","Mantine","FALSE",,"113",,,,"15/15/15",,,,"50",,,,"1411",,,,"Bubble, Aerial Ace, Water Pulse",,,"226;458","458"
"459","Snover","Snover","FALSE",,"149",,,,"15/15/14",,,,"50",,,,"1311",,,,"Powder Snow, Ice Beam, Energy Ball",,,"459;460","459;460"
"459","Snover (Shadow)","Snover","TRUE",,"176",,,,"15/15/14",,,,"50",,,,"1311",,,,"Powder Snow, Ice Beam, Energy Ball",,,"459;460","459;460"
"460","Abomasnow","Snover","FALSE",,"15",,,,"0/15/15",,,,"24",,,,"1491",,,,"Powder Snow, Icy Wind, Energy Ball",,,"459;460","460"
"460","Abomasnow (Shadow)","Snover","TRUE",,"11",,,,"0/15/15",,,,"24",,,,"1491",,,,"Powder Snow, Weather Ball (Ice), Energy Ball",,,"459;460","460"
"465","Tangrowth","Tangela","FALSE",,"119",,,,"1/15/14",,,,"18.5",,,,"1498",,,,"Vine Whip, Power Whip, Rock Slide",,,"114;465","465"
"465","Tangrowth (Shadow)","Tangela","TRUE",,"109",,,,"1/15/14",,,,"18.5",,,,"1498",,,,"Vine Whip, Power Whip, Rock Slide",,,"114;465","465"
"468","Togekiss","Togepi","FALSE",,"161",,,,"0/14/11",,,,"17",,,,"1495",,,,"Charm, Psyshock, Aura Sphere",,,"175;176;468","468"
"470","Leafeon","Leafeon","FALSE",,"88",,,,"1/15/14",,,,"19",,,,"1496",,,,"Quick Attack, Leaf Blade, Last Resort",,,"133;470","470"
"479","Rotom (Mow)","Rotom","FALSE",,"142",,,,"0/12/15",,,,"22",,,,"1491",,,,"Thunder Shock, Thunderbolt, Ominous Wind",,,"479","479"
"479","Rotom (Wash)","Rotom","FALSE",,"193",,,,"0/12/15",,,,"22",,,,"1491",,,,"Thunder Shock, Thunderbolt, Hydro Pump",,,"479","479"
"484","Palkia (Shadow)","Palkia","TRUE",,"115",,,,"0/14/12",,,,"14",,,,"1498",,,,"Dragon Breath, Aqua Tail, Draco Meteor",,,"484","484"
"492","Shaymin (Land)","Shaymin","FALSE",,"200",,,,"0/10/13",,,,"17.5",,,,"1492",,,,"Magical Leaf, Grass Knot, Seed Flare",,,"492","492"
"492","Shaymin (Sky)","Shaymin","FALSE",,"235",,,,"0/14/15",,,,"15.5",,,,"1489",,,,"Magical Leaf, Grass Knot, Energy Ball",,,"492","492"
"496","Servine","Snivy","FALSE",,"89",,,,"4/15/14",,,,"50",,,,"1500",,,,"Vine Whip, Grass Knot, Wrap",,,"495;496;497","496;497"
"496","Servine (Shadow)","Snivy","TRUE",,"108",,,,"4/15/14",,,,"50",,,,"1500",,,,"Vine Whip, Grass Knot, Leaf Tornado",,,"495;496;497","496;497"
"497","Serperior","Snivy","FALSE",,"26",,,,"0/10/15",,,,"25.5",,,,"1499",,,,"Vine Whip, Frenzy Plant, Aerial Ace",,,"495;496;497","497"
"497","Serperior (Shadow)","Snivy","TRUE",,"32",,,,"0/10/15",,,,"25.5",,,,"1499",,,,"Vine Whip, Frenzy Plant, Aerial Ace",,,"495;496;497","497"
"502","Dewott","Oshawott","FALSE",,"120",,,,"0/15/15",,,,"36",,,,"1499",,,,"Fury Cutter, Aqua Tail, X-Scissor",,,"501;502;503","502;503"
"502","Dewott (Shadow)","Oshawott","TRUE",,"111",,,,"0/15/15",,,,"36",,,,"1498",,,,"Fury Cutter, Aqua Tail, X-Scissor",,,"501;502;503","502;503"
"503","Samurott","Oshawott","FALSE",,"107",,,,"0/14/14",,,,"20",,,,"1498",,,,"Fury Cutter, Hydro Cannon, Megahorn",,,"501;502;503","503"
"503","Samurott (Hisuian)","Oshawott","FALSE",,"118",,,,"0/15/14",,,,"20",,,,"1496",,,,"Fury Cutter, Dark Pulse, Icy Wind",,,"501;502;503","503"
"503","Samurott (Shadow)","Oshawott","TRUE",,"213",,,,"0/14/14",,,,"20",,,,"1498",,,,"Fury Cutter, Hydro Cannon, Razor Shell",,,"501;502;503","503"
"512","Simisage","Pansage","FALSE",,"144",,,,"0/14/15",,,,"24",,,,"1496",,,,"Vine Whip, Grass Knot, Crunch",,,"511;512","512"
"516","Simipour","Panpour","FALSE",,"278",,,,"0/14/15",,,,"24",,,,"1496",,,,"Water Gun, Surf, Crunch",,,"515;516","516"
"536","Palpitoad","Tympole","FALSE",,"241",,,,"9/15/15",,,,"49.5",,,,"1497",,,,"Mud Shot, Earth Power, Water Pulse",,,"535;536;537","536;537"
"537","Seismitoad","Tympole","FALSE",,"221",,,,"1/15/15",,,,"22",,,,"1498",,,,"Mud Shot, Earth Power, Sludge Bomb",,,"535;536;537","537"
"541","Swadloon","Sewaddle","FALSE",,"84",,,,"12/15/14",,,,"49.5",,,,"1500",,,,"Bug Bite, Energy Ball, Silver Wind",,,"540;541;542","541;542"
"542","Leavanny","Sewaddle","FALSE",,"14",,,,"0/13/14",,,,"22",,,,"1499",,,,"Shadow Claw, Leaf Blade, X-Scissor",,,"540;541;542","542"
"547","Whimsicott","Cottonee","FALSE",,"87",,,,"0/14/15",,,,"28.5",,,,"1490",,,,"Fairy Wind, Seed Bomb, Moonblast",,,"546;547","547"
"549","Lilligant","Petilil","FALSE",,"249",,,,"0/15/15",,,,"22",,,,"1491",,,,"Charm, Petal Blizzard, Hyper Beam",,,"548;549","549"
"550","Basculin","Basculin","FALSE",,"266",,,,"0/11/15",,,,"27.5",,,,"1495",,,,"Water Gun, Aqua Tail, Aqua Jet",,,"550;902","550;902"
"556","Maractus","Maractus","FALSE",,"202",,,,"0/13/14",,,,"25",,,,"1498",,,,"Bullet Seed, Aerial Ace, Petal Blizzard",,,"556","556"
"564","Tirtouga","Tirtouga","FALSE",,"251",,,,"0/14/15",,,,"49.5",,,,"1494",,,,"Water Gun, Surf, Ancient Power",,,"564;565","564;565"
"564","Tirtouga (Shadow)","Tirtouga","TRUE",,"259",,,,"0/14/15",,,,"49.5",,,,"1494",,,,"Water Gun, Surf, Ancient Power",,,"564;565","564;565"
"565","Carracosta","Tirtouga","FALSE",,"263",,,,"1/14/15",,,,"21.5",,,,"1497",,,,"Water Gun, Liquidation, Ancient Power",,,"564;565","565"
"565","Carracosta (Shadow)","Tirtouga","TRUE",,"268",,,,"1/14/15",,,,"21.5",,,,"1497",,,,"Water Gun, Liquidation, Ancient Power",,,"564;565","565"
"581","Swanna","Ducklett","FALSE",,"97",,,,"1/15/15",,,,"27",,,,"1498",,,,"Air Slash, Fly, Ice Beam",,,"580;581","581"
"581","Swanna (Shadow)","Ducklett","TRUE",,"219",,,,"1/15/15",,,,"27",,,,"1498",,,,"Water Gun, Fly, Ice Beam",,,"580;581","581"
"585","Deerling","Deerling","FALSE",,"204",,,,"15/15/14",,,,"50",,,,"1283",,,,"Tackle, Wild Charge, Trailblaze",,,"585;586","585;586"
"586","Sawsbuck","Deerling","FALSE",,"197",,,,"0/14/14",,,,"23.5",,,,"1495",,,,"Feint Attack, Wild Charge, Trailblaze",,,"585;586","586"
"591","Amoonguss","Foongus","FALSE",,"13",,,,"0/14/15",,,,"27",,,,"1500",,,,"Astonish, Sludge Bomb, Foul Play",,,"590;591","591"
"591","Amoonguss (Shadow)","Foongus","TRUE",,"10",,,,"0/14/15",,,,"27",,,,"1500",,,,"Astonish, Sludge Bomb, Foul Play",,,"590;591","591"
"592","Frillish","Frillish","FALSE",,"100",,,,"15/15/15",,,,"50",,,,"1421",,,,"Hex, Night Shade, Ice Beam",,,"592;593","592;593"
"593","Jellicent","Frillish","FALSE",,"49",,,,"1/14/14",,,,"24.5",,,,"1490",,,,"Hex, Surf, Shadow Ball",,,"592;593","593"
"594","Alomomola","Alomomola","FALSE",,"261",,,,"0/15/11",,,,"27",,,,"1490",,,,"Waterfall, Hydro Pump, Blizzard",,,"594","594"
"597","Ferroseed","Ferroseed","FALSE",,"215",,,,"15/15/15",,,,"50",,,,"1064",,,,"Metal Claw, Iron Head, Return",,,"597;598","597;598"
"597","Ferroseed (Shadow)","Ferroseed","TRUE",,"228",,,,"15/15/15",,,,"50",,,,"1064",,,,"Metal Claw, Iron Head, Flash Cannon",,,"597;598","597;598"
"598","Ferrothorn","Ferroseed","FALSE",,"4",,,,"0/13/13",,,,"25",,,,"1498",,,,"Bullet Seed, Power Whip, Flash Cannon",,,"597;598","598"
"598","Ferrothorn (Shadow)","Ferroseed","TRUE",,"6",,,,"0/13/13",,,,"25",,,,"1498",,,,"Bullet Seed, Power Whip, Flash Cannon",,,"597;598","598"
"650","Chespin","Chespin","FALSE",,"240",,,,"15/15/14",,,,"50",,,,"1239",,,,"Vine Whip, Body Slam, Seed Bomb",,,"650;651;652","650;651;652"
"651","Quilladin","Chespin","FALSE",,"96",,,,"0/14/15",,,,"37.5",,,,"1495",,,,"Vine Whip, Body Slam, Energy Ball",,,"650;651;652","651;652"
"652","Chesnaught","Chespin","FALSE",,"53",,,,"1/15/15",,,,"19",,,,"1498",,,,"Vine Whip, Frenzy Plant, Superpower",,,"650;651;652","652"
"657","Frogadier","Froakie","FALSE",,"256",,,,"1/15/15",,,,"39.5",,,,"1500",,,,"Bubble, Surf, Aerial Ace",,,"656;657;658","657;658"
"658","Greninja","Froakie","FALSE",,"134",,,,"3/15/12",,,,"21",,,,"1497",,,,"Water Shuriken, Hydro Cannon, Night Slash",,,"656;657;658","658"
"669","Flabebe","Flabebe","FALSE",,"279",,,,"15/15/15",,,,"50",,,,"1202",,,,"Vine Whip, Dazzling Gleam, Psychic",,,"669;670;671","669;670;671"
"670","Floette","Flabebe","FALSE",,"185",,,,"0/14/15",,,,"47",,,,"1499",,,,"Vine Whip, Dazzling Gleam, Psychic",,,"669;670;671","670;671"
"671","Florges","Flabebe","FALSE",,"80",,,,"0/14/13",,,,"17.5",,,,"1494",,,,"Fairy Wind, Moonblast, Trailblaze",,,"669;670;671","671"
"672","Skiddo","Skiddo","FALSE",,"295",,,,"15/15/15",,,,"50",,,,"1414",,,,"Rock Smash, Seed Bomb, Rock Slide",,,"672;673","672;673"
"673","Gogoat","Skiddo","FALSE",,"60",,,,"2/15/15",,,,"20",,,,"1492",,,,"Vine Whip, Leaf Blade, Brick Break",,,"672;673","673"
"682","Spritzee","Spritzee","FALSE",,"169",,,,"15/15/14",,,,"50",,,,"1415",,,,"Charm, Thunderbolt, Draining Kiss",,,"682;683","682;683"
"683","Aromatisse","Spritzee","FALSE",,"158",,,,"0/13/15",,,,"24.5",,,,"1497",,,,"Charm, Moonblast, Thunderbolt",,,"682;683","683"
"684","Swirlix","Swirlix","FALSE",,"283",,,,"15/15/15",,,,"50",,,,"1333",,,,"Tackle, Energy Ball, Draining Kiss",,,"684;685","684;685"
"685","Slurpuff","Swirlix","FALSE",,"75",,,,"1/14/14",,,,"26",,,,"1499",,,,"Fairy Wind, Flamethrower, Energy Ball",,,"684;685","685"
"689","Barbaracle","Binacle","FALSE",,"79",,,,"0/10/13",,,,"21.5",,,,"1492",,,,"Mud Slap, Cross Chop, Stone Edge",,,"688;689","689"
"690","Skrelp","Skrelp","FALSE",,"229",,,,"15/15/15",,,,"50",,,,"1202",,,,"Water Gun, Aqua Tail, Sludge Bomb",,,"690;691","690;691"
"692","Clauncher","Clauncher","FALSE",,"285",,,,"15/15/15",,,,"50",,,,"1230",,,,"Water Gun, Aqua Jet, Crabhammer",,,"692;693","692;693"
"693","Clawitzer","Clauncher","FALSE",,"297",,,,"0/13/13",,,,"20.5",,,,"1493",,,,"Water Gun, Crabhammer, Ice Beam",,,"692;693","693"
"700","Sylveon","Eevee","FALSE",,"151",,,,"0/15/12",,,,"18.5",,,,"1498",,,,"Charm, Psyshock, Moonblast",,,"133;700","700"
"702","Dedenne","Dedenne","FALSE",,"92",,,,"0/14/12",,,,"33",,,,"1497",,,,"Thunder Shock, Parabolic Charge, Play Rough",,,"702","702"
"703","Carbink","Carbink","FALSE",,"42",,,,"5/15/15",,,,"49.5",,,,"1500",,,,"Rock Throw, Power Gem, Moonblast",,,"703","703"
"707","Klefki","Klefki","FALSE",,"7",,,,"0/15/14",,,,"29.5",,,,"1499",,,,"Astonish, Foul Play, Play Rough",,,"707","707"
"709","Trevenant","Phantump","FALSE",,"30",,,,"0/15/15",,,,"22",,,,"1499",,,,"Shadow Claw, Seed Bomb, Shadow Ball",,,"708;709","709"
"710","Pumpkaboo (Average)","Pumpkaboo","FALSE",,"64",,,,"15/15/15",,,,"50",,,,"1381",,,,"Astonish, Grass Knot, Foul Play",,,"710;711","710;711"
"710","Pumpkaboo (Large)","Pumpkaboo","FALSE",,"55",,,,"15/15/15",,,,"50",,,,"1406",,,,"Astonish, Grass Knot, Foul Play",,,"710;711","710;711"
"710","Pumpkaboo (Small)","Pumpkaboo","FALSE",,"70",,,,"15/15/15",,,,"50",,,,"1359",,,,"Astonish, Grass Knot, Foul Play",,,"710;711","710;711"
"710","Pumpkaboo (Super)","Pumpkaboo","FALSE",,"43",,,,"15/15/15",,,,"50",,,,"1414",,,,"Astonish, Grass Knot, Foul Play",,,"710;711","710;711"
"711","Gourgeist (Average)","Pumpkaboo","FALSE",,"72",,,,"1/15/14",,,,"21.5",,,,"1500",,,,"Hex, Seed Bomb, Fire Blast",,,"710;711","711"
"711","Gourgeist (Large)","Pumpkaboo","FALSE",,"67",,,,"1/15/14",,,,"21.5",,,,"1500",,,,"Hex, Seed Bomb, Fire Blast",,,"710;711","711"
"711","Gourgeist (Small)","Pumpkaboo","FALSE",,"74",,,,"1/15/14",,,,"21.5",,,,"1495",,,,"Hex, Seed Bomb, Fire Blast",,,"710;711","711"
"711","Gourgeist (Super)","Pumpkaboo","FALSE",,"61",,,,"1/15/14",,,,"21.5",,,,"1499",,,,"Hex, Seed Bomb, Fire Blast",,,"710;711","711"
"719","Diancie","Diancie","FALSE",,"232",,,,"0/7/15",,,,"21",,,,"1488",,,,"Rock Throw, Power Gem, Moonblast",,,"719","719"
"722","Rowlet","Rowlet","FALSE",,"248",,,,"15/15/15",,,,"50",,,,"1196",,,,"Leafage, Seed Bomb, Energy Ball",,,"722;723;724","722;723;724"
"723","Dartrix","Rowlet","FALSE",,"44",,,,"0/15/14",,,,"37.5",,,,"1498",,,,"Leafage, Brave Bird, Seed Bomb",,,"722;723;724","723;724"
"724","Decidueye","Rowlet","FALSE",,"34",,,,"0/14/11",,,,"20.5",,,,"1492",,,,"Astonish, Frenzy Plant, Spirit Shackle",,,"722;723;724","724"
"724","Decidueye (Hisuian)","Rowlet","FALSE",,"117",,,,"0/15/13",,,,"19.5",,,,"1494",,,,"Magical Leaf, Aerial Ace, Aura Sphere",,,"722;723;724","724"
"728","Popplio","Popplio","FALSE",,"287",,,,"15/15/15",,,,"50",,,,"1276",,,,"Water Gun, Aqua Tail, Aqua Jet",,,"728;729;730","728;729;730"
"729","Brionne","Popplio","FALSE",,"254",,,,"1/15/14",,,,"30.5",,,,"1488",,,,"Charm, Aqua Jet, Disarming Voice",,,"728;729;730","729;730"
"730","Primarina","Popplio","FALSE",,"205",,,,"0/15/14",,,,"17.5",,,,"1499",,,,"Charm, Disarming Voice, Hydro Cannon",,,"728;729;730","730"
"743","Ribombee","Cutiefly","FALSE",,"186",,,,"1/15/14",,,,"25.5",,,,"1500",,,,"Fairy Wind, Dazzling Gleam, Bug Buzz",,,"742;743","743"
"752","Araquanid","Dewpider","FALSE",,"36",,,,"0/10/15",,,,"35",,,,"1499",,,,"Bug Bite, Bug Buzz, Bubble Beam",,,"751;752","752"
"754","Lurantis","Fomantis","FALSE",,"51",,,,"0/15/15",,,,"23.5",,,,"1495",,,,"Fury Cutter, Leaf Blade, Superpower",,,"753;754","754"
"756","Shiinotic","Morelull","FALSE",,"102",,,,"0/14/15",,,,"32",,,,"1497",,,,"Astonish, Moonblast, Seed Bomb",,,"755;756","756"
"763","Tsareena","Bounsweet","FALSE",,"114",,,,"0/15/13",,,,"19",,,,"1499",,,,"Magical Leaf, Triple Axel, High Jump Kick",,,"761;762;763","763"
"764","Comfey","Comfey","FALSE",,"225",,,,"1/15/14",,,,"27",,,,"1494",,,,"Vine Whip, Grass Knot, Draining Kiss",,,"764","764"
"768","Golisopod","Wimpod","FALSE",,"40",,,,"0/8/15",,,,"18",,,,"1498",,,,"Shadow Claw, X-Scissor, Aerial Ace",,,"767;768","768"
"779","Bruxish","Bruxish","FALSE",,"112",,,,"0/15/15",,,,"23.5",,,,"1497",,,,"Confusion, Aqua Tail, Psychic Fangs",,,"779","779"
"781","Dhelmise","Dhelmise","FALSE",,"68",,,,"0/15/14",,,,"19",,,,"1498",,,,"Shadow Claw, Power Whip, Shadow Ball",,,"781","781"
"788","Tapu Fini","Tapu-fini","FALSE",,"217",,,,"0/12/14",,,,"20",,,,"1498",,,,"Water Gun, Surf, Nature's Madness",,,"788","788"
"798","Kartana","Kartana","FALSE",,"138",,,,"0/14/14",,,,"15",,,,"1500",,,,"Razor Leaf, Leaf Blade, Night Slash",,,"798","798"
"811","Thwackey","Grookey","FALSE",,"214",,,,"0/14/13",,,,"31.5",,,,"1500",,,,"Razor Leaf, Grass Knot, Energy Ball",,,"810;811;812","811;812"
"812","Rillaboom","Grookey","FALSE",,"211",,,,"0/12/13",,,,"17",,,,"1499",,,,"Razor Leaf, Grass Knot, Earth Power",,,"810;811;812","812"
"817","Drizzile","Sobble","FALSE",,"291",,,,"0/13/14",,,,"30.5",,,,"1493",,,,"Water Gun, Surf, Water Pulse",,,"816;817;818","817;818"
"818","Inteleon","Sobble","FALSE",,"299",,,,"0/13/12",,,,"19",,,,"1498",,,,"Water Gun, Surf, Shadow Ball",,,"816;817;818","818"
"830","Eldegoss","Gossifleur","FALSE",,"178",,,,"0/14/15",,,,"29",,,,"1500",,,,"Bullet Seed, Grass Knot, Energy Ball",,,"829;830","830"
"858","Hatterene","Hatenna","FALSE",,"222",,,,"0/11/14",,,,"20",,,,"1500",,,,"Charm, Psyshock, Power Whip",,,"856;857;858","858"
"907","Floragato","Sprigatito","FALSE",,"230",,,,"0/13/15",,,,"39",,,,"1498",,,,"Leafage, Grass Knot, Play Rough",,,"906;907;908","907;908"
"908","Meowscarada","Sprigatito","FALSE",,"93",,,,"0/13/13",,,,"20",,,,"1500",,,,"Leafage, Night Slash, Frenzy Plant",,,"906;907;908","908"
"913","Quaxwell","Quaxly","FALSE",,"238",,,,"0/15/10",,,,"35.5",,,,"1496",,,,"Water Gun, Aqua Jet, Aerial Ace",,,"912;913;914","913;914"
"914","Quaquaval","Quaxly","FALSE",,"154",,,,"0/15/15",,,,"18.5",,,,"1496",,,,"Wing Attack, Close Combat, Aqua Jet",,,"912;913;914","914"
"927","Dachsbun","Fidough","FALSE",,"82",,,,"0/15/14",,,,"27.5",,,,"1493",,,,"Charm, Psychic Fangs, Body Slam",,,"926;927","927"
"929","Dolliv","Smoliv","FALSE",,"106",,,,"4/14/15",,,,"50",,,,"1498",,,,"Magical Leaf, Earth Power, Trailblaze",,,"928;929;930","929;930"
"930","Arboliva","Smoliv","FALSE",,"145",,,,"0/14/15",,,,"19",,,,"1499",,,,"Magical Leaf, Earth Power, Trailblaze",,,"928;929;930","930"
"958","Tinkatuff","Tinkatink","FALSE",,"19",,,,"0/5/15",,,,"47",,,,"1477",,,,"Fairy Wind, Play Rough, Flash Cannon",,,"957;958;959","958;959"
"959","Tinkaton","Tinkatink","FALSE",,"5",,,,"0/14/14",,,,"22.5",,,,"1497",,,,"Fairy Wind, Play Rough, Heavy Slam",,,"957;958;959","959"
"961","Wugtrio","Wiglett","FALSE",,"265",,,,"0/12/15",,,,"30",,,,"1496",,,,"Mud Slap, Liquidation, Surf",,,"960;961","961"
"1111","Select a Pokemon","Select a Pokemon","FALSE","","","","","","","","","","","","","","","","","","","","","1111","1111"
"1111","Select a Pokemon","Select a Pokemon","TRUE","","","","","","","","","","","","","","","","","","","","","1111","1111"
"1112","Select a Shadow Pokemon","Select a Shadow Pokemon","FALSE","","","","","","","","","","","","","","","","","","","","","1112","1112"
"1112","Select a Shadow Pokemon","Select a Shadow Pokemon","TRUE","","","","","","","","","","","","","","","","","","","","","1112","1112"
